
  .   ____          _            __ _ _
 /\\ / ___'_ __ _ _(_)_ __  __ _ \ \ \ \
( ( )\___ | '_ | '_| | '_ \/ _` | \ \ \ \
 \\/  ___)| |_)| | | | | || (_| |  ) ) ) )
  '  |____| .__|_| |_|_| |_\__, | / / / /
 =========|_|==============|___/=/_/_/_/

 :: Spring Boot ::                (v3.4.5)

2026-05-28T13:06:39.329+05:30  INFO 19408 --- [thundercore-erp] [           main] com.thundercore.erp.ErpApplication       : Starting ErpApplication v0.0.1-SNAPSHOT using Java 25.0.3 with PID 19408 (D:\thunder core project\thunder core project\thundercore-erp\backend\target\erp-0.0.1-SNAPSHOT.jar started by Hruthu in D:\thunder core project\thunder core project\thundercore-erp\backend)
2026-05-28T13:06:39.332+05:30  INFO 19408 --- [thundercore-erp] [           main] com.thundercore.erp.ErpApplication       : The following 1 profile is active: "dev"
2026-05-28T13:06:39.333+05:30 DEBUG 19408 --- [thundercore-erp] [           main] o.s.boot.SpringApplication               : Loading source class com.thundercore.erp.ErpApplication
2026-05-28T13:06:39.399+05:30 DEBUG 19408 --- [thundercore-erp] [           main] ConfigServletWebServerApplicationContext : Refreshing org.springframework.boot.web.servlet.context.AnnotationConfigServletWebServerApplicationContext@3c9c0d96
2026-05-28T13:06:40.875+05:30  INFO 19408 --- [thundercore-erp] [           main] .s.d.r.c.RepositoryConfigurationDelegate : Bootstrapping Spring Data JPA repositories in DEFAULT mode.
2026-05-28T13:06:40.906+05:30 DEBUG 19408 --- [thundercore-erp] [           main] o.s.b.a.AutoConfigurationPackages        : @EnableAutoConfiguration was declared on a class in the package 'com.thundercore.erp'. Automatic @Repository and @Entity scanning is enabled.
2026-05-28T13:06:40.975+05:30  INFO 19408 --- [thundercore-erp] [           main] .s.d.r.c.RepositoryConfigurationDelegate : Finished Spring Data repository scanning in 84 ms. Found 11 JPA repository interfaces.
2026-05-28T13:06:42.146+05:30 DEBUG 19408 --- [thundercore-erp] [           main] .s.b.w.e.t.TomcatServletWebServerFactory : Code archive: D:\thunder core project\thunder core project\thundercore-erp\backend\target\erp-0.0.1-SNAPSHOT.jar
2026-05-28T13:06:42.147+05:30 DEBUG 19408 --- [thundercore-erp] [           main] .s.b.w.e.t.TomcatServletWebServerFactory : Code archive: D:\thunder core project\thunder core project\thundercore-erp\backend\target\erp-0.0.1-SNAPSHOT.jar
2026-05-28T13:06:42.151+05:30 DEBUG 19408 --- [thundercore-erp] [           main] .s.b.w.e.t.TomcatServletWebServerFactory : None of the document roots [src/main/webapp, public, static] point to a directory and will be ignored.
2026-05-28T13:06:42.190+05:30  INFO 19408 --- [thundercore-erp] [           main] o.s.b.w.embedded.tomcat.TomcatWebServer  : Tomcat initialized with port 8080 (http)
2026-05-28T13:06:42.208+05:30  INFO 19408 --- [thundercore-erp] [           main] o.apache.catalina.core.StandardService   : Starting service [Tomcat]
2026-05-28T13:06:42.210+05:30  INFO 19408 --- [thundercore-erp] [           main] o.apache.catalina.core.StandardEngine    : Starting Servlet engine: [Apache Tomcat/10.1.40]
2026-05-28T13:06:42.266+05:30  INFO 19408 --- [thundercore-erp] [           main] o.a.c.c.C.[Tomcat].[localhost].[/]       : Initializing Spring embedded WebApplicationContext
2026-05-28T13:06:42.268+05:30 DEBUG 19408 --- [thundercore-erp] [           main] w.s.c.ServletWebServerApplicationContext : Published root WebApplicationContext as ServletContext attribute with name [org.springframework.web.context.WebApplicationContext.ROOT]
2026-05-28T13:06:42.271+05:30  INFO 19408 --- [thundercore-erp] [           main] w.s.c.ServletWebServerApplicationContext : Root WebApplicationContext: initialization completed in 2871 ms
2026-05-28T13:06:43.226+05:30  INFO 19408 --- [thundercore-erp] [           main] o.hibernate.jpa.internal.util.LogHelper  : HHH000204: Processing PersistenceUnitInfo [name: default]
2026-05-28T13:06:43.353+05:30  INFO 19408 --- [thundercore-erp] [           main] org.hibernate.Version                    : HHH000412: Hibernate ORM core version 6.6.13.Final
2026-05-28T13:06:43.448+05:30  INFO 19408 --- [thundercore-erp] [           main] o.h.c.internal.RegionFactoryInitiator    : HHH000026: Second-level cache disabled
2026-05-28T13:06:43.811+05:30  INFO 19408 --- [thundercore-erp] [           main] o.s.o.j.p.SpringPersistenceUnitInfo      : No LoadTimeWeaver setup: ignoring JPA class transformer
2026-05-28T13:06:43.848+05:30  INFO 19408 --- [thundercore-erp] [           main] com.zaxxer.hikari.HikariDataSource       : HikariPool-1 - Starting...
2026-05-28T13:06:44.133+05:30  INFO 19408 --- [thundercore-erp] [           main] com.zaxxer.hikari.pool.HikariPool        : HikariPool-1 - Added connection conn0: url=jdbc:h2:mem:thundercore_db user=SA
2026-05-28T13:06:44.135+05:30  INFO 19408 --- [thundercore-erp] [           main] com.zaxxer.hikari.HikariDataSource       : HikariPool-1 - Start completed.
2026-05-28T13:06:44.200+05:30  INFO 19408 --- [thundercore-erp] [           main] org.hibernate.orm.connections.pooling    : HHH10001005: Database info:
	Database JDBC URL [Connecting through datasource 'HikariDataSource (HikariPool-1)']
	Database driver: undefined/unknown
	Database version: 2.3.232
	Autocommit mode: undefined/unknown
	Isolation level: undefined/unknown
	Minimum pool size: undefined/unknown
	Maximum pool size: undefined/unknown
2026-05-28T13:06:45.640+05:30  INFO 19408 --- [thundercore-erp] [           main] o.h.e.t.j.p.i.JtaPlatformInitiator       : HHH000489: No JTA platform available (set 'hibernate.transaction.jta.platform' to enable JTA platform integration)
2026-05-28T13:06:45.697+05:30 DEBUG 19408 --- [thundercore-erp] [           main] org.hibernate.SQL                        : 
    create table attendance (
        id bigint generated by default as identity,
        check_in_time time(6),
        check_out_time time(6),
        created_at timestamp(6),
        date date not null,
        status varchar(255) not null,
        employee_id bigint not null,
        primary key (id)
    )
2026-05-28T13:06:45.710+05:30 DEBUG 19408 --- [thundercore-erp] [           main] org.hibernate.SQL                        : 
    create table customers (
        id bigint generated by default as identity,
        address TEXT,
        created_at timestamp(6),
        email varchar(255),
        name varchar(255) not null,
        phone varchar(255),
        tier varchar(50) default 'STANDARD',
        updated_at timestamp(6),
        primary key (id)
    )
2026-05-28T13:06:45.713+05:30 DEBUG 19408 --- [thundercore-erp] [           main] org.hibernate.SQL                        : 
    create table employees (
        id bigint generated by default as identity,
        base_salary numeric(38,2),
        created_at timestamp(6),
        department varchar(255),
        designation varchar(255),
        employee_code varchar(255) not null,
        joining_date date,
        status varchar(50) default 'ACTIVE',
        updated_at timestamp(6),
        user_id bigint,
        primary key (id)
    )
2026-05-28T13:06:45.716+05:30 DEBUG 19408 --- [thundercore-erp] [           main] org.hibernate.SQL                        : 
    create table invoices (
        id bigint generated by default as identity,
        created_at timestamp(6),
        customer_email varchar(255),
        customer_name varchar(255) not null,
        invoice_number varchar(255) not null,
        net_amount numeric(38,2) not null,
        notes TEXT,
        status enum ('CANCELLED','OVERDUE','PAID','PENDING') not null,
        tax_amount numeric(38,2) not null,
        total_amount numeric(38,2) not null,
        updated_at timestamp(6),
        primary key (id)
    )
2026-05-28T13:06:45.721+05:30 DEBUG 19408 --- [thundercore-erp] [           main] org.hibernate.SQL                        : 
    create table leave_requests (
        id bigint generated by default as identity,
        created_at timestamp(6),
        end_date date not null,
        reason TEXT,
        start_date date not null,
        status varchar(255) not null,
        employee_id bigint not null,
        primary key (id)
    )
2026-05-28T13:06:45.724+05:30 DEBUG 19408 --- [thundercore-erp] [           main] org.hibernate.SQL                        : 
    create table notifications (
        id bigint generated by default as identity,
        created_at timestamp(6),
        is_read boolean,
        message TEXT not null,
        title varchar(255) not null,
        user_id bigint not null,
        primary key (id)
    )
2026-05-28T13:06:45.726+05:30 DEBUG 19408 --- [thundercore-erp] [           main] org.hibernate.SQL                        : 
    create table payrolls (
        id bigint generated by default as identity,
        allowances numeric(38,2),
        basic_salary numeric(38,2) not null,
        created_at timestamp(6),
        deductions numeric(38,2),
        payroll_month varchar(255) not null,
        net_salary numeric(38,2) not null,
        status varchar(255) not null,
        payroll_year integer not null,
        employee_id bigint not null,
        primary key (id)
    )
2026-05-28T13:06:45.728+05:30 DEBUG 19408 --- [thundercore-erp] [           main] org.hibernate.SQL                        : 
    create table products (
        id bigint generated by default as identity,
        category varchar(255),
        created_at timestamp(6),
        description varchar(255),
        name varchar(255) not null,
        quantity integer not null check (quantity>=0),
        reorder_threshold integer not null check (reorder_threshold>=0),
        sku varchar(255) not null,
        supplier varchar(255),
        unit_price numeric(38,2) not null,
        updated_at timestamp(6),
        primary key (id)
    )
2026-05-28T13:06:45.731+05:30 DEBUG 19408 --- [thundercore-erp] [           main] org.hibernate.SQL                        : 
    create table sale_orders (
        id bigint generated by default as identity,
        created_at timestamp(6),
        customer_email varchar(255),
        customer_name varchar(255) not null,
        order_number varchar(255) not null,
        quantity integer not null,
        status enum ('CANCELLED','CONFIRMED','DRAFT','FULFILLED') not null,
        total_amount numeric(38,2) not null,
        unit_price numeric(38,2) not null,
        updated_at timestamp(6),
        product_id bigint not null,
        primary key (id)
    )
2026-05-28T13:06:45.733+05:30 DEBUG 19408 --- [thundercore-erp] [           main] org.hibernate.SQL                        : 
    create table stock_movements (
        id bigint generated by default as identity,
        created_at timestamp(6),
        movement_type enum ('ADJUSTMENT','IN','OUT') not null,
        quantity integer not null check (quantity>=1),
        remarks varchar(255),
        product_id bigint not null,
        primary key (id)
    )
2026-05-28T13:06:45.735+05:30 DEBUG 19408 --- [thundercore-erp] [           main] org.hibernate.SQL                        : 
    create table users (
        id bigint generated by default as identity,
        active boolean,
        created_at timestamp(6),
        email varchar(255) not null,
        first_name varchar(255) not null,
        last_name varchar(255) not null,
        password varchar(255) not null,
        role varchar(255) not null,
        updated_at timestamp(6),
        primary key (id)
    )
2026-05-28T13:06:45.738+05:30 DEBUG 19408 --- [thundercore-erp] [           main] org.hibernate.SQL                        : 
    alter table if exists attendance 
       drop constraint if exists UK1pmfeo7o0nrp1m7r33von8gt6
2026-05-28T13:06:45.740+05:30 DEBUG 19408 --- [thundercore-erp] [           main] org.hibernate.SQL                        : 
    alter table if exists attendance 
       add constraint UK1pmfeo7o0nrp1m7r33von8gt6 unique (employee_id, date)
2026-05-28T13:06:45.743+05:30 DEBUG 19408 --- [thundercore-erp] [           main] org.hibernate.SQL                        : 
    alter table if exists customers 
       drop constraint if exists UKrfbvkrffamfql7cjmen8v976v
2026-05-28T13:06:45.744+05:30 DEBUG 19408 --- [thundercore-erp] [           main] org.hibernate.SQL                        : 
    alter table if exists customers 
       add constraint UKrfbvkrffamfql7cjmen8v976v unique (email)
2026-05-28T13:06:45.745+05:30 DEBUG 19408 --- [thundercore-erp] [           main] org.hibernate.SQL                        : 
    alter table if exists employees 
       drop constraint if exists UKetqhw9qqnad1kyjq3ks1glw8x
2026-05-28T13:06:45.746+05:30 DEBUG 19408 --- [thundercore-erp] [           main] org.hibernate.SQL                        : 
    alter table if exists employees 
       add constraint UKetqhw9qqnad1kyjq3ks1glw8x unique (employee_code)
2026-05-28T13:06:45.747+05:30 DEBUG 19408 --- [thundercore-erp] [           main] org.hibernate.SQL                        : 
    alter table if exists employees 
       drop constraint if exists UKj2dmgsma6pont6kf7nic9elpd
2026-05-28T13:06:45.748+05:30 DEBUG 19408 --- [thundercore-erp] [           main] org.hibernate.SQL                        : 
    alter table if exists employees 
       add constraint UKj2dmgsma6pont6kf7nic9elpd unique (user_id)
2026-05-28T13:06:45.749+05:30 DEBUG 19408 --- [thundercore-erp] [           main] org.hibernate.SQL                        : 
    alter table if exists invoices 
       drop constraint if exists UKl1x55mfsay7co0r3m9ynvipd5
2026-05-28T13:06:45.750+05:30 DEBUG 19408 --- [thundercore-erp] [           main] org.hibernate.SQL                        : 
    alter table if exists invoices 
       add constraint UKl1x55mfsay7co0r3m9ynvipd5 unique (invoice_number)
2026-05-28T13:06:45.752+05:30 DEBUG 19408 --- [thundercore-erp] [           main] org.hibernate.SQL                        : 
    alter table if exists products 
       drop constraint if exists UKfhmd06dsmj6k0n90swsh8ie9g
2026-05-28T13:06:45.752+05:30 DEBUG 19408 --- [thundercore-erp] [           main] org.hibernate.SQL                        : 
    alter table if exists products 
       add constraint UKfhmd06dsmj6k0n90swsh8ie9g unique (sku)
2026-05-28T13:06:45.754+05:30 DEBUG 19408 --- [thundercore-erp] [           main] org.hibernate.SQL                        : 
    alter table if exists sale_orders 
       drop constraint if exists UKqr0uuh5qeve4xgjdbbgtdda8g
2026-05-28T13:06:45.755+05:30 DEBUG 19408 --- [thundercore-erp] [           main] org.hibernate.SQL                        : 
    alter table if exists sale_orders 
       add constraint UKqr0uuh5qeve4xgjdbbgtdda8g unique (order_number)
2026-05-28T13:06:45.756+05:30 DEBUG 19408 --- [thundercore-erp] [           main] org.hibernate.SQL                        : 
    alter table if exists users 
       drop constraint if exists UK6dotkott2kjsp8vw4d0m25fb7
2026-05-28T13:06:45.757+05:30 DEBUG 19408 --- [thundercore-erp] [           main] org.hibernate.SQL                        : 
    alter table if exists users 
       add constraint UK6dotkott2kjsp8vw4d0m25fb7 unique (email)
2026-05-28T13:06:45.758+05:30 DEBUG 19408 --- [thundercore-erp] [           main] org.hibernate.SQL                        : 
    alter table if exists attendance 
       add constraint FKb48lmkou5j4rvde9sr88bqgjw 
       foreign key (employee_id) 
       references employees
2026-05-28T13:06:45.765+05:30 DEBUG 19408 --- [thundercore-erp] [           main] org.hibernate.SQL                        : 
    alter table if exists employees 
       add constraint FK69x3vjuy1t5p18a5llb8h2fjx 
       foreign key (user_id) 
       references users
2026-05-28T13:06:45.767+05:30 DEBUG 19408 --- [thundercore-erp] [           main] org.hibernate.SQL                        : 
    alter table if exists leave_requests 
       add constraint FKrxff2xg1kffbjfh5maxwoqyhw 
       foreign key (employee_id) 
       references employees
2026-05-28T13:06:45.769+05:30 DEBUG 19408 --- [thundercore-erp] [           main] org.hibernate.SQL                        : 
    alter table if exists notifications 
       add constraint FK9y21adhxn0ayjhfocscqox7bh 
       foreign key (user_id) 
       references users
2026-05-28T13:06:45.772+05:30 DEBUG 19408 --- [thundercore-erp] [           main] org.hibernate.SQL                        : 
    alter table if exists payrolls 
       add constraint FKiyfp8uysuhgfkod3xcdhjm7qf 
       foreign key (employee_id) 
       references employees
2026-05-28T13:06:45.775+05:30 DEBUG 19408 --- [thundercore-erp] [           main] org.hibernate.SQL                        : 
    alter table if exists sale_orders 
       add constraint FKm5w4g74tc6xdwkwg40bfce7e1 
       foreign key (product_id) 
       references products
2026-05-28T13:06:45.777+05:30 DEBUG 19408 --- [thundercore-erp] [           main] org.hibernate.SQL                        : 
    alter table if exists stock_movements 
       add constraint FKjcaag8ogfjxpwmqypi1wfdaog 
       foreign key (product_id) 
       references products
2026-05-28T13:06:45.781+05:30  INFO 19408 --- [thundercore-erp] [           main] j.LocalContainerEntityManagerFactoryBean : Initialized JPA EntityManagerFactory for persistence unit 'default'
2026-05-28T13:06:46.475+05:30 DEBUG 19408 --- [thundercore-erp] [           main] o.s.b.w.s.ServletContextInitializerBeans : Mapping filters: webMvcObservationFilter urls=[/*] order=-2147483647, springSecurityFilterChain urls=[/*] order=-100, characterEncodingFilter urls=[/*] order=-2147483648, formContentFilter urls=[/*] order=-9900, requestContextFilter urls=[/*] order=-105, jwtFilter urls=[/*] order=2147483647
2026-05-28T13:06:46.476+05:30 DEBUG 19408 --- [thundercore-erp] [           main] o.s.b.w.s.ServletContextInitializerBeans : Mapping servlets: dispatcherServlet urls=[/], h2Console urls=[/h2-console/*]
2026-05-28T13:06:46.514+05:30 DEBUG 19408 --- [thundercore-erp] [           main] o.s.b.w.s.f.OrderedRequestContextFilter  : Filter 'requestContextFilter' configured for use
2026-05-28T13:06:46.519+05:30 DEBUG 19408 --- [thundercore-erp] [           main] o.s.w.f.ServerHttpObservationFilter      : Filter 'webMvcObservationFilter' configured for use
2026-05-28T13:06:46.520+05:30 DEBUG 19408 --- [thundercore-erp] [           main] s.b.w.s.f.OrderedCharacterEncodingFilter : Filter 'characterEncodingFilter' configured for use
2026-05-28T13:06:46.521+05:30 DEBUG 19408 --- [thundercore-erp] [           main] .DelegatingFilterProxyRegistrationBean$1 : Filter 'springSecurityFilterChain' configured for use
2026-05-28T13:06:46.522+05:30 DEBUG 19408 --- [thundercore-erp] [           main] o.s.b.w.s.f.OrderedFormContentFilter     : Filter 'formContentFilter' configured for use
2026-05-28T13:06:46.902+05:30  INFO 19408 --- [thundercore-erp] [           main] o.s.d.j.r.query.QueryEnhancerFactory     : Hibernate is in classpath; If applicable, HQL parser will be used.
2026-05-28T13:06:49.353+05:30 DEBUG 19408 --- [thundercore-erp] [           main] o.s.w.s.s.s.WebSocketHandlerMapping      : Patterns [/ws/**] in 'stompWebSocketHandlerMapping'
2026-05-28T13:06:49.575+05:30 DEBUG 19408 --- [thundercore-erp] [           main] s.w.s.m.m.a.RequestMappingHandlerMapping : 53 mappings in 'requestMappingHandlerMapping'
2026-05-28T13:06:49.725+05:30 DEBUG 19408 --- [thundercore-erp] [           main] o.s.w.s.handler.SimpleUrlHandlerMapping  : Patterns [/webjars/**, /**, /swagger-ui*/*swagger-initializer.js, /swagger-ui*/**] in 'resourceHandlerMapping'
2026-05-28T13:06:50.032+05:30  INFO 19408 --- [thundercore-erp] [           main] o.s.b.a.e.web.EndpointLinksResolver      : Exposing 2 endpoints beneath base path '/actuator'
2026-05-28T13:06:50.451+05:30 DEBUG 19408 --- [thundercore-erp] [           main] .WebSocketAnnotationMethodMessageHandler : 
	c.t.e.a.c.AuthController:
	
2026-05-28T13:06:50.454+05:30 DEBUG 19408 --- [thundercore-erp] [           main] .WebSocketAnnotationMethodMessageHandler : 
	c.t.e.d.c.DashboardController:
	
2026-05-28T13:06:50.455+05:30 DEBUG 19408 --- [thundercore-erp] [           main] .WebSocketAnnotationMethodMessageHandler : 
	c.t.e.f.c.InvoiceController:
	
2026-05-28T13:06:50.455+05:30 DEBUG 19408 --- [thundercore-erp] [           main] .WebSocketAnnotationMethodMessageHandler : 
	c.t.e.h.c.EmployeeController:
	
2026-05-28T13:06:50.458+05:30 DEBUG 19408 --- [thundercore-erp] [           main] .WebSocketAnnotationMethodMessageHandler : 
	c.t.e.h.c.HrWorkflowController:
	
2026-05-28T13:06:50.459+05:30 DEBUG 19408 --- [thundercore-erp] [           main] .WebSocketAnnotationMethodMessageHandler : 
	c.t.e.i.c.ProductController:
	
2026-05-28T13:06:50.460+05:30 DEBUG 19408 --- [thundercore-erp] [           main] .WebSocketAnnotationMethodMessageHandler : 
	c.t.e.n.c.NotificationController:
	
2026-05-28T13:06:50.461+05:30 DEBUG 19408 --- [thundercore-erp] [           main] .WebSocketAnnotationMethodMessageHandler : 
	c.t.e.r.c.ReportController:
	
2026-05-28T13:06:50.462+05:30 DEBUG 19408 --- [thundercore-erp] [           main] .WebSocketAnnotationMethodMessageHandler : 
	c.t.e.s.c.CustomerController:
	
2026-05-28T13:06:50.463+05:30 DEBUG 19408 --- [thundercore-erp] [           main] .WebSocketAnnotationMethodMessageHandler : 
	c.t.e.s.c.SaleOrderController:
	
2026-05-28T13:06:50.465+05:30 DEBUG 19408 --- [thundercore-erp] [           main] .WebSocketAnnotationMethodMessageHandler : 
	o.s.b.a.w.s.e.BasicErrorController:
	
2026-05-28T13:06:50.468+05:30 DEBUG 19408 --- [thundercore-erp] [           main] .WebSocketAnnotationMethodMessageHandler : 
	o.s.w.a.OpenApiWebMvcResource:
	
2026-05-28T13:06:50.469+05:30 DEBUG 19408 --- [thundercore-erp] [           main] .WebSocketAnnotationMethodMessageHandler : 
	o.s.w.u.SwaggerWelcomeWebMvc:
	
2026-05-28T13:06:50.470+05:30 DEBUG 19408 --- [thundercore-erp] [           main] .WebSocketAnnotationMethodMessageHandler : 
	o.s.w.u.SwaggerConfigResource:
	
2026-05-28T13:06:50.601+05:30 DEBUG 19408 --- [thundercore-erp] [           main] s.w.s.m.m.a.RequestMappingHandlerAdapter : ControllerAdvice beans: 0 @ModelAttribute, 0 @InitBinder, 1 RequestBodyAdvice, 1 ResponseBodyAdvice
2026-05-28T13:06:50.682+05:30 DEBUG 19408 --- [thundercore-erp] [           main] .m.m.a.ExceptionHandlerExceptionResolver : ControllerAdvice beans: 2 @ExceptionHandler, 1 ResponseBodyAdvice
2026-05-28T13:06:51.029+05:30  INFO 19408 --- [thundercore-erp] [           main] o.s.b.a.h2.H2ConsoleAutoConfiguration    : H2 console available at '/h2-console'. Database available at 'jdbc:h2:mem:thundercore_db'
2026-05-28T13:06:51.221+05:30 DEBUG 19408 --- [thundercore-erp] [           main] org.springframework.web.SimpLogging      : clientOutboundChannel added SubProtocolWebSocketHandler[StompSubProtocolHandler[v10.stomp, v11.stomp, v12.stomp]]
2026-05-28T13:06:51.223+05:30 DEBUG 19408 --- [thundercore-erp] [           main] org.springframework.web.SimpLogging      : clientInboundChannel added WebSocketAnnotationMethodMessageHandler[prefixes=[/app/]]
2026-05-28T13:06:51.224+05:30  INFO 19408 --- [thundercore-erp] [           main] o.s.m.s.b.SimpleBrokerMessageHandler     : Starting...
2026-05-28T13:06:51.226+05:30 DEBUG 19408 --- [thundercore-erp] [           main] org.springframework.web.SimpLogging      : clientInboundChannel added SimpleBrokerMessageHandler [org.springframework.messaging.simp.broker.DefaultSubscriptionRegistry@4e01cba8]
2026-05-28T13:06:51.227+05:30 DEBUG 19408 --- [thundercore-erp] [           main] org.springframework.web.SimpLogging      : brokerChannel added SimpleBrokerMessageHandler [org.springframework.messaging.simp.broker.DefaultSubscriptionRegistry@4e01cba8]
2026-05-28T13:06:51.229+05:30  INFO 19408 --- [thundercore-erp] [           main] o.s.m.s.b.SimpleBrokerMessageHandler     : BrokerAvailabilityEvent[available=true, SimpleBrokerMessageHandler [org.springframework.messaging.simp.broker.DefaultSubscriptionRegistry@4e01cba8]]
2026-05-28T13:06:51.232+05:30  INFO 19408 --- [thundercore-erp] [           main] o.s.m.s.b.SimpleBrokerMessageHandler     : Started.
2026-05-28T13:06:51.235+05:30 DEBUG 19408 --- [thundercore-erp] [           main] org.springframework.web.SimpLogging      : clientInboundChannel added UserDestinationMessageHandler[DefaultUserDestinationResolver[prefix=/user/]]
2026-05-28T13:06:51.236+05:30 DEBUG 19408 --- [thundercore-erp] [           main] org.springframework.web.SimpLogging      : brokerChannel added UserDestinationMessageHandler[DefaultUserDestinationResolver[prefix=/user/]]
2026-05-28T13:06:51.296+05:30  INFO 19408 --- [thundercore-erp] [           main] o.s.b.w.embedded.tomcat.TomcatWebServer  : Tomcat started on port 8080 (http) with context path '/'
2026-05-28T13:06:51.332+05:30 DEBUG 19408 --- [thundercore-erp] [           main] .s.b.a.l.ConditionEvaluationReportLogger : 


============================
CONDITIONS EVALUATION REPORT
============================


Positive matches:
-----------------

   AopAutoConfiguration matched:
      - @ConditionalOnProperty (spring.aop.auto=true) matched (OnPropertyCondition)

   AopAutoConfiguration.AspectJAutoProxyingConfiguration matched:
      - @ConditionalOnClass found required class 'org.aspectj.weaver.Advice' (OnClassCondition)

   AopAutoConfiguration.AspectJAutoProxyingConfiguration.CglibAutoProxyConfiguration matched:
      - @ConditionalOnProperty (spring.aop.proxy-target-class=true) matched (OnPropertyCondition)

   ApplicationAvailabilityAutoConfiguration#applicationAvailability matched:
      - @ConditionalOnMissingBean (types: org.springframework.boot.availability.ApplicationAvailability; SearchStrategy: all) did not find any beans (OnBeanCondition)

   CacheMeterBinderProvidersConfiguration matched:
      - @ConditionalOnClass found required class 'io.micrometer.core.instrument.binder.MeterBinder' (OnClassCondition)

   CompositeMeterRegistryAutoConfiguration matched:
      - @ConditionalOnClass found required class 'io.micrometer.core.instrument.composite.CompositeMeterRegistry' (OnClassCondition)

   DataSourceAutoConfiguration matched:
      - @ConditionalOnClass found required classes 'javax.sql.DataSource', 'org.springframework.jdbc.datasource.embedded.EmbeddedDatabaseType' (OnClassCondition)
      - @ConditionalOnMissingBean (types: io.r2dbc.spi.ConnectionFactory; SearchStrategy: all) did not find any beans (OnBeanCondition)

   DataSourceAutoConfiguration.PooledDataSourceConfiguration matched:
      - AnyNestedCondition 1 matched 1 did not; NestedCondition on DataSourceAutoConfiguration.PooledDataSourceCondition.PooledDataSourceAvailable PooledDataSource found supported DataSource; NestedCondition on DataSourceAutoConfiguration.PooledDataSourceCondition.ExplicitType @ConditionalOnProperty (spring.datasource.type) did not find property 'type' (DataSourceAutoConfiguration.PooledDataSourceCondition)
      - @ConditionalOnMissingBean (types: javax.sql.DataSource,javax.sql.XADataSource; SearchStrategy: all) did not find any beans (OnBeanCondition)

   DataSourceAutoConfiguration.PooledDataSourceConfiguration#jdbcConnectionDetails matched:
      - @ConditionalOnMissingBean (types: org.springframework.boot.autoconfigure.jdbc.JdbcConnectionDetails; SearchStrategy: all) did not find any beans (OnBeanCondition)

   DataSourceConfiguration.Hikari matched:
      - @ConditionalOnClass found required class 'com.zaxxer.hikari.HikariDataSource' (OnClassCondition)
      - @ConditionalOnProperty (spring.datasource.type=com.zaxxer.hikari.HikariDataSource) matched (OnPropertyCondition)
      - @ConditionalOnMissingBean (types: javax.sql.DataSource; SearchStrategy: all) did not find any beans (OnBeanCondition)

   DataSourceHealthContributorAutoConfiguration matched:
      - @ConditionalOnClass found required classes 'org.springframework.jdbc.core.JdbcTemplate', 'org.springframework.jdbc.datasource.lookup.AbstractRoutingDataSource' (OnClassCondition)
      - @ConditionalOnEnabledHealthIndicator management.health.defaults.enabled is considered true (OnEnabledHealthIndicatorCondition)
      - @ConditionalOnBean (types: javax.sql.DataSource; SearchStrategy: all) found bean 'dataSource' (OnBeanCondition)

   DataSourceHealthContributorAutoConfiguration#dbHealthContributor matched:
      - @ConditionalOnMissingBean (names: dbHealthIndicator,dbHealthContributor; SearchStrategy: all) did not find any beans (OnBeanCondition)

   DataSourceInitializationConfiguration matched:
      - @ConditionalOnClass found required class 'org.springframework.jdbc.datasource.init.DatabasePopulator' (OnClassCondition)
      - @ConditionalOnSingleCandidate (types: javax.sql.DataSource; SearchStrategy: all) found a single bean 'dataSource'; @ConditionalOnMissingBean (types: org.springframework.boot.autoconfigure.sql.init.SqlDataSourceScriptDatabaseInitializer,org.springframework.boot.autoconfigure.sql.init.SqlR2dbcScriptDatabaseInitializer; SearchStrategy: all) did not find any beans (OnBeanCondition)

   DataSourceJmxConfiguration matched:
      - @ConditionalOnProperty (spring.jmx.enabled=true) matched (OnPropertyCondition)

   DataSourceJmxConfiguration.Hikari matched:
      - @ConditionalOnClass found required class 'com.zaxxer.hikari.HikariDataSource' (OnClassCondition)
      - @ConditionalOnSingleCandidate (types: javax.sql.DataSource; SearchStrategy: all) found a single bean 'dataSource' (OnBeanCondition)

   DataSourcePoolMetadataProvidersConfiguration.HikariPoolDataSourceMetadataProviderConfiguration matched:
      - @ConditionalOnClass found required class 'com.zaxxer.hikari.HikariDataSource' (OnClassCondition)

   DataSourcePoolMetricsAutoConfiguration matched:
      - @ConditionalOnClass found required classes 'javax.sql.DataSource', 'io.micrometer.core.instrument.MeterRegistry' (OnClassCondition)
      - @ConditionalOnBean (types: javax.sql.DataSource,io.micrometer.core.instrument.MeterRegistry; SearchStrategy: all) found beans 'simpleMeterRegistry', 'dataSource' (OnBeanCondition)

   DataSourcePoolMetricsAutoConfiguration.DataSourcePoolMetadataMetricsConfiguration matched:
      - @ConditionalOnBean (types: org.springframework.boot.jdbc.metadata.DataSourcePoolMetadataProvider; SearchStrategy: all) found bean 'hikariPoolDataSourceMetadataProvider' (OnBeanCondition)

   DataSourcePoolMetricsAutoConfiguration.HikariDataSourceMetricsConfiguration matched:
      - @ConditionalOnClass found required class 'com.zaxxer.hikari.HikariDataSource' (OnClassCondition)

   DataSourceTransactionManagerAutoConfiguration matched:
      - @ConditionalOnClass found required classes 'javax.sql.DataSource', 'org.springframework.jdbc.core.JdbcTemplate', 'org.springframework.transaction.TransactionManager' (OnClassCondition)

   DataSourceTransactionManagerAutoConfiguration.JdbcTransactionManagerConfiguration matched:
      - @ConditionalOnSingleCandidate (types: javax.sql.DataSource; SearchStrategy: all) found a single bean 'dataSource' (OnBeanCondition)

   DiskSpaceHealthContributorAutoConfiguration matched:
      - @ConditionalOnEnabledHealthIndicator management.health.defaults.enabled is considered true (OnEnabledHealthIndicatorCondition)

   DiskSpaceHealthContributorAutoConfiguration#diskSpaceHealthIndicator matched:
      - @ConditionalOnMissingBean (names: diskSpaceHealthIndicator; SearchStrategy: all) did not find any beans (OnBeanCondition)

   DispatcherServletAutoConfiguration matched:
      - @ConditionalOnClass found required class 'org.springframework.web.servlet.DispatcherServlet' (OnClassCondition)
      - found 'session' scope (OnWebApplicationCondition)

   DispatcherServletAutoConfiguration.DispatcherServletConfiguration matched:
      - @ConditionalOnClass found required class 'jakarta.servlet.ServletRegistration' (OnClassCondition)
      - Default DispatcherServlet did not find dispatcher servlet beans (DispatcherServletAutoConfiguration.DefaultDispatcherServletCondition)

   DispatcherServletAutoConfiguration.DispatcherServletRegistrationConfiguration matched:
      - @ConditionalOnClass found required class 'jakarta.servlet.ServletRegistration' (OnClassCondition)
      - DispatcherServlet Registration did not find servlet registration bean (DispatcherServletAutoConfiguration.DispatcherServletRegistrationCondition)

   DispatcherServletAutoConfiguration.DispatcherServletRegistrationConfiguration#dispatcherServletRegistration matched:
      - @ConditionalOnBean (names: dispatcherServlet types: org.springframework.web.servlet.DispatcherServlet; SearchStrategy: all) found bean 'dispatcherServlet' (OnBeanCondition)

   EmbeddedWebServerFactoryCustomizerAutoConfiguration matched:
      - @ConditionalOnWebApplication (required) found 'session' scope (OnWebApplicationCondition)
      - @ConditionalOnWarDeployment the application is not deployed as a WAR file. (OnWarDeploymentCondition)

   EmbeddedWebServerFactoryCustomizerAutoConfiguration.TomcatWebServerFactoryCustomizerConfiguration matched:
      - @ConditionalOnClass found required classes 'org.apache.catalina.startup.Tomcat', 'org.apache.coyote.UpgradeProtocol' (OnClassCondition)

   EndpointAutoConfiguration#endpointCachingOperationInvokerAdvisor matched:
      - @ConditionalOnMissingBean (types: org.springframework.boot.actuate.endpoint.invoker.cache.CachingOperationInvokerAdvisor; SearchStrategy: all) did not find any beans (OnBeanCondition)

   EndpointAutoConfiguration#endpointOperationParameterMapper matched:
      - @ConditionalOnMissingBean (types: org.springframework.boot.actuate.endpoint.invoke.ParameterValueMapper; SearchStrategy: all) did not find any beans (OnBeanCondition)

   EndpointAutoConfiguration#propertiesEndpointAccessResolver matched:
      - @ConditionalOnMissingBean (types: org.springframework.boot.actuate.endpoint.EndpointAccessResolver; SearchStrategy: all) did not find any beans (OnBeanCondition)

   ErrorMvcAutoConfiguration matched:
      - @ConditionalOnClass found required classes 'jakarta.servlet.Servlet', 'org.springframework.web.servlet.DispatcherServlet' (OnClassCondition)
      - found 'session' scope (OnWebApplicationCondition)

   ErrorMvcAutoConfiguration#basicErrorController matched:
      - @ConditionalOnMissingBean (types: org.springframework.boot.web.servlet.error.ErrorController; SearchStrategy: current) did not find any beans (OnBeanCondition)

   ErrorMvcAutoConfiguration#errorAttributes matched:
      - @ConditionalOnMissingBean (types: org.springframework.boot.web.servlet.error.ErrorAttributes; SearchStrategy: current) did not find any beans (OnBeanCondition)

   ErrorMvcAutoConfiguration.DefaultErrorViewResolverConfiguration#conventionErrorViewResolver matched:
      - @ConditionalOnBean (types: org.springframework.web.servlet.DispatcherServlet; SearchStrategy: all) found bean 'dispatcherServlet'; @ConditionalOnMissingBean (types: org.springframework.boot.autoconfigure.web.servlet.error.ErrorViewResolver; SearchStrategy: all) did not find any beans (OnBeanCondition)

   ErrorMvcAutoConfiguration.WhitelabelErrorViewConfiguration matched:
      - @ConditionalOnProperty (server.error.whitelabel.enabled) matched (OnPropertyCondition)
      - ErrorTemplate Missing did not find error template view (ErrorMvcAutoConfiguration.ErrorTemplateMissingCondition)

   ErrorMvcAutoConfiguration.WhitelabelErrorViewConfiguration#beanNameViewResolver matched:
      - @ConditionalOnMissingBean (types: org.springframework.web.servlet.view.BeanNameViewResolver; SearchStrategy: all) did not find any beans (OnBeanCondition)

   ErrorMvcAutoConfiguration.WhitelabelErrorViewConfiguration#defaultErrorView matched:
      - @ConditionalOnMissingBean (names: error; SearchStrategy: all) did not find any beans (OnBeanCondition)

   GenericCacheConfiguration matched:
      - Cache org.springframework.boot.autoconfigure.cache.GenericCacheConfiguration automatic cache type (CacheCondition)

   H2ConsoleAutoConfiguration matched:
      - @ConditionalOnClass found required class 'org.h2.server.web.JakartaWebServlet' (OnClassCondition)
      - found 'session' scope (OnWebApplicationCondition)
      - @ConditionalOnProperty (spring.h2.console.enabled=true) matched (OnPropertyCondition)

   HealthContributorAutoConfiguration#pingHealthContributor matched:
      - @ConditionalOnEnabledHealthIndicator management.health.defaults.enabled is considered true (OnEnabledHealthIndicatorCondition)

   HealthEndpointAutoConfiguration matched:
      - @ConditionalOnAvailableEndpoint marked as exposed by a 'management.endpoints.web.exposure' property (OnAvailableEndpointCondition)

   HealthEndpointConfiguration#healthContributorRegistry matched:
      - @ConditionalOnMissingBean (types: org.springframework.boot.actuate.health.HealthContributorRegistry; SearchStrategy: all) did not find any beans (OnBeanCondition)

   HealthEndpointConfiguration#healthEndpoint matched:
      - @ConditionalOnMissingBean (types: org.springframework.boot.actuate.health.HealthEndpoint; SearchStrategy: all) did not find any beans (OnBeanCondition)

   HealthEndpointConfiguration#healthEndpointGroupMembershipValidator matched:
      - @ConditionalOnProperty (management.endpoint.health.validate-group-membership=true) matched (OnPropertyCondition)

   HealthEndpointConfiguration#healthEndpointGroups matched:
      - @ConditionalOnMissingBean (types: org.springframework.boot.actuate.health.HealthEndpointGroups; SearchStrategy: all) did not find any beans (OnBeanCondition)

   HealthEndpointConfiguration#healthHttpCodeStatusMapper matched:
      - @ConditionalOnMissingBean (types: org.springframework.boot.actuate.health.HttpCodeStatusMapper; SearchStrategy: all) did not find any beans (OnBeanCondition)

   HealthEndpointConfiguration#healthStatusAggregator matched:
      - @ConditionalOnMissingBean (types: org.springframework.boot.actuate.health.StatusAggregator; SearchStrategy: all) did not find any beans (OnBeanCondition)

   HealthEndpointWebExtensionConfiguration matched:
      - found 'session' scope (OnWebApplicationCondition)
      - @ConditionalOnAvailableEndpoint marked as exposed by a 'management.endpoints.web.exposure' property (OnAvailableEndpointCondition)
      - @ConditionalOnBean (types: org.springframework.boot.actuate.health.HealthEndpoint; SearchStrategy: all) found bean 'healthEndpoint' (OnBeanCondition)

   HealthEndpointWebExtensionConfiguration#healthEndpointWebExtension matched:
      - @ConditionalOnMissingBean (types: org.springframework.boot.actuate.health.HealthEndpointWebExtension; SearchStrategy: all) did not find any beans (OnBeanCondition)

   HealthEndpointWebExtensionConfiguration.MvcAdditionalHealthEndpointPathsConfiguration matched:
      - @ConditionalOnBean (types: org.springframework.web.servlet.DispatcherServlet; SearchStrategy: all) found bean 'dispatcherServlet' (OnBeanCondition)

   HibernateJpaAutoConfiguration matched:
      - @ConditionalOnClass found required classes 'org.springframework.orm.jpa.LocalContainerEntityManagerFactoryBean', 'jakarta.persistence.EntityManager', 'org.hibernate.engine.spi.SessionImplementor' (OnClassCondition)

   HibernateJpaConfiguration matched:
      - @ConditionalOnSingleCandidate (types: javax.sql.DataSource; SearchStrategy: all) found a single bean 'dataSource' (OnBeanCondition)

   HttpClientAutoConfiguration matched:
      - @ConditionalOnClass found required class 'org.springframework.http.client.ClientHttpRequestFactory' (OnClassCondition)
      - NoneNestedConditions 0 matched 1 did not; NestedCondition on NotReactiveWebApplicationCondition.ReactiveWebApplication did not find reactive web application classes (NotReactiveWebApplicationCondition)

   HttpClientAutoConfiguration#clientHttpRequestFactoryBuilder matched:
      - @ConditionalOnMissingBean (types: org.springframework.boot.http.client.ClientHttpRequestFactoryBuilder; SearchStrategy: all) did not find any beans (OnBeanCondition)

   HttpClientAutoConfiguration#clientHttpRequestFactorySettings matched:
      - @ConditionalOnMissingBean (types: org.springframework.boot.http.client.ClientHttpRequestFactorySettings; SearchStrategy: all) did not find any beans (OnBeanCondition)

   HttpClientObservationsAutoConfiguration matched:
      - @ConditionalOnClass found required class 'io.micrometer.observation.Observation' (OnClassCondition)
      - @ConditionalOnBean (types: io.micrometer.observation.ObservationRegistry; SearchStrategy: all) found bean 'observationRegistry' (OnBeanCondition)

   HttpClientObservationsAutoConfiguration.MeterFilterConfiguration matched:
      - @ConditionalOnClass found required class 'io.micrometer.core.instrument.MeterRegistry' (OnClassCondition)
      - @ConditionalOnBean (types: io.micrometer.core.instrument.MeterRegistry; SearchStrategy: all) found bean 'simpleMeterRegistry' (OnBeanCondition)

   HttpEncodingAutoConfiguration matched:
      - @ConditionalOnClass found required class 'org.springframework.web.filter.CharacterEncodingFilter' (OnClassCondition)
      - found 'session' scope (OnWebApplicationCondition)
      - @ConditionalOnProperty (server.servlet.encoding.enabled) matched (OnPropertyCondition)

   HttpEncodingAutoConfiguration#characterEncodingFilter matched:
      - @ConditionalOnMissingBean (types: org.springframework.web.filter.CharacterEncodingFilter; SearchStrategy: all) did not find any beans (OnBeanCondition)

   HttpMessageConvertersAutoConfiguration matched:
      - @ConditionalOnClass found required class 'org.springframework.http.converter.HttpMessageConverter' (OnClassCondition)
      - NoneNestedConditions 0 matched 1 did not; NestedCondition on HttpMessageConvertersAutoConfiguration.NotReactiveWebApplicationCondition.ReactiveWebApplication did not find reactive web application classes (HttpMessageConvertersAutoConfiguration.NotReactiveWebApplicationCondition)

   HttpMessageConvertersAutoConfiguration#messageConverters matched:
      - @ConditionalOnMissingBean (types: org.springframework.boot.autoconfigure.http.HttpMessageConverters; SearchStrategy: all) did not find any beans (OnBeanCondition)

   HttpMessageConvertersAutoConfiguration.StringHttpMessageConverterConfiguration matched:
      - @ConditionalOnClass found required class 'org.springframework.http.converter.StringHttpMessageConverter' (OnClassCondition)

   HttpMessageConvertersAutoConfiguration.StringHttpMessageConverterConfiguration#stringHttpMessageConverter matched:
      - @ConditionalOnMissingBean (types: org.springframework.http.converter.StringHttpMessageConverter; SearchStrategy: all) did not find any beans (OnBeanCondition)

   InfoEndpointAutoConfiguration matched:
      - @ConditionalOnAvailableEndpoint marked as exposed by a 'management.endpoints.web.exposure' property (OnAvailableEndpointCondition)

   InfoEndpointAutoConfiguration#infoEndpoint matched:
      - @ConditionalOnMissingBean (types: org.springframework.boot.actuate.info.InfoEndpoint; SearchStrategy: all) did not find any beans (OnBeanCondition)

   JacksonAutoConfiguration matched:
      - @ConditionalOnClass found required class 'com.fasterxml.jackson.databind.ObjectMapper' (OnClassCondition)

   JacksonAutoConfiguration.Jackson2ObjectMapperBuilderCustomizerConfiguration matched:
      - @ConditionalOnClass found required class 'org.springframework.http.converter.json.Jackson2ObjectMapperBuilder' (OnClassCondition)

   JacksonAutoConfiguration.JacksonObjectMapperBuilderConfiguration matched:
      - @ConditionalOnClass found required class 'org.springframework.http.converter.json.Jackson2ObjectMapperBuilder' (OnClassCondition)

   JacksonAutoConfiguration.JacksonObjectMapperBuilderConfiguration#jacksonObjectMapperBuilder matched:
      - @ConditionalOnMissingBean (types: org.springframework.http.converter.json.Jackson2ObjectMapperBuilder; SearchStrategy: all) did not find any beans (OnBeanCondition)

   JacksonAutoConfiguration.JacksonObjectMapperConfiguration matched:
      - @ConditionalOnClass found required class 'org.springframework.http.converter.json.Jackson2ObjectMapperBuilder' (OnClassCondition)

   JacksonAutoConfiguration.JacksonObjectMapperConfiguration#jacksonObjectMapper matched:
      - @ConditionalOnMissingBean (types: com.fasterxml.jackson.databind.ObjectMapper; SearchStrategy: all) did not find any beans (OnBeanCondition)

   JacksonAutoConfiguration.ParameterNamesModuleConfiguration matched:
      - @ConditionalOnClass found required class 'com.fasterxml.jackson.module.paramnames.ParameterNamesModule' (OnClassCondition)

   JacksonAutoConfiguration.ParameterNamesModuleConfiguration#parameterNamesModule matched:
      - @ConditionalOnMissingBean (types: com.fasterxml.jackson.module.paramnames.ParameterNamesModule; SearchStrategy: all) did not find any beans (OnBeanCondition)

   JacksonEndpointAutoConfiguration#endpointObjectMapper matched:
      - @ConditionalOnClass found required classes 'com.fasterxml.jackson.databind.ObjectMapper', 'org.springframework.http.converter.json.Jackson2ObjectMapperBuilder' (OnClassCondition)
      - @ConditionalOnProperty (management.endpoints.jackson.isolated-object-mapper) matched (OnPropertyCondition)

   JacksonHttpMessageConvertersConfiguration.MappingJackson2HttpMessageConverterConfiguration matched:
      - @ConditionalOnClass found required class 'com.fasterxml.jackson.databind.ObjectMapper' (OnClassCondition)
      - @ConditionalOnProperty (spring.mvc.converters.preferred-json-mapper=jackson) matched (OnPropertyCondition)
      - @ConditionalOnBean (types: com.fasterxml.jackson.databind.ObjectMapper; SearchStrategy: all) found bean 'jacksonObjectMapper' (OnBeanCondition)

   JacksonHttpMessageConvertersConfiguration.MappingJackson2HttpMessageConverterConfiguration#mappingJackson2HttpMessageConverter matched:
      - @ConditionalOnMissingBean (types: org.springframework.http.converter.json.MappingJackson2HttpMessageConverter ignored: org.springframework.hateoas.server.mvc.TypeConstrainedMappingJackson2HttpMessageConverter,org.springframework.data.rest.webmvc.alps.AlpsJsonHttpMessageConverter; SearchStrategy: all) did not find any beans (OnBeanCondition)

   JdbcClientAutoConfiguration matched:
      - @ConditionalOnSingleCandidate (types: org.springframework.jdbc.core.namedparam.NamedParameterJdbcTemplate; SearchStrategy: all) found a single bean 'namedParameterJdbcTemplate'; @ConditionalOnMissingBean (types: org.springframework.jdbc.core.simple.JdbcClient; SearchStrategy: all) did not find any beans (OnBeanCondition)

   JdbcTemplateAutoConfiguration matched:
      - @ConditionalOnClass found required classes 'javax.sql.DataSource', 'org.springframework.jdbc.core.JdbcTemplate' (OnClassCondition)
      - @ConditionalOnSingleCandidate (types: javax.sql.DataSource; SearchStrategy: all) found a single bean 'dataSource' (OnBeanCondition)

   JdbcTemplateConfiguration matched:
      - @ConditionalOnMissingBean (types: org.springframework.jdbc.core.JdbcOperations; SearchStrategy: all) did not find any beans (OnBeanCondition)

   JpaBaseConfiguration#entityManagerFactory matched:
      - @ConditionalOnMissingBean (types: org.springframework.orm.jpa.LocalContainerEntityManagerFactoryBean,jakarta.persistence.EntityManagerFactory; SearchStrategy: all) did not find any beans (OnBeanCondition)

   JpaBaseConfiguration#entityManagerFactoryBuilder matched:
      - @ConditionalOnMissingBean (types: org.springframework.boot.orm.jpa.EntityManagerFactoryBuilder; SearchStrategy: all) did not find any beans (OnBeanCondition)

   JpaBaseConfiguration#jpaVendorAdapter matched:
      - @ConditionalOnMissingBean (types: org.springframework.orm.jpa.JpaVendorAdapter; SearchStrategy: all) did not find any beans (OnBeanCondition)

   JpaBaseConfiguration#transactionManager matched:
      - @ConditionalOnMissingBean (types: org.springframework.transaction.TransactionManager; SearchStrategy: all) did not find any beans (OnBeanCondition)

   JpaBaseConfiguration.PersistenceManagedTypesConfiguration matched:
      - @ConditionalOnMissingBean (types: org.springframework.orm.jpa.LocalContainerEntityManagerFactoryBean,jakarta.persistence.EntityManagerFactory; SearchStrategy: all) did not find any beans (OnBeanCondition)

   JpaBaseConfiguration.PersistenceManagedTypesConfiguration#persistenceManagedTypes matched:
      - @ConditionalOnMissingBean (types: org.springframework.orm.jpa.persistenceunit.PersistenceManagedTypes; SearchStrategy: all) did not find any beans (OnBeanCondition)

   JpaRepositoriesAutoConfiguration matched:
      - @ConditionalOnClass found required class 'org.springframework.data.jpa.repository.JpaRepository' (OnClassCondition)
      - @ConditionalOnProperty (spring.data.jpa.repositories.enabled=true) matched (OnPropertyCondition)
      - @ConditionalOnBean (types: javax.sql.DataSource; SearchStrategy: all) found bean 'dataSource'; @ConditionalOnMissingBean (types: org.springframework.data.jpa.repository.support.JpaRepositoryFactoryBean,org.springframework.data.jpa.repository.config.JpaRepositoryConfigExtension; SearchStrategy: all) did not find any beans (OnBeanCondition)

   JtaAutoConfiguration matched:
      - @ConditionalOnClass found required class 'jakarta.transaction.Transaction' (OnClassCondition)
      - @ConditionalOnProperty (spring.jta.enabled) matched (OnPropertyCondition)

   JvmMetricsAutoConfiguration matched:
      - @ConditionalOnClass found required class 'io.micrometer.core.instrument.MeterRegistry' (OnClassCondition)
      - @ConditionalOnBean (types: io.micrometer.core.instrument.MeterRegistry; SearchStrategy: all) found bean 'simpleMeterRegistry' (OnBeanCondition)

   JvmMetricsAutoConfiguration#classLoaderMetrics matched:
      - @ConditionalOnMissingBean (types: io.micrometer.core.instrument.binder.jvm.ClassLoaderMetrics; SearchStrategy: all) did not find any beans (OnBeanCondition)

   JvmMetricsAutoConfiguration#jvmCompilationMetrics matched:
      - @ConditionalOnMissingBean (types: io.micrometer.core.instrument.binder.jvm.JvmCompilationMetrics; SearchStrategy: all) did not find any beans (OnBeanCondition)

   JvmMetricsAutoConfiguration#jvmGcMetrics matched:
      - @ConditionalOnMissingBean (types: io.micrometer.core.instrument.binder.jvm.JvmGcMetrics; SearchStrategy: all) did not find any beans (OnBeanCondition)

   JvmMetricsAutoConfiguration#jvmHeapPressureMetrics matched:
      - @ConditionalOnMissingBean (types: io.micrometer.core.instrument.binder.jvm.JvmHeapPressureMetrics; SearchStrategy: all) did not find any beans (OnBeanCondition)

   JvmMetricsAutoConfiguration#jvmInfoMetrics matched:
      - @ConditionalOnMissingBean (types: io.micrometer.core.instrument.binder.jvm.JvmInfoMetrics; SearchStrategy: all) did not find any beans (OnBeanCondition)

   JvmMetricsAutoConfiguration#jvmMemoryMetrics matched:
      - @ConditionalOnMissingBean (types: io.micrometer.core.instrument.binder.jvm.JvmMemoryMetrics; SearchStrategy: all) did not find any beans (OnBeanCondition)

   JvmMetricsAutoConfiguration#jvmThreadMetrics matched:
      - @ConditionalOnMissingBean (types: io.micrometer.core.instrument.binder.jvm.JvmThreadMetrics; SearchStrategy: all) did not find any beans (OnBeanCondition)

   LifecycleAutoConfiguration#defaultLifecycleProcessor matched:
      - @ConditionalOnMissingBean (names: lifecycleProcessor; SearchStrategy: current) did not find any beans (OnBeanCondition)

   LogbackMetricsAutoConfiguration matched:
      - @ConditionalOnClass found required classes 'io.micrometer.core.instrument.MeterRegistry', 'ch.qos.logback.classic.LoggerContext', 'org.slf4j.LoggerFactory' (OnClassCondition)
      - LogbackLoggingCondition ILoggerFactory is a Logback LoggerContext (LogbackMetricsAutoConfiguration.LogbackLoggingCondition)
      - @ConditionalOnBean (types: io.micrometer.core.instrument.MeterRegistry; SearchStrategy: all) found bean 'simpleMeterRegistry' (OnBeanCondition)

   LogbackMetricsAutoConfiguration#logbackMetrics matched:
      - @ConditionalOnMissingBean (types: io.micrometer.core.instrument.binder.logging.LogbackMetrics; SearchStrategy: all) did not find any beans (OnBeanCondition)

   MailSenderAutoConfiguration matched:
      - @ConditionalOnClass found required classes 'jakarta.mail.internet.MimeMessage', 'jakarta.activation.MimeType', 'org.springframework.mail.MailSender' (OnClassCondition)
      - AnyNestedCondition 1 matched 1 did not; NestedCondition on MailSenderAutoConfiguration.MailSenderCondition.JndiNameProperty @ConditionalOnProperty (spring.mail.jndi-name) did not find property 'jndi-name'; NestedCondition on MailSenderAutoConfiguration.MailSenderCondition.HostProperty @ConditionalOnProperty (spring.mail.host) matched (MailSenderAutoConfiguration.MailSenderCondition)
      - @ConditionalOnMissingBean (types: org.springframework.mail.MailSender; SearchStrategy: all) did not find any beans (OnBeanCondition)

   MailSenderPropertiesConfiguration matched:
      - @ConditionalOnProperty (spring.mail.host) matched (OnPropertyCondition)

   MailSenderPropertiesConfiguration#mailSender matched:
      - @ConditionalOnMissingBean (types: org.springframework.mail.javamail.JavaMailSender; SearchStrategy: all) did not find any beans (OnBeanCondition)

   ManagementContextAutoConfiguration.SameManagementContextConfiguration matched:
      - Management Port actual port type (SAME) matched required type (OnManagementPortCondition)

   MetricsAutoConfiguration matched:
      - @ConditionalOnClass found required class 'io.micrometer.core.annotation.Timed' (OnClassCondition)

   MetricsAutoConfiguration#micrometerClock matched:
      - @ConditionalOnMissingBean (types: io.micrometer.core.instrument.Clock; SearchStrategy: all) did not find any beans (OnBeanCondition)

   MultipartAutoConfiguration matched:
      - @ConditionalOnClass found required classes 'jakarta.servlet.Servlet', 'org.springframework.web.multipart.support.StandardServletMultipartResolver', 'jakarta.servlet.MultipartConfigElement' (OnClassCondition)
      - found 'session' scope (OnWebApplicationCondition)
      - @ConditionalOnProperty (spring.servlet.multipart.enabled) matched (OnPropertyCondition)

   MultipartAutoConfiguration#multipartConfigElement matched:
      - @ConditionalOnMissingBean (types: jakarta.servlet.MultipartConfigElement; SearchStrategy: all) did not find any beans (OnBeanCondition)

   MultipartAutoConfiguration#multipartResolver matched:
      - @ConditionalOnMissingBean (types: org.springframework.web.multipart.MultipartResolver; SearchStrategy: all) did not find any beans (OnBeanCondition)

   NamedParameterJdbcTemplateConfiguration matched:
      - @ConditionalOnSingleCandidate (types: org.springframework.jdbc.core.JdbcTemplate; SearchStrategy: all) found a single bean 'jdbcTemplate'; @ConditionalOnMissingBean (types: org.springframework.jdbc.core.namedparam.NamedParameterJdbcOperations; SearchStrategy: all) did not find any beans (OnBeanCondition)

   NoOpCacheConfiguration matched:
      - Cache org.springframework.boot.autoconfigure.cache.NoOpCacheConfiguration automatic cache type (CacheCondition)

   ObservationAutoConfiguration matched:
      - @ConditionalOnClass found required class 'io.micrometer.observation.ObservationRegistry' (OnClassCondition)

   ObservationAutoConfiguration#observationRegistry matched:
      - @ConditionalOnMissingBean (types: io.micrometer.observation.ObservationRegistry; SearchStrategy: all) did not find any beans (OnBeanCondition)

   ObservationAutoConfiguration.MeterObservationHandlerConfiguration matched:
      - @ConditionalOnBean (types: io.micrometer.core.instrument.MeterRegistry; SearchStrategy: all) found bean 'simpleMeterRegistry'; @ConditionalOnMissingBean (types: io.micrometer.core.instrument.observation.MeterObservationHandler; SearchStrategy: all) did not find any beans (OnBeanCondition)

   ObservationAutoConfiguration.MeterObservationHandlerConfiguration.OnlyMetricsMeterObservationHandlerConfiguration matched:
      - @ConditionalOnMissingBean (types: io.micrometer.tracing.Tracer; SearchStrategy: all) did not find any beans (OnBeanCondition)

   ObservationAutoConfiguration.ObservedAspectConfiguration matched:
      - @ConditionalOnClass found required class 'org.aspectj.weaver.Advice' (OnClassCondition)

   ObservationAutoConfiguration.ObservedAspectConfiguration#observedAspect matched:
      - @ConditionalOnMissingBean (types: io.micrometer.observation.aop.ObservedAspect; SearchStrategy: all) did not find any beans (OnBeanCondition)

   ObservationAutoConfiguration.OnlyMetricsConfiguration matched:
      - @ConditionalOnClass found required class 'io.micrometer.core.instrument.MeterRegistry'; @ConditionalOnMissingClass did not find unwanted class 'io.micrometer.tracing.Tracer' (OnClassCondition)

   PersistenceExceptionTranslationAutoConfiguration matched:
      - @ConditionalOnClass found required class 'org.springframework.dao.annotation.PersistenceExceptionTranslationPostProcessor' (OnClassCondition)

   PersistenceExceptionTranslationAutoConfiguration#persistenceExceptionTranslationPostProcessor matched:
      - @ConditionalOnProperty (spring.dao.exceptiontranslation.enabled) matched (OnPropertyCondition)
      - @ConditionalOnMissingBean (types: org.springframework.dao.annotation.PersistenceExceptionTranslationPostProcessor; SearchStrategy: all) did not find any beans (OnBeanCondition)

   PropertyPlaceholderAutoConfiguration#propertySourcesPlaceholderConfigurer matched:
      - @ConditionalOnMissingBean (types: org.springframework.context.support.PropertySourcesPlaceholderConfigurer; SearchStrategy: current) did not find any beans (OnBeanCondition)

   RepositoryMetricsAutoConfiguration matched:
      - @ConditionalOnClass found required class 'org.springframework.data.repository.Repository' (OnClassCondition)
      - @ConditionalOnBean (types: io.micrometer.core.instrument.MeterRegistry; SearchStrategy: all) found bean 'simpleMeterRegistry' (OnBeanCondition)

   RepositoryMetricsAutoConfiguration#metricsRepositoryMethodInvocationListener matched:
      - @ConditionalOnMissingBean (types: org.springframework.boot.actuate.metrics.data.MetricsRepositoryMethodInvocationListener; SearchStrategy: all) did not find any beans (OnBeanCondition)

   RepositoryMetricsAutoConfiguration#repositoryTagsProvider matched:
      - @ConditionalOnMissingBean (types: org.springframework.boot.actuate.metrics.data.RepositoryTagsProvider; SearchStrategy: all) did not find any beans (OnBeanCondition)

   RestClientAutoConfiguration matched:
      - @ConditionalOnClass found required class 'org.springframework.web.client.RestClient' (OnClassCondition)
      - NoneNestedConditions 0 matched 1 did not; NestedCondition on NotReactiveWebApplicationCondition.ReactiveWebApplication did not find reactive web application classes (NotReactiveWebApplicationCondition)

   RestClientAutoConfiguration#httpMessageConvertersRestClientCustomizer matched:
      - @ConditionalOnMissingBean (types: org.springframework.boot.autoconfigure.web.client.HttpMessageConvertersRestClientCustomizer; SearchStrategy: all) did not find any beans (OnBeanCondition)

   RestClientAutoConfiguration#restClientBuilder matched:
      - @ConditionalOnMissingBean (types: org.springframework.web.client.RestClient$Builder; SearchStrategy: all) did not find any beans (OnBeanCondition)

   RestClientAutoConfiguration#restClientBuilderConfigurer matched:
      - @ConditionalOnMissingBean (types: org.springframework.boot.autoconfigure.web.client.RestClientBuilderConfigurer; SearchStrategy: all) did not find any beans (OnBeanCondition)

   RestClientAutoConfiguration#restClientSsl matched:
      - @ConditionalOnBean (types: org.springframework.boot.ssl.SslBundles; SearchStrategy: all) found bean 'sslBundleRegistry'; @ConditionalOnMissingBean (types: org.springframework.boot.autoconfigure.web.client.RestClientSsl; SearchStrategy: all) did not find any beans (OnBeanCondition)

   RestClientObservationConfiguration matched:
      - @ConditionalOnClass found required class 'org.springframework.web.client.RestClient' (OnClassCondition)
      - @ConditionalOnBean (types: org.springframework.web.client.RestClient$Builder; SearchStrategy: all) found bean 'restClientBuilder' (OnBeanCondition)

   RestTemplateAutoConfiguration matched:
      - @ConditionalOnClass found required class 'org.springframework.web.client.RestTemplate' (OnClassCondition)
      - NoneNestedConditions 0 matched 1 did not; NestedCondition on NotReactiveWebApplicationCondition.ReactiveWebApplication did not find reactive web application classes (NotReactiveWebApplicationCondition)

   RestTemplateAutoConfiguration#restTemplateBuilder matched:
      - @ConditionalOnMissingBean (types: org.springframework.boot.web.client.RestTemplateBuilder; SearchStrategy: all) did not find any beans (OnBeanCondition)

   RestTemplateObservationConfiguration matched:
      - @ConditionalOnClass found required class 'org.springframework.web.client.RestTemplate' (OnClassCondition)
      - @ConditionalOnBean (types: org.springframework.boot.web.client.RestTemplateBuilder; SearchStrategy: all) found bean 'restTemplateBuilder' (OnBeanCondition)

   ScheduledTasksObservabilityAutoConfiguration matched:
      - @ConditionalOnClass found required class 'org.springframework.scheduling.concurrent.ThreadPoolTaskScheduler' (OnClassCondition)
      - @ConditionalOnBean (types: io.micrometer.observation.ObservationRegistry; SearchStrategy: all) found bean 'observationRegistry' (OnBeanCondition)

   SecurityAutoConfiguration matched:
      - @ConditionalOnClass found required class 'org.springframework.security.authentication.DefaultAuthenticationEventPublisher' (OnClassCondition)

   SecurityAutoConfiguration#authenticationEventPublisher matched:
      - @ConditionalOnMissingBean (types: org.springframework.security.authentication.AuthenticationEventPublisher; SearchStrategy: all) did not find any beans (OnBeanCondition)

   SecurityFilterAutoConfiguration matched:
      - @ConditionalOnClass found required classes 'org.springframework.security.web.context.AbstractSecurityWebApplicationInitializer', 'org.springframework.security.config.http.SessionCreationPolicy' (OnClassCondition)
      - found 'session' scope (OnWebApplicationCondition)

   SecurityFilterAutoConfiguration#securityFilterChainRegistration matched:
      - @ConditionalOnBean (names: springSecurityFilterChain; SearchStrategy: all) found bean 'springSecurityFilterChain' (OnBeanCondition)

   SecurityRequestMatchersManagementContextConfiguration matched:
      - @ConditionalOnClass found required class 'org.springframework.security.web.util.matcher.RequestMatcher' (OnClassCondition)
      - found 'session' scope (OnWebApplicationCondition)

   SecurityRequestMatchersManagementContextConfiguration.MvcRequestMatcherConfiguration matched:
      - @ConditionalOnClass found required class 'org.springframework.web.servlet.DispatcherServlet' (OnClassCondition)
      - @ConditionalOnBean (types: org.springframework.boot.autoconfigure.web.servlet.DispatcherServletPath; SearchStrategy: all) found bean 'dispatcherServletRegistration' (OnBeanCondition)

   SecurityRequestMatchersManagementContextConfiguration.MvcRequestMatcherConfiguration#requestMatcherProvider matched:
      - @ConditionalOnClass found required class 'org.springframework.web.servlet.DispatcherServlet' (OnClassCondition)
      - @ConditionalOnMissingBean (types: org.springframework.boot.autoconfigure.security.servlet.RequestMatcherProvider; SearchStrategy: all) did not find any beans (OnBeanCondition)

   ServletEndpointManagementContextConfiguration matched:
      - found 'session' scope (OnWebApplicationCondition)

   ServletEndpointManagementContextConfiguration.WebMvcServletEndpointManagementContextConfiguration matched:
      - @ConditionalOnClass found required class 'org.springframework.web.servlet.DispatcherServlet' (OnClassCondition)

   ServletManagementContextAutoConfiguration matched:
      - @ConditionalOnClass found required class 'jakarta.servlet.Servlet' (OnClassCondition)
      - found 'session' scope (OnWebApplicationCondition)

   ServletWebServerFactoryAutoConfiguration matched:
      - @ConditionalOnClass found required class 'jakarta.servlet.ServletRequest' (OnClassCondition)
      - found 'session' scope (OnWebApplicationCondition)

   ServletWebServerFactoryAutoConfiguration#tomcatServletWebServerFactoryCustomizer matched:
      - @ConditionalOnClass found required class 'org.apache.catalina.startup.Tomcat' (OnClassCondition)

   ServletWebServerFactoryConfiguration.EmbeddedTomcat matched:
      - @ConditionalOnClass found required classes 'jakarta.servlet.Servlet', 'org.apache.catalina.startup.Tomcat', 'org.apache.coyote.UpgradeProtocol' (OnClassCondition)
      - @ConditionalOnMissingBean (types: org.springframework.boot.web.servlet.server.ServletWebServerFactory; SearchStrategy: current) did not find any beans (OnBeanCondition)

   SimpleCacheConfiguration matched:
      - Cache org.springframework.boot.autoconfigure.cache.SimpleCacheConfiguration automatic cache type (CacheCondition)

   SimpleMetricsExportAutoConfiguration matched:
      - @ConditionalOnEnabledMetricsExport management.defaults.metrics.export.enabled is considered true (OnMetricsExportEnabledCondition)
      - @ConditionalOnBean (types: io.micrometer.core.instrument.Clock; SearchStrategy: all) found bean 'micrometerClock'; @ConditionalOnMissingBean (types: io.micrometer.core.instrument.MeterRegistry; SearchStrategy: all) did not find any beans (OnBeanCondition)

   SimpleMetricsExportAutoConfiguration#simpleConfig matched:
      - @ConditionalOnMissingBean (types: io.micrometer.core.instrument.simple.SimpleConfig; SearchStrategy: all) did not find any beans (OnBeanCondition)

   SpringBootWebSecurityConfiguration matched:
      - found 'session' scope (OnWebApplicationCondition)

   SpringDataWebAutoConfiguration matched:
      - @ConditionalOnClass found required classes 'org.springframework.data.web.PageableHandlerMethodArgumentResolver', 'org.springframework.web.servlet.config.annotation.WebMvcConfigurer' (OnClassCondition)
      - found 'session' scope (OnWebApplicationCondition)
      - @ConditionalOnMissingBean (types: org.springframework.data.web.PageableHandlerMethodArgumentResolver; SearchStrategy: all) did not find any beans (OnBeanCondition)

   SpringDataWebAutoConfiguration#pageableCustomizer matched:
      - @ConditionalOnMissingBean (types: org.springframework.data.web.config.PageableHandlerMethodArgumentResolverCustomizer; SearchStrategy: all) did not find any beans (OnBeanCondition)

   SpringDataWebAutoConfiguration#sortCustomizer matched:
      - @ConditionalOnMissingBean (types: org.springframework.data.web.config.SortHandlerMethodArgumentResolverCustomizer; SearchStrategy: all) did not find any beans (OnBeanCondition)

   SpringDataWebAutoConfiguration#springDataWebSettings matched:
      - @ConditionalOnMissingBean (types: org.springframework.data.web.config.SpringDataWebSettings; SearchStrategy: all) did not find any beans (OnBeanCondition)

   SpringDocConfigProperties matched:
      - @ConditionalOnProperty (springdoc.api-docs.enabled) matched (OnPropertyCondition)
      - @ConditionalOnBean (types: org.springdoc.core.configuration.SpringDocConfiguration; SearchStrategy: all) found bean 'org.springdoc.core.configuration.SpringDocConfiguration' (OnBeanCondition)

   SpringDocConfiguration matched:
      - @ConditionalOnWebApplication (required) found 'session' scope (OnWebApplicationCondition)
      - @ConditionalOnProperty (springdoc.api-docs.enabled) matched (OnPropertyCondition)

   SpringDocConfiguration#fileSupportConverter matched:
      - @ConditionalOnMissingBean (types: org.springdoc.core.converters.FileSupportConverter; SearchStrategy: all) did not find any beans (OnBeanCondition)

   SpringDocConfiguration#globalOpenApiCustomizer matched:
      - @ConditionalOnMissingBean (names: globalOpenApiCustomizer; SearchStrategy: all) did not find any beans (OnBeanCondition)

   SpringDocConfiguration#initExtraSchemas matched:
      - @ConditionalOnProperty (springdoc.enable-extra-schemas) matched (OnPropertyCondition)

   SpringDocConfiguration#oas31ModelConverter matched:
      - @ConditionalOnMissingBean (types: org.springdoc.core.converters.OAS31ModelConverter; SearchStrategy: all) did not find any beans (OnBeanCondition)

   SpringDocConfiguration#openAPIBuilder matched:
      - @ConditionalOnMissingBean (types: org.springdoc.core.service.OpenAPIService; SearchStrategy: all) did not find any beans (OnBeanCondition)

   SpringDocConfiguration#operationBuilder matched:
      - @ConditionalOnMissingBean (types: org.springdoc.core.service.OperationService; SearchStrategy: all) did not find any beans (OnBeanCondition)

   SpringDocConfiguration#parameterBuilder matched:
      - @ConditionalOnMissingBean (types: org.springdoc.core.service.GenericParameterService; SearchStrategy: all) did not find any beans (OnBeanCondition)

   SpringDocConfiguration#parameterObjectNamingStrategyCustomizer matched:
      - @ConditionalOnMissingBean (types: org.springdoc.core.customizers.ParameterObjectNamingStrategyCustomizer; SearchStrategy: all) did not find any beans (OnBeanCondition)

   SpringDocConfiguration#polymorphicModelConverter matched:
      - @ConditionalOnProperty (springdoc.model-converters.polymorphic-converter.enabled) matched (OnPropertyCondition)
      - @ConditionalOnMissingBean (types: org.springdoc.core.converters.PolymorphicModelConverter; SearchStrategy: all) did not find any beans (OnBeanCondition)

   SpringDocConfiguration#requestBodyBuilder matched:
      - @ConditionalOnMissingBean (types: org.springdoc.core.service.RequestBodyService; SearchStrategy: all) did not find any beans (OnBeanCondition)

   SpringDocConfiguration#responseSupportConverter matched:
      - @ConditionalOnMissingBean (types: org.springdoc.core.converters.ResponseSupportConverter; SearchStrategy: all) did not find any beans (OnBeanCondition)

   SpringDocConfiguration#schemaPropertyDeprecatingConverter matched:
      - @ConditionalOnProperty (springdoc.model-converters.deprecating-converter.enabled) matched (OnPropertyCondition)
      - @ConditionalOnMissingBean (types: org.springdoc.core.converters.SchemaPropertyDeprecatingConverter; SearchStrategy: all) did not find any beans (OnBeanCondition)

   SpringDocConfiguration#securityParser matched:
      - @ConditionalOnMissingBean (types: org.springdoc.core.service.SecurityService; SearchStrategy: all) did not find any beans (OnBeanCondition)

   SpringDocConfiguration#springDocCustomizers matched:
      - @ConditionalOnMissingBean (types: org.springdoc.core.customizers.SpringDocCustomizers; SearchStrategy: all) did not find any beans (OnBeanCondition)

   SpringDocConfiguration#springDocProviders matched:
      - @ConditionalOnMissingBean (types: org.springdoc.core.providers.SpringDocProviders; SearchStrategy: all) did not find any beans (OnBeanCondition)

   SpringDocConfiguration#springdocObjectMapperProvider matched:
      - @ConditionalOnMissingBean (types: org.springdoc.core.providers.ObjectMapperProvider; SearchStrategy: all) did not find any beans (OnBeanCondition)

   SpringDocConfiguration.QuerydslProvider matched:
      - @ConditionalOnClass found required class 'org.springframework.data.querydsl.binding.QuerydslBindingsFactory' (OnClassCondition)

   SpringDocConfiguration.QuerydslProvider#queryDslQuerydslPredicateOperationCustomizer matched:
      - @ConditionalOnMissingBean (types: org.springdoc.core.customizers.QuerydslPredicateOperationCustomizer; SearchStrategy: all) did not find any beans (OnBeanCondition)

   SpringDocConfiguration.SpringDocSpringDataWebPropertiesProvider matched:
      - @ConditionalOnClass found required class 'org.springframework.boot.autoconfigure.data.web.SpringDataWebProperties' (OnClassCondition)

   SpringDocConfiguration.SpringDocSpringDataWebPropertiesProvider#springDataWebPropertiesProvider matched:
      - @ConditionalOnMissingBean (types: org.springdoc.core.providers.SpringDataWebPropertiesProvider; SearchStrategy: all) did not find any beans (OnBeanCondition)

   SpringDocConfiguration.WebConversionServiceConfiguration matched:
      - @ConditionalOnClass found required class 'org.springframework.boot.autoconfigure.web.format.WebConversionService' (OnClassCondition)

   SpringDocPageableConfiguration matched:
      - @ConditionalOnClass found required class 'org.springframework.data.domain.Pageable' (OnClassCondition)
      - @ConditionalOnWebApplication (required) found 'session' scope (OnWebApplicationCondition)
      - @ConditionalOnProperty (springdoc.api-docs.enabled) matched (OnPropertyCondition)
      - @ConditionalOnBean (types: org.springdoc.core.configuration.SpringDocConfiguration; SearchStrategy: all) found bean 'org.springdoc.core.configuration.SpringDocConfiguration' (OnBeanCondition)

   SpringDocPageableConfiguration#dataRestDelegatingMethodParameterCustomizer matched:
      - @ConditionalOnMissingBean (types: org.springdoc.core.customizers.DataRestDelegatingMethodParameterCustomizer; SearchStrategy: all) did not find any beans (OnBeanCondition)

   SpringDocPageableConfiguration#pageOpenAPIConverter matched:
      - @ConditionalOnClass found required classes 'org.springframework.data.web.PagedModel', 'org.springframework.data.web.config.SpringDataWebSettings' (OnClassCondition)
      - @ConditionalOnMissingBean (types: org.springdoc.core.converters.PageOpenAPIConverter; SearchStrategy: all) did not find any beans (OnBeanCondition)

   SpringDocPageableConfiguration#pageableOpenAPIConverter matched:
      - @ConditionalOnProperty (springdoc.model-converters.pageable-converter.enabled) matched (OnPropertyCondition)
      - @ConditionalOnMissingBean (types: org.springdoc.core.converters.PageableOpenAPIConverter; SearchStrategy: all) did not find any beans (OnBeanCondition)

   SpringDocSecurityConfiguration matched:
      - @ConditionalOnClass found required class 'org.springframework.security.web.SecurityFilterChain' (OnClassCondition)
      - @ConditionalOnWebApplication (required) found 'session' scope (OnWebApplicationCondition)
      - @ConditionalOnExpression (#{${springdoc.api-docs.enabled:true} and ${springdoc.enable-spring-security:true}}) resulted in true (OnExpressionCondition)
      - @ConditionalOnBean (types: org.springdoc.core.configuration.SpringDocConfiguration; SearchStrategy: all) found bean 'org.springdoc.core.configuration.SpringDocConfiguration' (OnBeanCondition)

   SpringDocSecurityConfiguration.SpringSecurityLoginEndpointConfiguration matched:
      - @ConditionalOnClass found required class 'jakarta.servlet.Filter' (OnClassCondition)

   SpringDocSortConfiguration matched:
      - @ConditionalOnClass found required class 'org.springframework.data.domain.Sort' (OnClassCondition)
      - @ConditionalOnWebApplication (required) found 'session' scope (OnWebApplicationCondition)
      - @ConditionalOnProperty (springdoc.api-docs.enabled) matched (OnPropertyCondition)
      - @ConditionalOnBean (types: org.springdoc.core.configuration.SpringDocConfiguration; SearchStrategy: all) found bean 'org.springdoc.core.configuration.SpringDocConfiguration' (OnBeanCondition)

   SpringDocSortConfiguration#sortOpenAPIConverter matched:
      - @ConditionalOnProperty (springdoc.sort-converter.enabled) matched (OnPropertyCondition)
      - @ConditionalOnMissingBean (types: org.springdoc.core.converters.SortOpenAPIConverter; SearchStrategy: all) did not find any beans (OnBeanCondition)

   SpringDocWebMvcConfiguration matched:
      - found 'session' scope (OnWebApplicationCondition)
      - @ConditionalOnProperty (springdoc.api-docs.enabled) matched (OnPropertyCondition)
      - @ConditionalOnBean (types: org.springdoc.core.configuration.SpringDocConfiguration; SearchStrategy: all) found bean 'org.springdoc.core.configuration.SpringDocConfiguration' (OnBeanCondition)

   SpringDocWebMvcConfiguration#openApiResource matched:
      - @ConditionalOnExpression (#{(${springdoc.use-management-port:false} == false ) and ${springdoc.enable-default-api-docs:true}}) resulted in true (OnExpressionCondition)
      - @ConditionalOnMissingBean (types: org.springdoc.webmvc.api.OpenApiWebMvcResource; SearchStrategy: all) did not find any beans (OnBeanCondition)

   SpringDocWebMvcConfiguration#requestBuilder matched:
      - @ConditionalOnMissingBean (types: org.springdoc.webmvc.core.service.RequestService; SearchStrategy: all) did not find any beans (OnBeanCondition)

   SpringDocWebMvcConfiguration#responseBuilder matched:
      - @ConditionalOnMissingBean (types: org.springdoc.core.service.GenericResponseService; SearchStrategy: all) did not find any beans (OnBeanCondition)

   SpringDocWebMvcConfiguration#springWebProvider matched:
      - @ConditionalOnMissingBean (types: org.springdoc.core.providers.SpringWebProvider; SearchStrategy: all) did not find any beans (OnBeanCondition)

   SpringDocWebMvcConfiguration.SpringDocWebMvcActuatorConfiguration matched:
      - @ConditionalOnClass found required class 'org.springframework.boot.actuate.endpoint.web.servlet.WebMvcEndpointHandlerMapping' (OnClassCondition)

   SpringDocWebMvcConfiguration.SpringDocWebMvcRouterConfiguration matched:
      - @ConditionalOnClass found required class 'org.springframework.web.servlet.function.RouterFunction' (OnClassCondition)

   SpringDocWebMvcConfiguration.SpringDocWebMvcRouterConfiguration#routerFunctionProvider matched:
      - @ConditionalOnMissingBean (types: org.springdoc.webmvc.core.providers.RouterFunctionWebMvcProvider; SearchStrategy: all) did not find any beans (OnBeanCondition)

   SqlInitializationAutoConfiguration matched:
      - @ConditionalOnProperty (spring.sql.init.enabled) matched (OnPropertyCondition)
      - NoneNestedConditions 0 matched 1 did not; NestedCondition on SqlInitializationAutoConfiguration.SqlInitializationModeCondition.ModeIsNever @ConditionalOnProperty (spring.sql.init.mode=never) did not find property 'mode' (SqlInitializationAutoConfiguration.SqlInitializationModeCondition)

   SslAutoConfiguration#sslBundleRegistry matched:
      - @ConditionalOnMissingBean (types: org.springframework.boot.ssl.SslBundleRegistry,org.springframework.boot.ssl.SslBundles; SearchStrategy: all) did not find any beans (OnBeanCondition)

   SslHealthContributorAutoConfiguration matched:
      - @ConditionalOnEnabledHealthIndicator management.health.defaults.enabled is considered true (OnEnabledHealthIndicatorCondition)

   SslHealthContributorAutoConfiguration#sslHealthIndicator matched:
      - @ConditionalOnMissingBean (names: sslHealthIndicator; SearchStrategy: all) did not find any beans (OnBeanCondition)

   SslHealthContributorAutoConfiguration#sslInfo matched:
      - @ConditionalOnMissingBean (types: org.springframework.boot.info.SslInfo; SearchStrategy: all) did not find any beans (OnBeanCondition)

   StartupTimeMetricsListenerAutoConfiguration matched:
      - @ConditionalOnClass found required class 'io.micrometer.core.instrument.MeterRegistry' (OnClassCondition)
      - @ConditionalOnBean (types: io.micrometer.core.instrument.MeterRegistry; SearchStrategy: all) found bean 'simpleMeterRegistry' (OnBeanCondition)

   StartupTimeMetricsListenerAutoConfiguration#startupTimeMetrics matched:
      - @ConditionalOnMissingBean (types: org.springframework.boot.actuate.metrics.startup.StartupTimeMetricsListener; SearchStrategy: all) did not find any beans (OnBeanCondition)

   SwaggerConfig matched:
      - found 'session' scope (OnWebApplicationCondition)
      - @ConditionalOnProperty (springdoc.swagger-ui.enabled) matched (OnPropertyCondition)
      - @ConditionalOnBean (types: org.springdoc.core.configuration.SpringDocConfiguration; SearchStrategy: all) found bean 'org.springdoc.core.configuration.SpringDocConfiguration' (OnBeanCondition)

   SwaggerConfig#indexPageTransformer matched:
      - @ConditionalOnMissingBean (types: org.springdoc.webmvc.ui.SwaggerIndexTransformer; SearchStrategy: all) did not find any beans (OnBeanCondition)

   SwaggerConfig#swaggerConfigResource matched:
      - @ConditionalOnProperty (springdoc.use-management-port=false) matched (OnPropertyCondition)
      - @ConditionalOnMissingBean (types: org.springdoc.webmvc.ui.SwaggerConfigResource; SearchStrategy: all) did not find any beans (OnBeanCondition)

   SwaggerConfig#swaggerResourceResolver matched:
      - @ConditionalOnMissingBean (types: org.springdoc.webmvc.ui.SwaggerResourceResolver; SearchStrategy: all) did not find any beans (OnBeanCondition)

   SwaggerConfig#swaggerWebMvcConfigurer matched:
      - @ConditionalOnMissingBean (types: org.springdoc.webmvc.ui.SwaggerWebMvcConfigurer; SearchStrategy: all) did not find any beans (OnBeanCondition)

   SwaggerConfig#swaggerWelcome matched:
      - @ConditionalOnProperty (springdoc.use-management-port=false) matched (OnPropertyCondition)
      - @ConditionalOnMissingBean (types: org.springdoc.webmvc.ui.SwaggerWelcomeWebMvc; SearchStrategy: all) did not find any beans (OnBeanCondition)

   SwaggerUiConfigProperties matched:
      - @ConditionalOnProperty (springdoc.swagger-ui.enabled) matched (OnPropertyCondition)
      - @ConditionalOnBean (types: org.springdoc.core.configuration.SpringDocConfiguration; SearchStrategy: all) found bean 'org.springdoc.core.configuration.SpringDocConfiguration' (OnBeanCondition)

   SwaggerUiOAuthProperties matched:
      - @ConditionalOnProperty (springdoc.swagger-ui.enabled) matched (OnPropertyCondition)
      - @ConditionalOnBean (types: org.springdoc.core.configuration.SpringDocConfiguration; SearchStrategy: all) found bean 'org.springdoc.core.configuration.SpringDocConfiguration' (OnBeanCondition)

   SystemMetricsAutoConfiguration matched:
      - @ConditionalOnClass found required class 'io.micrometer.core.instrument.MeterRegistry' (OnClassCondition)
      - @ConditionalOnBean (types: io.micrometer.core.instrument.MeterRegistry; SearchStrategy: all) found bean 'simpleMeterRegistry' (OnBeanCondition)

   SystemMetricsAutoConfiguration#diskSpaceMetrics matched:
      - @ConditionalOnMissingBean (types: org.springframework.boot.actuate.metrics.system.DiskSpaceMetricsBinder; SearchStrategy: all) did not find any beans (OnBeanCondition)

   SystemMetricsAutoConfiguration#fileDescriptorMetrics matched:
      - @ConditionalOnMissingBean (types: io.micrometer.core.instrument.binder.system.FileDescriptorMetrics; SearchStrategy: all) did not find any beans (OnBeanCondition)

   SystemMetricsAutoConfiguration#processorMetrics matched:
      - @ConditionalOnMissingBean (types: io.micrometer.core.instrument.binder.system.ProcessorMetrics; SearchStrategy: all) did not find any beans (OnBeanCondition)

   SystemMetricsAutoConfiguration#uptimeMetrics matched:
      - @ConditionalOnMissingBean (types: io.micrometer.core.instrument.binder.system.UptimeMetrics; SearchStrategy: all) did not find any beans (OnBeanCondition)

   TaskExecutionAutoConfiguration matched:
      - @ConditionalOnClass found required class 'org.springframework.scheduling.concurrent.ThreadPoolTaskExecutor' (OnClassCondition)

   TaskExecutorConfigurations.SimpleAsyncTaskExecutorBuilderConfiguration#simpleAsyncTaskExecutorBuilder matched:
      - @ConditionalOnMissingBean (types: org.springframework.boot.task.SimpleAsyncTaskExecutorBuilder; SearchStrategy: all) did not find any beans (OnBeanCondition)
      - @ConditionalOnThreading found PLATFORM (OnThreadingCondition)

   TaskExecutorConfigurations.ThreadPoolTaskExecutorBuilderConfiguration#threadPoolTaskExecutorBuilder matched:
      - @ConditionalOnMissingBean (types: org.springframework.boot.task.ThreadPoolTaskExecutorBuilder; SearchStrategy: all) did not find any beans (OnBeanCondition)

   TaskExecutorMetricsAutoConfiguration matched:
      - @ConditionalOnClass found required class 'io.micrometer.core.instrument.binder.jvm.ExecutorServiceMetrics' (OnClassCondition)
      - @ConditionalOnBean (types: java.util.concurrent.Executor,io.micrometer.core.instrument.MeterRegistry; SearchStrategy: all) found beans 'clientOutboundChannelExecutor', 'clientInboundChannelExecutor', 'simpleMeterRegistry', 'brokerChannelExecutor' (OnBeanCondition)

   TaskSchedulingAutoConfiguration matched:
      - @ConditionalOnClass found required class 'org.springframework.scheduling.concurrent.ThreadPoolTaskScheduler' (OnClassCondition)

   TaskSchedulingAutoConfiguration#scheduledBeanLazyInitializationExcludeFilter matched:
      - @ConditionalOnBean (names: org.springframework.context.annotation.internalScheduledAnnotationProcessor; SearchStrategy: all) found bean 'org.springframework.context.annotation.internalScheduledAnnotationProcessor' (OnBeanCondition)

   TaskSchedulingConfigurations.SimpleAsyncTaskSchedulerBuilderConfiguration#simpleAsyncTaskSchedulerBuilder matched:
      - @ConditionalOnMissingBean (types: org.springframework.boot.task.SimpleAsyncTaskSchedulerBuilder; SearchStrategy: all) did not find any beans (OnBeanCondition)
      - @ConditionalOnThreading found PLATFORM (OnThreadingCondition)

   TaskSchedulingConfigurations.ThreadPoolTaskSchedulerBuilderConfiguration#threadPoolTaskSchedulerBuilder matched:
      - @ConditionalOnMissingBean (types: org.springframework.boot.task.ThreadPoolTaskSchedulerBuilder; SearchStrategy: all) did not find any beans (OnBeanCondition)

   TomcatMetricsAutoConfiguration matched:
      - @ConditionalOnClass found required classes 'io.micrometer.core.instrument.binder.tomcat.TomcatMetrics', 'org.apache.catalina.Manager' (OnClassCondition)
      - @ConditionalOnWebApplication (required) found 'session' scope (OnWebApplicationCondition)

   TomcatMetricsAutoConfiguration#tomcatMetricsBinder matched:
      - @ConditionalOnBean (types: io.micrometer.core.instrument.MeterRegistry; SearchStrategy: all) found bean 'simpleMeterRegistry'; @ConditionalOnMissingBean (types: io.micrometer.core.instrument.binder.tomcat.TomcatMetrics,org.springframework.boot.actuate.metrics.web.tomcat.TomcatMetricsBinder; SearchStrategy: all) did not find any beans (OnBeanCondition)

   TransactionAutoConfiguration matched:
      - @ConditionalOnClass found required class 'org.springframework.transaction.PlatformTransactionManager' (OnClassCondition)

   TransactionAutoConfiguration.EnableTransactionManagementConfiguration matched:
      - @ConditionalOnBean (types: org.springframework.transaction.TransactionManager; SearchStrategy: all) found bean 'transactionManager'; @ConditionalOnMissingBean (types: org.springframework.transaction.annotation.AbstractTransactionManagementConfiguration; SearchStrategy: all) did not find any beans (OnBeanCondition)

   TransactionAutoConfiguration.EnableTransactionManagementConfiguration.CglibAutoProxyConfiguration matched:
      - @ConditionalOnProperty (spring.aop.proxy-target-class=true) matched (OnPropertyCondition)

   TransactionAutoConfiguration.TransactionTemplateConfiguration matched:
      - @ConditionalOnSingleCandidate (types: org.springframework.transaction.PlatformTransactionManager; SearchStrategy: all) found a single bean 'transactionManager' (OnBeanCondition)

   TransactionAutoConfiguration.TransactionTemplateConfiguration#transactionTemplate matched:
      - @ConditionalOnMissingBean (types: org.springframework.transaction.support.TransactionOperations; SearchStrategy: all) did not find any beans (OnBeanCondition)

   TransactionManagerCustomizationAutoConfiguration matched:
      - @ConditionalOnClass found required class 'org.springframework.transaction.PlatformTransactionManager' (OnClassCondition)

   TransactionManagerCustomizationAutoConfiguration#platformTransactionManagerCustomizers matched:
      - @ConditionalOnMissingBean (types: org.springframework.boot.autoconfigure.transaction.TransactionManagerCustomizers; SearchStrategy: all) did not find any beans (OnBeanCondition)

   ValidationAutoConfiguration matched:
      - @ConditionalOnClass found required class 'jakarta.validation.executable.ExecutableValidator' (OnClassCondition)
      - @ConditionalOnResource found location classpath:META-INF/services/jakarta.validation.spi.ValidationProvider (OnResourceCondition)

   ValidationAutoConfiguration#defaultValidator matched:
      - @ConditionalOnMissingBean (types: jakarta.validation.Validator; SearchStrategy: all) did not find any beans (OnBeanCondition)

   ValidationAutoConfiguration#methodValidationPostProcessor matched:
      - @ConditionalOnMissingBean (types: org.springframework.validation.beanvalidation.MethodValidationPostProcessor; SearchStrategy: current) did not find any beans (OnBeanCondition)

   WebEndpointAutoConfiguration matched:
      - @ConditionalOnWebApplication (required) found 'session' scope (OnWebApplicationCondition)

   WebEndpointAutoConfiguration#controllerEndpointDiscoverer matched:
      - @ConditionalOnMissingBean (types: org.springframework.boot.actuate.endpoint.web.annotation.ControllerEndpointsSupplier; SearchStrategy: all) did not find any beans (OnBeanCondition)

   WebEndpointAutoConfiguration#endpointMediaTypes matched:
      - @ConditionalOnMissingBean (types: org.springframework.boot.actuate.endpoint.web.EndpointMediaTypes; SearchStrategy: all) did not find any beans (OnBeanCondition)

   WebEndpointAutoConfiguration#pathMappedEndpoints matched:
      - @ConditionalOnMissingBean (types: org.springframework.boot.actuate.endpoint.web.PathMappedEndpoints; SearchStrategy: all) did not find any beans (OnBeanCondition)

   WebEndpointAutoConfiguration#webEndpointDiscoverer matched:
      - @ConditionalOnMissingBean (types: org.springframework.boot.actuate.endpoint.web.WebEndpointsSupplier; SearchStrategy: all) did not find any beans (OnBeanCondition)

   WebEndpointAutoConfiguration.WebEndpointServletConfiguration matched:
      - found 'session' scope (OnWebApplicationCondition)

   WebEndpointAutoConfiguration.WebEndpointServletConfiguration#servletEndpointDiscoverer matched:
      - @ConditionalOnMissingBean (types: org.springframework.boot.actuate.endpoint.web.annotation.ServletEndpointsSupplier; SearchStrategy: all) did not find any beans (OnBeanCondition)

   WebMvcAutoConfiguration matched:
      - @ConditionalOnClass found required classes 'jakarta.servlet.Servlet', 'org.springframework.web.servlet.DispatcherServlet', 'org.springframework.web.servlet.config.annotation.WebMvcConfigurer' (OnClassCondition)
      - found 'session' scope (OnWebApplicationCondition)
      - @ConditionalOnMissingBean (types: org.springframework.web.servlet.config.annotation.WebMvcConfigurationSupport; SearchStrategy: all) did not find any beans (OnBeanCondition)

   WebMvcAutoConfiguration#formContentFilter matched:
      - @ConditionalOnProperty (spring.mvc.formcontent.filter.enabled) matched (OnPropertyCondition)
      - @ConditionalOnMissingBean (types: org.springframework.web.filter.FormContentFilter; SearchStrategy: all) did not find any beans (OnBeanCondition)

   WebMvcAutoConfiguration.EnableWebMvcConfiguration#flashMapManager matched:
      - @ConditionalOnMissingBean (names: flashMapManager; SearchStrategy: all) did not find any beans (OnBeanCondition)

   WebMvcAutoConfiguration.EnableWebMvcConfiguration#localeResolver matched:
      - @ConditionalOnMissingBean (names: localeResolver; SearchStrategy: all) did not find any beans (OnBeanCondition)

   WebMvcAutoConfiguration.EnableWebMvcConfiguration#themeResolver matched:
      - @ConditionalOnMissingBean (names: themeResolver; SearchStrategy: all) did not find any beans (OnBeanCondition)

   WebMvcAutoConfiguration.EnableWebMvcConfiguration#viewNameTranslator matched:
      - @ConditionalOnMissingBean (names: viewNameTranslator; SearchStrategy: all) did not find any beans (OnBeanCondition)

   WebMvcAutoConfiguration.ResourceChainCustomizerConfiguration matched:
      - @ConditionalOnEnabledResourceChain found class org.webjars.WebJarVersionLocator (OnEnabledResourceChainCondition)

   WebMvcAutoConfiguration.WebMvcAutoConfigurationAdapter#defaultViewResolver matched:
      - @ConditionalOnMissingBean (types: org.springframework.web.servlet.view.InternalResourceViewResolver; SearchStrategy: all) did not find any beans (OnBeanCondition)

   WebMvcAutoConfiguration.WebMvcAutoConfigurationAdapter#requestContextFilter matched:
      - @ConditionalOnMissingBean (types: org.springframework.web.context.request.RequestContextListener,org.springframework.web.filter.RequestContextFilter; SearchStrategy: all) did not find any beans (OnBeanCondition)

   WebMvcAutoConfiguration.WebMvcAutoConfigurationAdapter#viewResolver matched:
      - @ConditionalOnBean (types: org.springframework.web.servlet.ViewResolver; SearchStrategy: all) found beans 'defaultViewResolver', 'beanNameViewResolver', 'mvcViewResolver'; @ConditionalOnMissingBean (names: viewResolver types: org.springframework.web.servlet.view.ContentNegotiatingViewResolver; SearchStrategy: all) did not find any beans (OnBeanCondition)

   WebMvcEndpointManagementContextConfiguration matched:
      - @ConditionalOnClass found required class 'org.springframework.web.servlet.DispatcherServlet' (OnClassCondition)
      - found 'session' scope (OnWebApplicationCondition)
      - @ConditionalOnBean (types: org.springframework.web.servlet.DispatcherServlet,org.springframework.boot.actuate.endpoint.web.WebEndpointsSupplier; SearchStrategy: all) found beans 'webEndpointDiscoverer', 'dispatcherServlet' (OnBeanCondition)

   WebMvcEndpointManagementContextConfiguration#controllerEndpointHandlerMapping matched:
      - @ConditionalOnMissingBean (types: org.springframework.boot.actuate.endpoint.web.servlet.ControllerEndpointHandlerMapping; SearchStrategy: all) did not find any beans (OnBeanCondition)

   WebMvcEndpointManagementContextConfiguration#endpointObjectMapperWebMvcConfigurer matched:
      - @ConditionalOnBean (types: org.springframework.boot.actuate.endpoint.jackson.EndpointObjectMapper; SearchStrategy: all) found bean 'endpointObjectMapper' (OnBeanCondition)

   WebMvcEndpointManagementContextConfiguration#webEndpointServletHandlerMapping matched:
      - @ConditionalOnMissingBean (types: org.springframework.boot.actuate.endpoint.web.servlet.WebMvcEndpointHandlerMapping; SearchStrategy: all) did not find any beans (OnBeanCondition)

   WebMvcObservationAutoConfiguration matched:
      - @ConditionalOnClass found required classes 'org.springframework.web.servlet.DispatcherServlet', 'io.micrometer.observation.Observation' (OnClassCondition)
      - found 'session' scope (OnWebApplicationCondition)
      - @ConditionalOnBean (types: io.micrometer.observation.ObservationRegistry; SearchStrategy: all) found bean 'observationRegistry' (OnBeanCondition)

   WebMvcObservationAutoConfiguration#webMvcObservationFilter matched:
      - @ConditionalOnMissingBean (types: org.springframework.web.filter.ServerHttpObservationFilter; SearchStrategy: all) did not find any beans (OnBeanCondition)

   WebMvcObservationAutoConfiguration.MeterFilterConfiguration matched:
      - @ConditionalOnClass found required class 'io.micrometer.core.instrument.MeterRegistry' (OnClassCondition)
      - @ConditionalOnBean (types: io.micrometer.core.instrument.MeterRegistry; SearchStrategy: all) found bean 'simpleMeterRegistry' (OnBeanCondition)

   WebSocketMessagingAutoConfiguration matched:
      - @ConditionalOnClass found required class 'org.springframework.web.socket.config.annotation.WebSocketMessageBrokerConfigurer' (OnClassCondition)
      - found 'session' scope (OnWebApplicationCondition)

   WebSocketMessagingAutoConfiguration.WebSocketMessageConverterConfiguration matched:
      - @ConditionalOnClass found required classes 'com.fasterxml.jackson.databind.ObjectMapper', 'org.springframework.messaging.simp.config.AbstractMessageBrokerConfiguration' (OnClassCondition)
      - @ConditionalOnBean (types: org.springframework.web.socket.config.annotation.DelegatingWebSocketMessageBrokerConfiguration,com.fasterxml.jackson.databind.ObjectMapper; SearchStrategy: all) found beans 'jacksonObjectMapper', 'org.springframework.web.socket.config.annotation.DelegatingWebSocketMessageBrokerConfiguration' (OnBeanCondition)

   WebSocketServletAutoConfiguration matched:
      - @ConditionalOnClass found required classes 'jakarta.servlet.Servlet', 'jakarta.websocket.server.ServerContainer' (OnClassCondition)
      - found 'session' scope (OnWebApplicationCondition)

   WebSocketServletAutoConfiguration.TomcatWebSocketConfiguration matched:
      - @ConditionalOnClass found required classes 'org.apache.catalina.startup.Tomcat', 'org.apache.tomcat.websocket.server.WsSci' (OnClassCondition)

   WebSocketServletAutoConfiguration.TomcatWebSocketConfiguration#websocketServletWebServerCustomizer matched:
      - @ConditionalOnMissingBean (names: websocketServletWebServerCustomizer; SearchStrategy: all) did not find any beans (OnBeanCondition)


Negative matches:
-----------------

   ActiveMQAutoConfiguration:
      Did not match:
         - @ConditionalOnClass did not find required class 'jakarta.jms.ConnectionFactory' (OnClassCondition)

   AopAutoConfiguration.AspectJAutoProxyingConfiguration.JdkDynamicAutoProxyConfiguration:
      Did not match:
         - @ConditionalOnProperty (spring.aop.proxy-target-class=false) did not find property 'proxy-target-class' (OnPropertyCondition)

   AopAutoConfiguration.ClassProxyingConfiguration:
      Did not match:
         - @ConditionalOnMissingClass found unwanted class 'org.aspectj.weaver.Advice' (OnClassCondition)

   AppOpticsMetricsExportAutoConfiguration:
      Did not match:
         - @ConditionalOnClass did not find required class 'io.micrometer.appoptics.AppOpticsMeterRegistry' (OnClassCondition)

   ArtemisAutoConfiguration:
      Did not match:
         - @ConditionalOnClass did not find required class 'jakarta.jms.ConnectionFactory' (OnClassCondition)

   AtlasMetricsExportAutoConfiguration:
      Did not match:
         - @ConditionalOnClass did not find required class 'io.micrometer.atlas.AtlasMeterRegistry' (OnClassCondition)

   AuditAutoConfiguration:
      Did not match:
         - @ConditionalOnBean (types: org.springframework.boot.actuate.audit.AuditEventRepository; SearchStrategy: all) did not find any beans of type org.springframework.boot.actuate.audit.AuditEventRepository (OnBeanCondition)
      Matched:
         - @ConditionalOnProperty (management.auditevents.enabled) matched (OnPropertyCondition)

   AuditEventsEndpointAutoConfiguration:
      Did not match:
         - @ConditionalOnAvailableEndpoint not exposed (OnAvailableEndpointCondition)

   AvailabilityHealthContributorAutoConfiguration#livenessStateHealthIndicator:
      Did not match:
         - @ConditionalOnProperty (management.health.livenessstate.enabled=true) did not find property 'enabled' (OnPropertyCondition)

   AvailabilityHealthContributorAutoConfiguration#readinessStateHealthIndicator:
      Did not match:
         - @ConditionalOnProperty (management.health.readinessstate.enabled=true) did not find property 'enabled' (OnPropertyCondition)

   AvailabilityProbesAutoConfiguration:
      Did not match:
         - Probes availability not running on a supported cloud platform (AvailabilityProbesAutoConfiguration.ProbesCondition)

   BatchAutoConfiguration:
      Did not match:
         - @ConditionalOnClass did not find required class 'org.springframework.batch.core.launch.JobLauncher' (OnClassCondition)

   BatchObservationAutoConfiguration:
      Did not match:
         - @ConditionalOnClass did not find required class 'org.springframework.batch.core.configuration.annotation.BatchObservabilityBeanPostProcessor' (OnClassCondition)

   BeansEndpointAutoConfiguration:
      Did not match:
         - @ConditionalOnAvailableEndpoint not exposed (OnAvailableEndpointCondition)

   BraveAutoConfiguration:
      Did not match:
         - @ConditionalOnClass did not find required class 'brave.Tracer' (OnClassCondition)

   Cache2kCacheConfiguration:
      Did not match:
         - @ConditionalOnClass did not find required class 'org.cache2k.Cache2kBuilder' (OnClassCondition)

   CacheAutoConfiguration:
      Did not match:
         - @ConditionalOnBean (types: org.springframework.cache.interceptor.CacheAspectSupport; SearchStrategy: all) did not find any beans of type org.springframework.cache.interceptor.CacheAspectSupport (OnBeanCondition)
      Matched:
         - @ConditionalOnClass found required class 'org.springframework.cache.CacheManager' (OnClassCondition)

   CacheAutoConfiguration.CacheManagerEntityManagerFactoryDependsOnPostProcessor:
      Did not match:
         - Ancestor org.springframework.boot.autoconfigure.cache.CacheAutoConfiguration did not match (ConditionEvaluationReport.AncestorsMatchedCondition)
      Matched:
         - @ConditionalOnClass found required class 'org.springframework.orm.jpa.LocalContainerEntityManagerFactoryBean' (OnClassCondition)

   CacheMeterBinderProvidersConfiguration.Cache2kCacheMeterBinderProviderConfiguration:
      Did not match:
         - @ConditionalOnClass did not find required classes 'org.cache2k.Cache2kBuilder', 'org.cache2k.extra.spring.SpringCache2kCache', 'org.cache2k.extra.micrometer.Cache2kCacheMetrics' (OnClassCondition)

   CacheMeterBinderProvidersConfiguration.CaffeineCacheMeterBinderProviderConfiguration:
      Did not match:
         - @ConditionalOnClass did not find required class 'com.github.benmanes.caffeine.cache.Cache' (OnClassCondition)

   CacheMeterBinderProvidersConfiguration.HazelcastCacheMeterBinderProviderConfiguration:
      Did not match:
         - @ConditionalOnClass did not find required classes 'com.hazelcast.spring.cache.HazelcastCache', 'com.hazelcast.core.Hazelcast' (OnClassCondition)

   CacheMeterBinderProvidersConfiguration.JCacheCacheMeterBinderProviderConfiguration:
      Did not match:
         - @ConditionalOnClass did not find required class 'javax.cache.CacheManager' (OnClassCondition)

   CacheMeterBinderProvidersConfiguration.RedisCacheMeterBinderProviderConfiguration:
      Did not match:
         - @ConditionalOnClass did not find required class 'org.springframework.data.redis.cache.RedisCache' (OnClassCondition)

   CacheMetricsAutoConfiguration:
      Did not match:
         - @ConditionalOnBean (types: org.springframework.cache.CacheManager; SearchStrategy: all) did not find any beans of type org.springframework.cache.CacheManager (OnBeanCondition)

   CachesEndpointAutoConfiguration:
      Did not match:
         - @ConditionalOnAvailableEndpoint not exposed (OnAvailableEndpointCondition)
      Matched:
         - @ConditionalOnClass found required class 'org.springframework.cache.CacheManager' (OnClassCondition)

   CaffeineCacheConfiguration:
      Did not match:
         - @ConditionalOnClass did not find required class 'com.github.benmanes.caffeine.cache.Caffeine' (OnClassCondition)

   CassandraAutoConfiguration:
      Did not match:
         - @ConditionalOnClass did not find required class 'com.datastax.oss.driver.api.core.CqlSession' (OnClassCondition)

   CassandraDataAutoConfiguration:
      Did not match:
         - @ConditionalOnClass did not find required class 'com.datastax.oss.driver.api.core.CqlSession' (OnClassCondition)

   CassandraHealthContributorAutoConfiguration:
      Did not match:
         - @ConditionalOnClass did not find required class 'com.datastax.oss.driver.api.core.CqlSession' (OnClassCondition)

   CassandraReactiveDataAutoConfiguration:
      Did not match:
         - @ConditionalOnClass did not find required class 'com.datastax.oss.driver.api.core.CqlSession' (OnClassCondition)

   CassandraReactiveHealthContributorAutoConfiguration:
      Did not match:
         - @ConditionalOnClass did not find required class 'com.datastax.oss.driver.api.core.CqlSession' (OnClassCondition)

   CassandraReactiveRepositoriesAutoConfiguration:
      Did not match:
         - @ConditionalOnClass did not find required class 'org.springframework.data.cassandra.ReactiveSession' (OnClassCondition)

   CassandraRepositoriesAutoConfiguration:
      Did not match:
         - @ConditionalOnClass did not find required class 'com.datastax.oss.driver.api.core.CqlSession' (OnClassCondition)

   ClientHttpConnectorAutoConfiguration:
      Did not match:
         - @ConditionalOnClass did not find required class 'org.springframework.web.reactive.function.client.WebClient' (OnClassCondition)

   CloudFoundryActuatorAutoConfiguration:
      Did not match:
         - @ConditionalOnCloudPlatform did not find CLOUD_FOUNDRY (OnCloudPlatformCondition)
      Matched:
         - @ConditionalOnClass found required class 'org.springframework.web.servlet.DispatcherServlet' (OnClassCondition)
         - found 'session' scope (OnWebApplicationCondition)
         - @ConditionalOnProperty (management.cloudfoundry.enabled) matched (OnPropertyCondition)

   CodecsAutoConfiguration:
      Did not match:
         - @ConditionalOnClass did not find required class 'org.springframework.web.reactive.function.client.WebClient' (OnClassCondition)

   CompositeMeterRegistryConfiguration:
      Did not match:
         - NoneNestedConditions 1 matched 1 did not; NestedCondition on CompositeMeterRegistryConfiguration.MultipleNonPrimaryMeterRegistriesCondition.SingleInjectableMeterRegistry @ConditionalOnSingleCandidate (types: io.micrometer.core.instrument.MeterRegistry; SearchStrategy: all) found a single bean 'simpleMeterRegistry'; NestedCondition on CompositeMeterRegistryConfiguration.MultipleNonPrimaryMeterRegistriesCondition.NoMeterRegistryCondition @ConditionalOnMissingBean (types: io.micrometer.core.instrument.MeterRegistry; SearchStrategy: all) found beans of type 'io.micrometer.core.instrument.MeterRegistry' simpleMeterRegistry (CompositeMeterRegistryConfiguration.MultipleNonPrimaryMeterRegistriesCondition)

   ConditionsReportEndpointAutoConfiguration:
      Did not match:
         - @ConditionalOnAvailableEndpoint not exposed (OnAvailableEndpointCondition)

   ConfigurationPropertiesReportEndpointAutoConfiguration:
      Did not match:
         - @ConditionalOnAvailableEndpoint not exposed (OnAvailableEndpointCondition)

   ConnectionFactoryHealthContributorAutoConfiguration:
      Did not match:
         - @ConditionalOnClass did not find required class 'io.r2dbc.spi.ConnectionFactory' (OnClassCondition)

   ConnectionPoolMetricsAutoConfiguration:
      Did not match:
         - @ConditionalOnClass did not find required class 'io.r2dbc.pool.ConnectionPool' (OnClassCondition)

   CouchbaseAutoConfiguration:
      Did not match:
         - @ConditionalOnClass did not find required class 'com.couchbase.client.java.Cluster' (OnClassCondition)

   CouchbaseCacheConfiguration:
      Did not match:
         - @ConditionalOnClass did not find required class 'com.couchbase.client.java.Cluster' (OnClassCondition)

   CouchbaseDataAutoConfiguration:
      Did not match:
         - @ConditionalOnClass did not find required class 'com.couchbase.client.java.Bucket' (OnClassCondition)

   CouchbaseHealthContributorAutoConfiguration:
      Did not match:
         - @ConditionalOnClass did not find required class 'com.couchbase.client.java.Cluster' (OnClassCondition)

   CouchbaseReactiveDataAutoConfiguration:
      Did not match:
         - @ConditionalOnClass did not find required class 'com.couchbase.client.java.Cluster' (OnClassCondition)

   CouchbaseReactiveHealthContributorAutoConfiguration:
      Did not match:
         - @ConditionalOnClass did not find required class 'com.couchbase.client.java.Cluster' (OnClassCondition)

   CouchbaseReactiveRepositoriesAutoConfiguration:
      Did not match:
         - @ConditionalOnClass did not find required class 'com.couchbase.client.java.Cluster' (OnClassCondition)

   CouchbaseRepositoriesAutoConfiguration:
      Did not match:
         - @ConditionalOnClass did not find required class 'com.couchbase.client.java.Bucket' (OnClassCondition)

   DataSourceAutoConfiguration.EmbeddedDatabaseConfiguration:
      Did not match:
         - EmbeddedDataSource spring.datasource.url is set (DataSourceAutoConfiguration.EmbeddedDatabaseCondition)

   DataSourceCheckpointRestoreConfiguration:
      Did not match:
         - @ConditionalOnClass did not find required class 'org.crac.Resource' (OnClassCondition)

   DataSourceConfiguration.Dbcp2:
      Did not match:
         - @ConditionalOnClass did not find required class 'org.apache.commons.dbcp2.BasicDataSource' (OnClassCondition)

   DataSourceConfiguration.Generic:
      Did not match:
         - @ConditionalOnProperty (spring.datasource.type) did not find property 'spring.datasource.type' (OnPropertyCondition)

   DataSourceConfiguration.OracleUcp:
      Did not match:
         - @ConditionalOnClass did not find required classes 'oracle.ucp.jdbc.PoolDataSourceImpl', 'oracle.jdbc.OracleConnection' (OnClassCondition)

   DataSourceConfiguration.Tomcat:
      Did not match:
         - @ConditionalOnClass did not find required class 'org.apache.tomcat.jdbc.pool.DataSource' (OnClassCondition)

   DataSourceJmxConfiguration.TomcatDataSourceJmxConfiguration:
      Did not match:
         - @ConditionalOnClass did not find required class 'org.apache.tomcat.jdbc.pool.DataSourceProxy' (OnClassCondition)

   DataSourcePoolMetadataProvidersConfiguration.CommonsDbcp2PoolDataSourceMetadataProviderConfiguration:
      Did not match:
         - @ConditionalOnClass did not find required class 'org.apache.commons.dbcp2.BasicDataSource' (OnClassCondition)

   DataSourcePoolMetadataProvidersConfiguration.OracleUcpPoolDataSourceMetadataProviderConfiguration:
      Did not match:
         - @ConditionalOnClass did not find required classes 'oracle.ucp.jdbc.PoolDataSource', 'oracle.jdbc.OracleConnection' (OnClassCondition)

   DataSourcePoolMetadataProvidersConfiguration.TomcatDataSourcePoolMetadataProviderConfiguration:
      Did not match:
         - @ConditionalOnClass did not find required class 'org.apache.tomcat.jdbc.pool.DataSource' (OnClassCondition)

   DataSourceTransactionManagerAutoConfiguration.JdbcTransactionManagerConfiguration#transactionManager:
      Did not match:
         - @ConditionalOnMissingBean (types: org.springframework.transaction.TransactionManager; SearchStrategy: all) found beans of type 'org.springframework.transaction.TransactionManager' transactionManager (OnBeanCondition)

   DatadogMetricsExportAutoConfiguration:
      Did not match:
         - @ConditionalOnClass did not find required class 'io.micrometer.datadog.DatadogMeterRegistry' (OnClassCondition)

   DispatcherServletAutoConfiguration.DispatcherServletConfiguration#multipartResolver:
      Did not match:
         - @ConditionalOnBean (types: org.springframework.web.multipart.MultipartResolver; SearchStrategy: all) did not find any beans of type org.springframework.web.multipart.MultipartResolver (OnBeanCondition)

   DynatraceMetricsExportAutoConfiguration:
      Did not match:
         - @ConditionalOnClass did not find required class 'io.micrometer.dynatrace.DynatraceMeterRegistry' (OnClassCondition)

   ElasticMetricsExportAutoConfiguration:
      Did not match:
         - @ConditionalOnClass did not find required class 'io.micrometer.elastic.ElasticMeterRegistry' (OnClassCondition)

   ElasticsearchClientAutoConfiguration:
      Did not match:
         - @ConditionalOnClass did not find required class 'co.elastic.clients.elasticsearch.ElasticsearchClient' (OnClassCondition)

   ElasticsearchDataAutoConfiguration:
      Did not match:
         - @ConditionalOnClass did not find required class 'org.springframework.data.elasticsearch.client.elc.ElasticsearchTemplate' (OnClassCondition)

   ElasticsearchReactiveHealthContributorAutoConfiguration:
      Did not match:
         - @ConditionalOnClass did not find required class 'reactor.core.publisher.Flux' (OnClassCondition)

   ElasticsearchRepositoriesAutoConfiguration:
      Did not match:
         - @ConditionalOnClass did not find required class 'org.springframework.data.elasticsearch.repository.ElasticsearchRepository' (OnClassCondition)

   ElasticsearchRestClientAutoConfiguration:
      Did not match:
         - @ConditionalOnClass did not find required class 'org.elasticsearch.client.RestClientBuilder' (OnClassCondition)

   ElasticsearchRestHealthContributorAutoConfiguration:
      Did not match:
         - @ConditionalOnClass did not find required class 'org.elasticsearch.client.RestClient' (OnClassCondition)

   EmbeddedLdapAutoConfiguration:
      Did not match:
         - @ConditionalOnClass did not find required class 'com.unboundid.ldap.listener.InMemoryDirectoryServer' (OnClassCondition)

   EmbeddedWebServerFactoryCustomizerAutoConfiguration.JettyWebServerFactoryCustomizerConfiguration:
      Did not match:
         - @ConditionalOnClass did not find required classes 'org.eclipse.jetty.server.Server', 'org.eclipse.jetty.util.Loader', 'org.eclipse.jetty.ee10.webapp.WebAppContext' (OnClassCondition)

   EmbeddedWebServerFactoryCustomizerAutoConfiguration.NettyWebServerFactoryCustomizerConfiguration:
      Did not match:
         - @ConditionalOnClass did not find required class 'reactor.netty.http.server.HttpServer' (OnClassCondition)

   EmbeddedWebServerFactoryCustomizerAutoConfiguration.TomcatWebServerFactoryCustomizerConfiguration#tomcatVirtualThreadsProtocolHandlerCustomizer:
      Did not match:
         - @ConditionalOnThreading did not find VIRTUAL (OnThreadingCondition)

   EmbeddedWebServerFactoryCustomizerAutoConfiguration.UndertowWebServerFactoryCustomizerConfiguration:
      Did not match:
         - @ConditionalOnClass did not find required classes 'io.undertow.Undertow', 'org.xnio.SslClientAuthMode' (OnClassCondition)

   EnvironmentEndpointAutoConfiguration:
      Did not match:
         - @ConditionalOnAvailableEndpoint not exposed (OnAvailableEndpointCondition)

   ErrorWebFluxAutoConfiguration:
      Did not match:
         - @ConditionalOnClass did not find required class 'org.springframework.web.reactive.config.WebFluxConfigurer' (OnClassCondition)

   FlywayAutoConfiguration:
      Did not match:
         - @ConditionalOnClass did not find required class 'org.flywaydb.core.Flyway' (OnClassCondition)

   FlywayEndpointAutoConfiguration:
      Did not match:
         - @ConditionalOnClass did not find required class 'org.flywaydb.core.Flyway' (OnClassCondition)

   FreeMarkerAutoConfiguration:
      Did not match:
         - @ConditionalOnClass did not find required class 'freemarker.template.Configuration' (OnClassCondition)

   GangliaMetricsExportAutoConfiguration:
      Did not match:
         - @ConditionalOnClass did not find required class 'io.micrometer.ganglia.GangliaMeterRegistry' (OnClassCondition)

   GraphQlAutoConfiguration:
      Did not match:
         - @ConditionalOnClass did not find required class 'graphql.GraphQL' (OnClassCondition)

   GraphQlObservationAutoConfiguration:
      Did not match:
         - @ConditionalOnClass did not find required class 'graphql.GraphQL' (OnClassCondition)

   GraphQlQueryByExampleAutoConfiguration:
      Did not match:
         - @ConditionalOnClass did not find required class 'graphql.GraphQL' (OnClassCondition)

   GraphQlQuerydslAutoConfiguration:
      Did not match:
         - @ConditionalOnClass did not find required class 'com.querydsl.core.Query' (OnClassCondition)

   GraphQlRSocketAutoConfiguration:
      Did not match:
         - @ConditionalOnClass did not find required class 'graphql.GraphQL' (OnClassCondition)

   GraphQlReactiveQueryByExampleAutoConfiguration:
      Did not match:
         - @ConditionalOnClass did not find required class 'graphql.GraphQL' (OnClassCondition)

   GraphQlReactiveQuerydslAutoConfiguration:
      Did not match:
         - @ConditionalOnClass did not find required class 'com.querydsl.core.Query' (OnClassCondition)

   GraphQlWebFluxAutoConfiguration:
      Did not match:
         - @ConditionalOnClass did not find required class 'graphql.GraphQL' (OnClassCondition)

   GraphQlWebFluxSecurityAutoConfiguration:
      Did not match:
         - @ConditionalOnClass did not find required class 'graphql.GraphQL' (OnClassCondition)

   GraphQlWebMvcAutoConfiguration:
      Did not match:
         - @ConditionalOnClass did not find required class 'graphql.GraphQL' (OnClassCondition)

   GraphQlWebMvcSecurityAutoConfiguration:
      Did not match:
         - @ConditionalOnClass did not find required class 'graphql.GraphQL' (OnClassCondition)

   GraphiteMetricsExportAutoConfiguration:
      Did not match:
         - @ConditionalOnClass did not find required class 'io.micrometer.graphite.GraphiteMeterRegistry' (OnClassCondition)

   GroovyTemplateAutoConfiguration:
      Did not match:
         - @ConditionalOnClass did not find required class 'groovy.text.markup.MarkupTemplateEngine' (OnClassCondition)

   GsonAutoConfiguration:
      Did not match:
         - @ConditionalOnClass did not find required class 'com.google.gson.Gson' (OnClassCondition)

   GsonHttpMessageConvertersConfiguration:
      Did not match:
         - @ConditionalOnClass did not find required class 'com.google.gson.Gson' (OnClassCondition)

   HazelcastAutoConfiguration:
      Did not match:
         - @ConditionalOnClass did not find required class 'com.hazelcast.core.HazelcastInstance' (OnClassCondition)

   HazelcastCacheConfiguration:
      Did not match:
         - @ConditionalOnClass did not find required class 'com.hazelcast.core.HazelcastInstance' (OnClassCondition)

   HazelcastHealthContributorAutoConfiguration:
      Did not match:
         - @ConditionalOnClass did not find required class 'com.hazelcast.core.HazelcastInstance' (OnClassCondition)

   HazelcastJpaDependencyAutoConfiguration:
      Did not match:
         - @ConditionalOnClass did not find required class 'com.hazelcast.core.HazelcastInstance' (OnClassCondition)

   HealthEndpointReactiveWebExtensionConfiguration:
      Did not match:
         - did not find reactive web application classes (OnWebApplicationCondition)

   HealthEndpointWebExtensionConfiguration.JerseyAdditionalHealthEndpointPathsConfiguration:
      Did not match:
         - @ConditionalOnClass did not find required class 'org.glassfish.jersey.server.ResourceConfig' (OnClassCondition)

   HeapDumpWebEndpointAutoConfiguration:
      Did not match:
         - @ConditionalOnAvailableEndpoint not exposed (OnAvailableEndpointCondition)

   HibernateMetricsAutoConfiguration:
      Did not match:
         - @ConditionalOnClass did not find required class 'org.hibernate.stat.HibernateMetrics' (OnClassCondition)

   HttpExchangesAutoConfiguration:
      Did not match:
         - @ConditionalOnBean (types: org.springframework.boot.actuate.web.exchanges.HttpExchangeRepository; SearchStrategy: all) did not find any beans of type org.springframework.boot.actuate.web.exchanges.HttpExchangeRepository (OnBeanCondition)
      Matched:
         - @ConditionalOnWebApplication (required) found 'session' scope (OnWebApplicationCondition)
         - @ConditionalOnProperty (management.httpexchanges.recording.enabled) matched (OnPropertyCondition)

   HttpExchangesAutoConfiguration.ReactiveHttpExchangesConfiguration:
      Did not match:
         - did not find reactive web application classes (OnWebApplicationCondition)
         - Ancestor org.springframework.boot.actuate.autoconfigure.web.exchanges.HttpExchangesAutoConfiguration did not match (ConditionEvaluationReport.AncestorsMatchedCondition)

   HttpExchangesAutoConfiguration.ServletHttpExchangesConfiguration:
      Did not match:
         - Ancestor org.springframework.boot.actuate.autoconfigure.web.exchanges.HttpExchangesAutoConfiguration did not match (ConditionEvaluationReport.AncestorsMatchedCondition)
      Matched:
         - found 'session' scope (OnWebApplicationCondition)

   HttpExchangesEndpointAutoConfiguration:
      Did not match:
         - @ConditionalOnAvailableEndpoint not exposed (OnAvailableEndpointCondition)

   HttpHandlerAutoConfiguration:
      Did not match:
         - @ConditionalOnClass did not find required class 'org.springframework.web.reactive.DispatcherHandler' (OnClassCondition)

   HumioMetricsExportAutoConfiguration:
      Did not match:
         - @ConditionalOnClass did not find required class 'io.micrometer.humio.HumioMeterRegistry' (OnClassCondition)

   HypermediaAutoConfiguration:
      Did not match:
         - @ConditionalOnClass did not find required class 'org.springframework.hateoas.EntityModel' (OnClassCondition)

   InfinispanCacheConfiguration:
      Did not match:
         - @ConditionalOnClass did not find required class 'org.infinispan.spring.embedded.provider.SpringEmbeddedCacheManager' (OnClassCondition)

   InfluxMetricsExportAutoConfiguration:
      Did not match:
         - @ConditionalOnClass did not find required class 'io.micrometer.influx.InfluxMeterRegistry' (OnClassCondition)

   InfoContributorAutoConfiguration#buildInfoContributor:
      Did not match:
         - @ConditionalOnSingleCandidate (types: org.springframework.boot.info.BuildProperties; SearchStrategy: all) did not find any beans (OnBeanCondition)
      Matched:
         - @ConditionalOnEnabledInfoContributor management.info.defaults.enabled is considered true (OnEnabledInfoContributorCondition)

   InfoContributorAutoConfiguration#envInfoContributor:
      Did not match:
         - @ConditionalOnEnabledInfoContributor management.info.env.enabled is not true (OnEnabledInfoContributorCondition)

   InfoContributorAutoConfiguration#gitInfoContributor:
      Did not match:
         - @ConditionalOnSingleCandidate (types: org.springframework.boot.info.GitProperties; SearchStrategy: all) did not find any beans (OnBeanCondition)
      Matched:
         - @ConditionalOnEnabledInfoContributor management.info.defaults.enabled is considered true (OnEnabledInfoContributorCondition)

   InfoContributorAutoConfiguration#javaInfoContributor:
      Did not match:
         - @ConditionalOnEnabledInfoContributor management.info.java.enabled is not true (OnEnabledInfoContributorCondition)

   InfoContributorAutoConfiguration#osInfoContributor:
      Did not match:
         - @ConditionalOnEnabledInfoContributor management.info.os.enabled is not true (OnEnabledInfoContributorCondition)

   InfoContributorAutoConfiguration#processInfoContributor:
      Did not match:
         - @ConditionalOnEnabledInfoContributor management.info.process.enabled is not true (OnEnabledInfoContributorCondition)

   InfoContributorAutoConfiguration#sslInfo:
      Did not match:
         - @ConditionalOnEnabledInfoContributor management.info.ssl.enabled is not true (OnEnabledInfoContributorCondition)
      Matched:
         - @ConditionalOnMissingBean (types: org.springframework.boot.info.SslInfo; SearchStrategy: all) did not find any beans (OnBeanCondition)

   InfoContributorAutoConfiguration#sslInfoContributor:
      Did not match:
         - @ConditionalOnEnabledInfoContributor management.info.ssl.enabled is not true (OnEnabledInfoContributorCondition)

   IntegrationAutoConfiguration:
      Did not match:
         - @ConditionalOnClass did not find required class 'org.springframework.integration.config.EnableIntegration' (OnClassCondition)

   IntegrationGraphEndpointAutoConfiguration:
      Did not match:
         - @ConditionalOnClass did not find required class 'org.springframework.integration.graph.IntegrationGraphServer' (OnClassCondition)

   JCacheCacheConfiguration:
      Did not match:
         - @ConditionalOnClass did not find required class 'javax.cache.Caching' (OnClassCondition)

   JacksonHttpMessageConvertersConfiguration.MappingJackson2XmlHttpMessageConverterConfiguration:
      Did not match:
         - @ConditionalOnClass did not find required class 'com.fasterxml.jackson.dataformat.xml.XmlMapper' (OnClassCondition)

   JdbcRepositoriesAutoConfiguration:
      Did not match:
         - @ConditionalOnClass did not find required class 'org.springframework.data.jdbc.repository.config.AbstractJdbcConfiguration' (OnClassCondition)

   JerseyAutoConfiguration:
      Did not match:
         - @ConditionalOnClass did not find required class 'org.glassfish.jersey.server.spring.SpringComponentProvider' (OnClassCondition)

   JerseySameManagementContextConfiguration:
      Did not match:
         - @ConditionalOnClass did not find required class 'org.glassfish.jersey.server.ResourceConfig' (OnClassCondition)

   JerseyServerMetricsAutoConfiguration:
      Did not match:
         - @ConditionalOnClass did not find required class 'org.glassfish.jersey.micrometer.server.ObservationApplicationEventListener' (OnClassCondition)

   JerseyWebEndpointManagementContextConfiguration:
      Did not match:
         - @ConditionalOnClass did not find required class 'org.glassfish.jersey.server.ResourceConfig' (OnClassCondition)

   JettyMetricsAutoConfiguration:
      Did not match:
         - @ConditionalOnClass did not find required class 'org.eclipse.jetty.server.Server' (OnClassCondition)

   JmsAutoConfiguration:
      Did not match:
         - @ConditionalOnClass did not find required class 'jakarta.jms.Message' (OnClassCondition)

   JmsHealthContributorAutoConfiguration:
      Did not match:
         - @ConditionalOnClass did not find required class 'jakarta.jms.ConnectionFactory' (OnClassCondition)

   JmxAutoConfiguration:
      Did not match:
         - @ConditionalOnProperty (spring.jmx.enabled=true) did not find property 'enabled' (OnPropertyCondition)
      Matched:
         - @ConditionalOnClass found required class 'org.springframework.jmx.export.MBeanExporter' (OnClassCondition)

   JmxEndpointAutoConfiguration:
      Did not match:
         - @ConditionalOnProperty (spring.jmx.enabled=true) did not find property 'enabled' (OnPropertyCondition)

   JmxMetricsExportAutoConfiguration:
      Did not match:
         - @ConditionalOnClass did not find required class 'io.micrometer.jmx.JmxMeterRegistry' (OnClassCondition)

   JndiConnectionFactoryAutoConfiguration:
      Did not match:
         - @ConditionalOnClass did not find required class 'org.springframework.jms.core.JmsTemplate' (OnClassCondition)

   JndiDataSourceAutoConfiguration:
      Did not match:
         - @ConditionalOnProperty (spring.datasource.jndi-name) did not find property 'jndi-name' (OnPropertyCondition)
      Matched:
         - @ConditionalOnClass found required classes 'javax.sql.DataSource', 'org.springframework.jdbc.datasource.embedded.EmbeddedDatabaseType' (OnClassCondition)

   JndiJtaConfiguration:
      Did not match:
         - @ConditionalOnJndi JNDI environment is not available (OnJndiCondition)
      Matched:
         - @ConditionalOnClass found required class 'org.springframework.transaction.jta.JtaTransactionManager' (OnClassCondition)

   JooqAutoConfiguration:
      Did not match:
         - @ConditionalOnClass did not find required class 'org.jooq.DSLContext' (OnClassCondition)

   JpaBaseConfiguration.JpaWebConfiguration:
      Did not match:
         - @ConditionalOnProperty (spring.jpa.open-in-view=true) found different value in property 'open-in-view' (OnPropertyCondition)
      Matched:
         - @ConditionalOnClass found required class 'org.springframework.web.servlet.config.annotation.WebMvcConfigurer' (OnClassCondition)
         - found 'session' scope (OnWebApplicationCondition)

   JpaRepositoriesAutoConfiguration#entityManagerFactoryBootstrapExecutorCustomizer:
      Did not match:
         - AnyNestedCondition 0 matched 2 did not; NestedCondition on JpaRepositoriesAutoConfiguration.BootstrapExecutorCondition.LazyBootstrapMode @ConditionalOnProperty (spring.data.jpa.repositories.bootstrap-mode=lazy) did not find property 'bootstrap-mode'; NestedCondition on JpaRepositoriesAutoConfiguration.BootstrapExecutorCondition.DeferredBootstrapMode @ConditionalOnProperty (spring.data.jpa.repositories.bootstrap-mode=deferred) did not find property 'bootstrap-mode' (JpaRepositoriesAutoConfiguration.BootstrapExecutorCondition)

   JsonbAutoConfiguration:
      Did not match:
         - @ConditionalOnClass did not find required class 'jakarta.json.bind.Jsonb' (OnClassCondition)

   JsonbHttpMessageConvertersConfiguration:
      Did not match:
         - @ConditionalOnClass did not find required class 'jakarta.json.bind.Jsonb' (OnClassCondition)

   KafkaAutoConfiguration:
      Did not match:
         - @ConditionalOnClass did not find required class 'org.springframework.kafka.core.KafkaTemplate' (OnClassCondition)

   KafkaMetricsAutoConfiguration:
      Did not match:
         - @ConditionalOnClass did not find required class 'org.springframework.kafka.core.ProducerFactory' (OnClassCondition)

   KairosMetricsExportAutoConfiguration:
      Did not match:
         - @ConditionalOnClass did not find required class 'io.micrometer.kairos.KairosMeterRegistry' (OnClassCondition)

   LdapAutoConfiguration:
      Did not match:
         - @ConditionalOnClass did not find required class 'org.springframework.ldap.core.ContextSource' (OnClassCondition)

   LdapHealthContributorAutoConfiguration:
      Did not match:
         - @ConditionalOnClass did not find required class 'org.springframework.ldap.core.LdapOperations' (OnClassCondition)

   LdapRepositoriesAutoConfiguration:
      Did not match:
         - @ConditionalOnClass did not find required class 'org.springframework.data.ldap.repository.LdapRepository' (OnClassCondition)

   LettuceMetricsAutoConfiguration:
      Did not match:
         - @ConditionalOnClass did not find required class 'io.lettuce.core.metrics.MicrometerCommandLatencyRecorder' (OnClassCondition)

   LiquibaseAutoConfiguration:
      Did not match:
         - @ConditionalOnClass did not find required class 'liquibase.change.DatabaseChange' (OnClassCondition)

   LiquibaseEndpointAutoConfiguration:
      Did not match:
         - @ConditionalOnClass did not find required class 'liquibase.integration.spring.SpringLiquibase' (OnClassCondition)

   Log4J2MetricsAutoConfiguration:
      Did not match:
         - @ConditionalOnClass did not find required class 'org.apache.logging.log4j.core.LoggerContext' (OnClassCondition)

   LogFileWebEndpointAutoConfiguration:
      Did not match:
         - @ConditionalOnAvailableEndpoint not exposed (OnAvailableEndpointCondition)

   LoggersEndpointAutoConfiguration:
      Did not match:
         - @ConditionalOnAvailableEndpoint not exposed (OnAvailableEndpointCondition)

   MailHealthContributorAutoConfiguration:
      Did not match:
         - @ConditionalOnEnabledHealthIndicator management.health.mail.enabled is false (OnEnabledHealthIndicatorCondition)
      Matched:
         - @ConditionalOnClass found required class 'org.springframework.mail.javamail.JavaMailSenderImpl' (OnClassCondition)

   MailSenderJndiConfiguration:
      Did not match:
         - @ConditionalOnProperty (spring.mail.jndi-name) did not find property 'jndi-name' (OnPropertyCondition)
      Matched:
         - @ConditionalOnClass found required class 'jakarta.mail.Session' (OnClassCondition)

   MailSenderValidatorAutoConfiguration:
      Did not match:
         - @ConditionalOnProperty (spring.mail.test-connection) did not find property 'test-connection' (OnPropertyCondition)

   ManagementContextAutoConfiguration.DifferentManagementContextConfiguration:
      Did not match:
         - Management Port actual port type (SAME) did not match required type (DIFFERENT) (OnManagementPortCondition)

   ManagementWebSecurityAutoConfiguration:
      Did not match:
         - AllNestedConditions 1 matched 1 did not; NestedCondition on DefaultWebSecurityCondition.Beans @ConditionalOnMissingBean (types: org.springframework.security.web.SecurityFilterChain; SearchStrategy: all) found beans of type 'org.springframework.security.web.SecurityFilterChain' securityFilterChain; NestedCondition on DefaultWebSecurityCondition.Classes @ConditionalOnClass found required classes 'org.springframework.security.web.SecurityFilterChain', 'org.springframework.security.config.annotation.web.builders.HttpSecurity' (DefaultWebSecurityCondition)
      Matched:
         - found 'session' scope (OnWebApplicationCondition)

   MappingsEndpointAutoConfiguration:
      Did not match:
         - @ConditionalOnAvailableEndpoint not exposed (OnAvailableEndpointCondition)

   MessageSourceAutoConfiguration:
      Did not match:
         - ResourceBundle did not find bundle with basename messages (MessageSourceAutoConfiguration.ResourceBundleCondition)

   MetricsAspectsAutoConfiguration:
      Did not match:
         - AnyNestedCondition 0 matched 2 did not; NestedCondition on MetricsAspectsAutoConfiguration.ObservationAnnotationsEnabledCondition.ManagementObservationsEnabledCondition @ConditionalOnProperty (management.observations.annotations.enabled=true) did not find property 'enabled'; NestedCondition on MetricsAspectsAutoConfiguration.ObservationAnnotationsEnabledCondition.MicrometerObservationsEnabledCondition @ConditionalOnProperty (micrometer.observations.annotations.enabled=true) did not find property 'enabled' (MetricsAspectsAutoConfiguration.ObservationAnnotationsEnabledCondition)
      Matched:
         - @ConditionalOnClass found required classes 'io.micrometer.core.instrument.MeterRegistry', 'org.aspectj.weaver.Advice' (OnClassCondition)

   MetricsEndpointAutoConfiguration:
      Did not match:
         - @ConditionalOnAvailableEndpoint not exposed (OnAvailableEndpointCondition)
      Matched:
         - @ConditionalOnClass found required class 'io.micrometer.core.annotation.Timed' (OnClassCondition)

   MicrometerTracingAutoConfiguration:
      Did not match:
         - @ConditionalOnClass did not find required class 'io.micrometer.tracing.Tracer' (OnClassCondition)

   MongoAutoConfiguration:
      Did not match:
         - @ConditionalOnClass did not find required class 'com.mongodb.client.MongoClient' (OnClassCondition)

   MongoDataAutoConfiguration:
      Did not match:
         - @ConditionalOnClass did not find required class 'com.mongodb.client.MongoClient' (OnClassCondition)

   MongoHealthContributorAutoConfiguration:
      Did not match:
         - @ConditionalOnClass did not find required class 'org.springframework.data.mongodb.core.MongoTemplate' (OnClassCondition)

   MongoMetricsAutoConfiguration:
      Did not match:
         - @ConditionalOnClass did not find required class 'com.mongodb.MongoClientSettings' (OnClassCondition)

   MongoReactiveAutoConfiguration:
      Did not match:
         - @ConditionalOnClass did not find required class 'com.mongodb.reactivestreams.client.MongoClient' (OnClassCondition)

   MongoReactiveDataAutoConfiguration:
      Did not match:
         - @ConditionalOnClass did not find required class 'com.mongodb.reactivestreams.client.MongoClient' (OnClassCondition)

   MongoReactiveHealthContributorAutoConfiguration:
      Did not match:
         - @ConditionalOnClass did not find required class 'reactor.core.publisher.Flux' (OnClassCondition)

   MongoReactiveRepositoriesAutoConfiguration:
      Did not match:
         - @ConditionalOnClass did not find required class 'com.mongodb.reactivestreams.client.MongoClient' (OnClassCondition)

   MongoRepositoriesAutoConfiguration:
      Did not match:
         - @ConditionalOnClass did not find required class 'com.mongodb.client.MongoClient' (OnClassCondition)

   MultipleOpenApiSupportConfiguration:
      Did not match:
         - AnyNestedCondition 0 matched 2 did not; NestedCondition on MultipleOpenApiSupportCondition.OnActuatorDifferentPort found non-matching nested conditions Management Port actual port type (SAME) did not match required type (DIFFERENT), @ConditionalOnProperty (springdoc.show-actuator) did not find property 'springdoc.show-actuator'; NestedCondition on MultipleOpenApiSupportCondition.OnMultipleOpenApiSupportCondition AnyNestedCondition 0 matched 3 did not; NestedCondition on MultipleOpenApiGroupsCondition.OnListGroupedOpenApiBean @ConditionalOnBean (types: org.springdoc.core.models.GroupedOpenApi; SearchStrategy: all) did not find any beans of type org.springdoc.core.models.GroupedOpenApi; NestedCondition on MultipleOpenApiGroupsCondition.OnGroupConfigProperty @ConditionalOnProperty (springdoc.group-configs[0].group) did not find property 'springdoc.group-configs[0].group'; NestedCondition on MultipleOpenApiGroupsCondition.OnGroupedOpenApiBean @ConditionalOnBean (types: org.springdoc.core.models.GroupedOpenApi; SearchStrategy: all) did not find any beans of type org.springdoc.core.models.GroupedOpenApi (MultipleOpenApiSupportCondition)
      Matched:
         - found 'session' scope (OnWebApplicationCondition)
         - @ConditionalOnProperty (springdoc.api-docs.enabled) matched (OnPropertyCondition)

   MultipleOpenApiSupportConfiguration.SpringDocWebMvcActuatorDifferentConfiguration:
      Did not match:
         - Management Port actual port type (SAME) did not match required type (DIFFERENT) (OnManagementPortCondition)
         - Ancestor org.springdoc.webmvc.core.configuration.MultipleOpenApiSupportConfiguration did not match (ConditionEvaluationReport.AncestorsMatchedCondition)
      Matched:
         - @ConditionalOnClass found required class 'org.springframework.boot.actuate.endpoint.web.servlet.WebMvcEndpointHandlerMapping' (OnClassCondition)

   MustacheAutoConfiguration:
      Did not match:
         - @ConditionalOnClass did not find required class 'com.samskivert.mustache.Mustache' (OnClassCondition)

   Neo4jAutoConfiguration:
      Did not match:
         - @ConditionalOnClass did not find required class 'org.neo4j.driver.Driver' (OnClassCondition)

   Neo4jDataAutoConfiguration:
      Did not match:
         - @ConditionalOnClass did not find required class 'org.neo4j.driver.Driver' (OnClassCondition)

   Neo4jHealthContributorAutoConfiguration:
      Did not match:
         - @ConditionalOnClass did not find required class 'org.neo4j.driver.Driver' (OnClassCondition)

   Neo4jReactiveDataAutoConfiguration:
      Did not match:
         - @ConditionalOnClass did not find required class 'org.neo4j.driver.Driver' (OnClassCondition)

   Neo4jReactiveRepositoriesAutoConfiguration:
      Did not match:
         - @ConditionalOnClass did not find required class 'org.neo4j.driver.Driver' (OnClassCondition)

   Neo4jRepositoriesAutoConfiguration:
      Did not match:
         - @ConditionalOnClass did not find required class 'org.neo4j.driver.Driver' (OnClassCondition)

   NettyAutoConfiguration:
      Did not match:
         - @ConditionalOnClass did not find required class 'io.netty.util.NettyRuntime' (OnClassCondition)

   NewRelicMetricsExportAutoConfiguration:
      Did not match:
         - @ConditionalOnClass did not find required class 'io.micrometer.newrelic.NewRelicMeterRegistry' (OnClassCondition)

   NoOpMeterRegistryConfiguration:
      Did not match:
         - @ConditionalOnMissingBean (types: io.micrometer.core.instrument.MeterRegistry; SearchStrategy: all) found beans of type 'io.micrometer.core.instrument.MeterRegistry' simpleMeterRegistry (OnBeanCondition)

   NoopTracerAutoConfiguration:
      Did not match:
         - @ConditionalOnClass did not find required class 'io.micrometer.tracing.Tracer' (OnClassCondition)

   OAuth2AuthorizationServerAutoConfiguration:
      Did not match:
         - @ConditionalOnClass did not find required class 'org.springframework.security.oauth2.server.authorization.OAuth2Authorization' (OnClassCondition)

   OAuth2AuthorizationServerJwtAutoConfiguration:
      Did not match:
         - @ConditionalOnClass did not find required class 'com.nimbusds.jose.jwk.source.JWKSource' (OnClassCondition)

   OAuth2ClientAutoConfiguration:
      Did not match:
         - @ConditionalOnClass did not find required class 'org.springframework.security.oauth2.client.registration.ClientRegistration' (OnClassCondition)

   OAuth2ResourceServerAutoConfiguration:
      Did not match:
         - @ConditionalOnClass did not find required class 'org.springframework.security.oauth2.server.resource.authentication.BearerTokenAuthenticationToken' (OnClassCondition)

   ObservationAutoConfiguration.MeterObservationHandlerConfiguration.TracingAndMetricsObservationHandlerConfiguration:
      Did not match:
         - @ConditionalOnBean did not find required type 'io.micrometer.tracing.Tracer' (OnBeanCondition)
         - @ConditionalOnBean (types: io.micrometer.tracing.Tracer; SearchStrategy: all) did not find any beans of type io.micrometer.tracing.Tracer (OnBeanCondition)

   ObservationAutoConfiguration.MetricsWithTracingConfiguration:
      Did not match:
         - @ConditionalOnClass did not find required class 'io.micrometer.tracing.Tracer' (OnClassCondition)

   ObservationAutoConfiguration.OnlyTracingConfiguration:
      Did not match:
         - @ConditionalOnClass did not find required class 'io.micrometer.tracing.Tracer' (OnClassCondition)

   OpenTelemetryAutoConfiguration:
      Did not match:
         - @ConditionalOnClass did not find required class 'io.opentelemetry.sdk.OpenTelemetrySdk' (OnClassCondition)

   OpenTelemetryLoggingAutoConfiguration:
      Did not match:
         - @ConditionalOnClass did not find required class 'io.opentelemetry.api.OpenTelemetry' (OnClassCondition)

   OpenTelemetryTracingAutoConfiguration:
      Did not match:
         - @ConditionalOnClass did not find required class 'io.micrometer.tracing.otel.bridge.OtelTracer' (OnClassCondition)

   OtlpLoggingAutoConfiguration:
      Did not match:
         - @ConditionalOnClass did not find required class 'io.opentelemetry.api.OpenTelemetry' (OnClassCondition)

   OtlpMetricsExportAutoConfiguration:
      Did not match:
         - @ConditionalOnClass did not find required class 'io.micrometer.registry.otlp.OtlpMeterRegistry' (OnClassCondition)

   OtlpTracingAutoConfiguration:
      Did not match:
         - @ConditionalOnClass did not find required class 'io.micrometer.tracing.otel.bridge.OtelTracer' (OnClassCondition)

   ProjectInfoAutoConfiguration#buildProperties:
      Did not match:
         - @ConditionalOnResource did not find resource '${spring.info.build.location:classpath:META-INF/build-info.properties}' (OnResourceCondition)

   ProjectInfoAutoConfiguration#gitProperties:
      Did not match:
         - GitResource did not find git info at classpath:git.properties (ProjectInfoAutoConfiguration.GitResourceAvailableCondition)

   PrometheusExemplarsAutoConfiguration:
      Did not match:
         - @ConditionalOnClass did not find required class 'io.micrometer.tracing.Tracer' (OnClassCondition)

   PrometheusMetricsExportAutoConfiguration:
      Did not match:
         - @ConditionalOnClass did not find required class 'io.micrometer.prometheusmetrics.PrometheusMeterRegistry' (OnClassCondition)

   PrometheusSimpleclientExemplarsAutoConfiguration:
      Did not match:
         - @ConditionalOnClass did not find required class 'io.micrometer.tracing.Tracer' (OnClassCondition)

   PrometheusSimpleclientMetricsExportAutoConfiguration:
      Did not match:
         - @ConditionalOnClass did not find required class 'io.micrometer.prometheus.PrometheusMeterRegistry' (OnClassCondition)

   PulsarAutoConfiguration:
      Did not match:
         - @ConditionalOnClass did not find required class 'org.apache.pulsar.client.api.PulsarClient' (OnClassCondition)

   PulsarReactiveAutoConfiguration:
      Did not match:
         - @ConditionalOnClass did not find required class 'org.apache.pulsar.client.api.PulsarClient' (OnClassCondition)

   QuartzAutoConfiguration:
      Did not match:
         - @ConditionalOnClass did not find required class 'org.quartz.Scheduler' (OnClassCondition)

   QuartzEndpointAutoConfiguration:
      Did not match:
         - @ConditionalOnClass did not find required class 'org.quartz.Scheduler' (OnClassCondition)

   R2dbcAutoConfiguration:
      Did not match:
         - @ConditionalOnClass did not find required class 'io.r2dbc.spi.ConnectionFactory' (OnClassCondition)

   R2dbcDataAutoConfiguration:
      Did not match:
         - @ConditionalOnClass did not find required class 'org.springframework.data.r2dbc.core.R2dbcEntityTemplate' (OnClassCondition)

   R2dbcInitializationConfiguration:
      Did not match:
         - @ConditionalOnClass did not find required classes 'io.r2dbc.spi.ConnectionFactory', 'org.springframework.r2dbc.connection.init.DatabasePopulator' (OnClassCondition)

   R2dbcObservationAutoConfiguration:
      Did not match:
         - @ConditionalOnClass did not find required class 'io.r2dbc.proxy.ProxyConnectionFactory' (OnClassCondition)

   R2dbcProxyAutoConfiguration:
      Did not match:
         - @ConditionalOnClass did not find required class 'io.r2dbc.proxy.ProxyConnectionFactory' (OnClassCondition)

   R2dbcRepositoriesAutoConfiguration:
      Did not match:
         - @ConditionalOnClass did not find required class 'io.r2dbc.spi.ConnectionFactory' (OnClassCondition)

   R2dbcTransactionManagerAutoConfiguration:
      Did not match:
         - @ConditionalOnClass did not find required class 'org.springframework.r2dbc.connection.R2dbcTransactionManager' (OnClassCondition)

   RSocketGraphQlClientAutoConfiguration:
      Did not match:
         - @ConditionalOnClass did not find required class 'graphql.GraphQL' (OnClassCondition)

   RSocketMessagingAutoConfiguration:
      Did not match:
         - @ConditionalOnClass did not find required class 'io.rsocket.RSocket' (OnClassCondition)

   RSocketRequesterAutoConfiguration:
      Did not match:
         - @ConditionalOnClass did not find required class 'io.rsocket.RSocket' (OnClassCondition)

   RSocketSecurityAutoConfiguration:
      Did not match:
         - @ConditionalOnClass did not find required class 'org.springframework.security.rsocket.core.SecuritySocketAcceptorInterceptor' (OnClassCondition)

   RSocketServerAutoConfiguration:
      Did not match:
         - @ConditionalOnClass did not find required class 'io.rsocket.core.RSocketServer' (OnClassCondition)

   RSocketStrategiesAutoConfiguration:
      Did not match:
         - @ConditionalOnClass did not find required class 'io.netty.buffer.PooledByteBufAllocator' (OnClassCondition)

   RabbitAutoConfiguration:
      Did not match:
         - @ConditionalOnClass did not find required class 'com.rabbitmq.client.Channel' (OnClassCondition)

   RabbitHealthContributorAutoConfiguration:
      Did not match:
         - @ConditionalOnClass did not find required class 'org.springframework.amqp.rabbit.core.RabbitTemplate' (OnClassCondition)

   RabbitMetricsAutoConfiguration:
      Did not match:
         - @ConditionalOnClass did not find required class 'com.rabbitmq.client.ConnectionFactory' (OnClassCondition)

   ReactiveCloudFoundryActuatorAutoConfiguration:
      Did not match:
         - @ConditionalOnWebApplication did not find reactive web application classes (OnWebApplicationCondition)

   ReactiveElasticsearchClientAutoConfiguration:
      Did not match:
         - @ConditionalOnClass did not find required class 'co.elastic.clients.transport.ElasticsearchTransport' (OnClassCondition)

   ReactiveElasticsearchRepositoriesAutoConfiguration:
      Did not match:
         - @ConditionalOnClass did not find required class 'reactor.core.publisher.Mono' (OnClassCondition)

   ReactiveHealthEndpointConfiguration:
      Did not match:
         - @ConditionalOnClass did not find required class 'reactor.core.publisher.Flux' (OnClassCondition)

   ReactiveManagementContextAutoConfiguration:
      Did not match:
         - @ConditionalOnClass did not find required class 'reactor.core.publisher.Flux' (OnClassCondition)

   ReactiveManagementWebSecurityAutoConfiguration:
      Did not match:
         - @ConditionalOnWebApplication did not find reactive web application classes (OnWebApplicationCondition)

   ReactiveMultipartAutoConfiguration:
      Did not match:
         - @ConditionalOnClass did not find required class 'org.springframework.web.reactive.config.WebFluxConfigurer' (OnClassCondition)

   ReactiveOAuth2ClientAutoConfiguration:
      Did not match:
         - @ConditionalOnClass did not find required class 'reactor.core.publisher.Flux' (OnClassCondition)

   ReactiveOAuth2ResourceServerAutoConfiguration:
      Did not match:
         - @ConditionalOnWebApplication did not find reactive web application classes (OnWebApplicationCondition)

   ReactiveSecurityAutoConfiguration:
      Did not match:
         - @ConditionalOnClass did not find required class 'reactor.core.publisher.Flux' (OnClassCondition)

   ReactiveUserDetailsServiceAutoConfiguration:
      Did not match:
         - AnyNestedCondition 0 matched 2 did not; NestedCondition on ReactiveUserDetailsServiceAutoConfiguration.RSocketEnabledOrReactiveWebApplication.ReactiveWebApplicationCondition did not find reactive web application classes; NestedCondition on ReactiveUserDetailsServiceAutoConfiguration.RSocketEnabledOrReactiveWebApplication.RSocketSecurityEnabledCondition @ConditionalOnBean (types: org.springframework.messaging.rsocket.annotation.support.RSocketMessageHandler; SearchStrategy: all) did not find any beans of type org.springframework.messaging.rsocket.annotation.support.RSocketMessageHandler (ReactiveUserDetailsServiceAutoConfiguration.RSocketEnabledOrReactiveWebApplication)
      Matched:
         - @ConditionalOnClass found required class 'org.springframework.security.authentication.ReactiveAuthenticationManager' (OnClassCondition)
         - AnyNestedCondition 1 matched 2 did not; NestedCondition on ReactiveUserDetailsServiceAutoConfiguration.MissingAlternativeOrUserPropertiesConfigured.PasswordConfigured @ConditionalOnProperty (spring.security.user.password) did not find property 'password'; NestedCondition on ReactiveUserDetailsServiceAutoConfiguration.MissingAlternativeOrUserPropertiesConfigured.NameConfigured @ConditionalOnProperty (spring.security.user.name) did not find property 'name'; NestedCondition on ReactiveUserDetailsServiceAutoConfiguration.MissingAlternativeOrUserPropertiesConfigured.MissingAlternative @ConditionalOnMissingClass did not find unwanted classes 'org.springframework.security.oauth2.client.registration.ClientRegistrationRepository', 'org.springframework.security.oauth2.server.resource.introspection.ReactiveOpaqueTokenIntrospector' (ReactiveUserDetailsServiceAutoConfiguration.MissingAlternativeOrUserPropertiesConfigured)

   ReactiveWebServerFactoryAutoConfiguration:
      Did not match:
         - @ConditionalOnWebApplication did not find reactive web application classes (OnWebApplicationCondition)

   ReactorAutoConfiguration:
      Did not match:
         - @ConditionalOnClass did not find required class 'reactor.core.publisher.Hooks' (OnClassCondition)

   RedisAutoConfiguration:
      Did not match:
         - @ConditionalOnClass did not find required class 'org.springframework.data.redis.core.RedisOperations' (OnClassCondition)

   RedisCacheConfiguration:
      Did not match:
         - @ConditionalOnClass did not find required class 'org.springframework.data.redis.connection.RedisConnectionFactory' (OnClassCondition)

   RedisHealthContributorAutoConfiguration:
      Did not match:
         - @ConditionalOnClass did not find required class 'org.springframework.data.redis.connection.RedisConnectionFactory' (OnClassCondition)

   RedisReactiveAutoConfiguration:
      Did not match:
         - @ConditionalOnClass did not find required class 'reactor.core.publisher.Flux' (OnClassCondition)

   RedisReactiveHealthContributorAutoConfiguration:
      Did not match:
         - @ConditionalOnClass did not find required class 'reactor.core.publisher.Flux' (OnClassCondition)

   RedisRepositoriesAutoConfiguration:
      Did not match:
         - @ConditionalOnClass did not find required class 'org.springframework.data.redis.repository.configuration.EnableRedisRepositories' (OnClassCondition)

   RepositoryRestMvcAutoConfiguration:
      Did not match:
         - @ConditionalOnClass did not find required class 'org.springframework.data.rest.webmvc.config.RepositoryRestMvcConfiguration' (OnClassCondition)

   Saml2RelyingPartyAutoConfiguration:
      Did not match:
         - @ConditionalOnClass did not find required class 'org.springframework.security.saml2.provider.service.registration.RelyingPartyRegistrationRepository' (OnClassCondition)

   SbomEndpointAutoConfiguration:
      Did not match:
         - @ConditionalOnAvailableEndpoint not exposed (OnAvailableEndpointCondition)

   ScheduledTasksEndpointAutoConfiguration:
      Did not match:
         - @ConditionalOnAvailableEndpoint not exposed (OnAvailableEndpointCondition)

   SecurityDataConfiguration:
      Did not match:
         - @ConditionalOnClass did not find required class 'org.springframework.security.data.repository.query.SecurityEvaluationContextExtension' (OnClassCondition)

   SecurityRequestMatchersManagementContextConfiguration.JerseyRequestMatcherConfiguration:
      Did not match:
         - @ConditionalOnClass did not find required class 'org.glassfish.jersey.server.ResourceConfig' (OnClassCondition)

   SendGridAutoConfiguration:
      Did not match:
         - @ConditionalOnClass did not find required class 'com.sendgrid.SendGrid' (OnClassCondition)

   ServletEndpointManagementContextConfiguration.JerseyServletEndpointManagementContextConfiguration:
      Did not match:
         - @ConditionalOnClass did not find required class 'org.glassfish.jersey.server.ResourceConfig' (OnClassCondition)

   ServletManagementContextAutoConfiguration.ApplicationContextFilterConfiguration:
      Did not match:
         - @ConditionalOnProperty (management.server.add-application-context-header=true) did not find property 'add-application-context-header' (OnPropertyCondition)

   ServletWebServerFactoryAutoConfiguration.ForwardedHeaderFilterConfiguration:
      Did not match:
         - @ConditionalOnProperty (server.forward-headers-strategy=framework) did not find property 'server.forward-headers-strategy' (OnPropertyCondition)

   ServletWebServerFactoryConfiguration.EmbeddedJetty:
      Did not match:
         - @ConditionalOnClass did not find required classes 'org.eclipse.jetty.server.Server', 'org.eclipse.jetty.util.Loader', 'org.eclipse.jetty.ee10.webapp.WebAppContext' (OnClassCondition)

   ServletWebServerFactoryConfiguration.EmbeddedUndertow:
      Did not match:
         - @ConditionalOnClass did not find required classes 'io.undertow.Undertow', 'org.xnio.SslClientAuthMode' (OnClassCondition)

   SessionAutoConfiguration:
      Did not match:
         - @ConditionalOnClass did not find required class 'org.springframework.session.Session' (OnClassCondition)

   SessionsEndpointAutoConfiguration:
      Did not match:
         - @ConditionalOnClass did not find required class 'org.springframework.session.Session' (OnClassCondition)

   ShutdownEndpointAutoConfiguration:
      Did not match:
         - @ConditionalOnAvailableEndpoint the configured access for endpoint 'shutdown' is NONE (OnAvailableEndpointCondition)

   SignalFxMetricsExportAutoConfiguration:
      Did not match:
         - @ConditionalOnClass did not find required class 'io.micrometer.signalfx.SignalFxMeterRegistry' (OnClassCondition)

   SpringApplicationAdminJmxAutoConfiguration:
      Did not match:
         - @ConditionalOnProperty (spring.application.admin.enabled=true) did not find property 'enabled' (OnPropertyCondition)

   SpringBootWebSecurityConfiguration.SecurityFilterChainConfiguration:
      Did not match:
         - AllNestedConditions 1 matched 1 did not; NestedCondition on DefaultWebSecurityCondition.Beans @ConditionalOnMissingBean (types: org.springframework.security.web.SecurityFilterChain; SearchStrategy: all) found beans of type 'org.springframework.security.web.SecurityFilterChain' securityFilterChain; NestedCondition on DefaultWebSecurityCondition.Classes @ConditionalOnClass found required classes 'org.springframework.security.web.SecurityFilterChain', 'org.springframework.security.config.annotation.web.builders.HttpSecurity' (DefaultWebSecurityCondition)

   SpringBootWebSecurityConfiguration.WebSecurityEnablerConfiguration:
      Did not match:
         - @ConditionalOnMissingBean (names: springSecurityFilterChain; SearchStrategy: all) found beans named springSecurityFilterChain (OnBeanCondition)
      Matched:
         - @ConditionalOnClass found required class 'org.springframework.security.config.annotation.web.configuration.EnableWebSecurity' (OnClassCondition)

   SpringDocConfiguration#propertiesResolverForSchema:
      Did not match:
         - @ConditionalOnProperty (springdoc.api-docs.resolve-schema-properties) did not find property 'springdoc.api-docs.resolve-schema-properties' (OnPropertyCondition)

   SpringDocConfiguration#propertyCustomizingConverter:
      Did not match:
         - @ConditionalOnBean (types: org.springdoc.core.customizers.PropertyCustomizer; SearchStrategy: all) did not find any beans of type org.springdoc.core.customizers.PropertyCustomizer (OnBeanCondition)

   SpringDocConfiguration#springdocBeanFactoryPostProcessor:
      Did not match:
         - AnyNestedCondition 0 matched 2 did not; NestedCondition on CacheOrGroupedOpenApiCondition.OnCacheDisabled found non-matching nested conditions @ConditionalOnProperty (springdoc.cache.disabled) did not find property 'springdoc.cache.disabled'; NestedCondition on CacheOrGroupedOpenApiCondition.OnMultipleOpenApiSupportCondition AnyNestedCondition 0 matched 2 did not; NestedCondition on MultipleOpenApiSupportCondition.OnActuatorDifferentPort found non-matching nested conditions Management Port actual port type (SAME) did not match required type (DIFFERENT), @ConditionalOnProperty (springdoc.show-actuator) did not find property 'springdoc.show-actuator'; NestedCondition on MultipleOpenApiSupportCondition.OnMultipleOpenApiSupportCondition AnyNestedCondition 0 matched 3 did not; NestedCondition on MultipleOpenApiGroupsCondition.OnListGroupedOpenApiBean @ConditionalOnBean (types: org.springdoc.core.models.GroupedOpenApi; SearchStrategy: all) did not find any beans of type org.springdoc.core.models.GroupedOpenApi; NestedCondition on MultipleOpenApiGroupsCondition.OnGroupConfigProperty @ConditionalOnProperty (springdoc.group-configs[0].group) did not find property 'springdoc.group-configs[0].group'; NestedCondition on MultipleOpenApiGroupsCondition.OnGroupedOpenApiBean @ConditionalOnBean (types: org.springdoc.core.models.GroupedOpenApi; SearchStrategy: all) did not find any beans of type org.springdoc.core.models.GroupedOpenApi (CacheOrGroupedOpenApiCondition)
      Matched:
         - @ConditionalOnClass found required class 'org.springframework.boot.context.properties.bind.BindResult' (OnClassCondition)

   SpringDocConfiguration#springdocBeanFactoryPostProcessor2:
      Did not match:
         - @ConditionalOnMissingClass found unwanted class 'org.springframework.boot.context.properties.bind.BindResult' (OnClassCondition)

   SpringDocConfiguration.SpringDocActuatorConfiguration:
      Did not match:
         - @ConditionalOnProperty (springdoc.show-actuator) did not find property 'springdoc.show-actuator' (OnPropertyCondition)
      Matched:
         - @ConditionalOnClass found required class 'org.springframework.boot.actuate.autoconfigure.endpoint.web.WebEndpointProperties' (OnClassCondition)

   SpringDocConfiguration.SpringDocRepositoryRestConfiguration:
      Did not match:
         - @ConditionalOnClass did not find required class 'org.springframework.data.rest.core.config.RepositoryRestConfiguration' (OnClassCondition)

   SpringDocConfiguration.SpringDocWebFluxSupportConfiguration:
      Did not match:
         - @ConditionalOnClass did not find required class 'reactor.core.publisher.Flux' (OnClassCondition)

   SpringDocDataRestConfiguration:
      Did not match:
         - @ConditionalOnClass did not find required class 'org.springframework.data.rest.core.config.RepositoryRestConfiguration' (OnClassCondition)

   SpringDocFunctionCatalogConfiguration:
      Did not match:
         - @ConditionalOnClass did not find required class 'org.springframework.cloud.function.web.function.FunctionEndpointInitializer' (OnClassCondition)

   SpringDocGroovyConfiguration:
      Did not match:
         - @ConditionalOnClass did not find required class 'groovy.lang.MetaClass' (OnClassCondition)

   SpringDocHateoasConfiguration:
      Did not match:
         - @ConditionalOnClass did not find required class 'org.springframework.hateoas.server.LinkRelationProvider' (OnClassCondition)

   SpringDocJacksonKotlinModuleConfiguration:
      Did not match:
         - @ConditionalOnClass did not find required class 'com.fasterxml.jackson.module.kotlin.KotlinModule' (OnClassCondition)

   SpringDocJavadocConfiguration:
      Did not match:
         - @ConditionalOnClass did not find required class 'com.github.therapi.runtimejavadoc.CommentFormatter' (OnClassCondition)

   SpringDocKotlinConfiguration:
      Did not match:
         - @ConditionalOnClass did not find required class 'kotlin.coroutines.Continuation' (OnClassCondition)

   SpringDocKotlinxConfiguration:
      Did not match:
         - @ConditionalOnClass did not find required class 'kotlinx.coroutines.flow.Flow' (OnClassCondition)

   SpringDocSecurityConfiguration.SpringDocSecurityOAuth2ClientConfiguration:
      Did not match:
         - @ConditionalOnClass did not find required class 'org.springframework.security.oauth2.client.annotation.RegisteredOAuth2AuthorizedClient' (OnClassCondition)

   SpringDocSecurityConfiguration.SpringDocSecurityOAuth2Configuration:
      Did not match:
         - @ConditionalOnClass did not find required class 'org.springframework.security.oauth2.server.authorization.OAuth2AuthorizationService' (OnClassCondition)

   SpringDocSecurityConfiguration.SpringSecurityLoginEndpointConfiguration#springSecurityLoginEndpointCustomizer:
      Did not match:
         - @ConditionalOnProperty (springdoc.show-login-endpoint) did not find property 'springdoc.show-login-endpoint' (OnPropertyCondition)

   SpringDocSortConfiguration#dataRestDelegatingMethodParameterCustomizer:
      Did not match:
         - @ConditionalOnMissingBean (types: org.springdoc.core.customizers.DataRestDelegatingMethodParameterCustomizer; SearchStrategy: all) found beans of type 'org.springdoc.core.customizers.DataRestDelegatingMethodParameterCustomizer' dataRestDelegatingMethodParameterCustomizer (OnBeanCondition)

   SpringDocWebMvcConfiguration.SpringDocWebMvcActuatorConfiguration#actuatorProvider:
      Did not match:
         - @ConditionalOnExpression (#{${springdoc.show-actuator:false} or ${springdoc.use-management-port:false}}) resulted in false (OnExpressionCondition)

   SpringDocWebMvcConfiguration.SpringDocWebMvcActuatorConfiguration#openApiActuatorResource:
      Did not match:
         - @ConditionalOnExpression (#{${springdoc.use-management-port:false} and ${springdoc.enable-default-api-docs:true}}) resulted in false (OnExpressionCondition)

   StackdriverMetricsExportAutoConfiguration:
      Did not match:
         - @ConditionalOnClass did not find required class 'io.micrometer.stackdriver.StackdriverMeterRegistry' (OnClassCondition)

   StartupEndpointAutoConfiguration:
      Did not match:
         - ApplicationStartup configured applicationStartup is of type class org.springframework.core.metrics.DefaultApplicationStartup, expected BufferingApplicationStartup. (StartupEndpointAutoConfiguration.ApplicationStartupCondition)

   StatsdMetricsExportAutoConfiguration:
      Did not match:
         - @ConditionalOnClass did not find required class 'io.micrometer.statsd.StatsdMeterRegistry' (OnClassCondition)

   SwaggerConfig#springWebProvider:
      Did not match:
         - @ConditionalOnMissingBean (types: org.springdoc.core.providers.SpringWebProvider; SearchStrategy: all) found beans of type 'org.springdoc.core.providers.SpringWebProvider' springWebProvider (OnBeanCondition)

   SwaggerConfig#swaggerUiHome:
      Did not match:
         - @ConditionalOnProperty (springdoc.swagger-ui.use-root-path=true) did not find property 'springdoc.swagger-ui.use-root-path' (OnPropertyCondition)

   SwaggerConfig.SwaggerActuatorWelcomeConfiguration:
      Did not match:
         - @ConditionalOnProperty (springdoc.use-management-port) did not find property 'springdoc.use-management-port' (OnPropertyCondition)
      Matched:
         - @ConditionalOnClass found required class 'org.springframework.boot.actuate.endpoint.web.servlet.WebMvcEndpointHandlerMapping' (OnClassCondition)

   TaskExecutorConfigurations.SimpleAsyncTaskExecutorBuilderConfiguration#simpleAsyncTaskExecutorBuilderVirtualThreads:
      Did not match:
         - @ConditionalOnMissingBean (types: org.springframework.boot.task.SimpleAsyncTaskExecutorBuilder; SearchStrategy: all) found beans of type 'org.springframework.boot.task.SimpleAsyncTaskExecutorBuilder' simpleAsyncTaskExecutorBuilder (OnBeanCondition)

   TaskExecutorConfigurations.TaskExecutorConfiguration:
      Did not match:
         - @ConditionalOnMissingBean (types: java.util.concurrent.Executor; SearchStrategy: all) found beans of type 'java.util.concurrent.Executor' clientInboundChannelExecutor, clientOutboundChannelExecutor, brokerChannelExecutor (OnBeanCondition)

   TaskSchedulingConfigurations.SimpleAsyncTaskSchedulerBuilderConfiguration#simpleAsyncTaskSchedulerBuilderVirtualThreads:
      Did not match:
         - @ConditionalOnMissingBean (types: org.springframework.boot.task.SimpleAsyncTaskSchedulerBuilder; SearchStrategy: all) found beans of type 'org.springframework.boot.task.SimpleAsyncTaskSchedulerBuilder' simpleAsyncTaskSchedulerBuilder (OnBeanCondition)

   TaskSchedulingConfigurations.TaskSchedulerConfiguration:
      Did not match:
         - @ConditionalOnMissingBean (types: org.springframework.scheduling.TaskScheduler,java.util.concurrent.ScheduledExecutorService; SearchStrategy: all) found beans of type 'org.springframework.scheduling.TaskScheduler' messageBrokerTaskScheduler (OnBeanCondition)

   ThreadDumpEndpointAutoConfiguration:
      Did not match:
         - @ConditionalOnAvailableEndpoint not exposed (OnAvailableEndpointCondition)

   ThymeleafAutoConfiguration:
      Did not match:
         - @ConditionalOnClass did not find required class 'org.thymeleaf.spring6.SpringTemplateEngine' (OnClassCondition)

   TransactionAutoConfiguration#transactionalOperator:
      Did not match:
         - @ConditionalOnSingleCandidate (types: org.springframework.transaction.ReactiveTransactionManager; SearchStrategy: all) did not find any beans (OnBeanCondition)

   TransactionAutoConfiguration.AspectJTransactionManagementConfiguration:
      Did not match:
         - @ConditionalOnBean (types: org.springframework.transaction.aspectj.AbstractTransactionAspect; SearchStrategy: all) did not find any beans of type org.springframework.transaction.aspectj.AbstractTransactionAspect (OnBeanCondition)

   TransactionAutoConfiguration.EnableTransactionManagementConfiguration.JdkDynamicAutoProxyConfiguration:
      Did not match:
         - @ConditionalOnProperty (spring.aop.proxy-target-class=false) did not find property 'proxy-target-class' (OnPropertyCondition)

   UserDetailsServiceAutoConfiguration:
      Did not match:
         - @ConditionalOnMissingBean (types: org.springframework.security.authentication.AuthenticationManager,org.springframework.security.authentication.AuthenticationProvider,org.springframework.security.core.userdetails.UserDetailsService,org.springframework.security.authentication.AuthenticationManagerResolver,org.springframework.security.oauth2.jwt.JwtDecoder; SearchStrategy: all) found beans of type 'org.springframework.security.authentication.AuthenticationManager' authenticationManager and found beans of type 'org.springframework.security.core.userdetails.UserDetailsService' customUserDetailsService (OnBeanCondition)
      Matched:
         - @ConditionalOnClass found required class 'org.springframework.security.authentication.AuthenticationManager' (OnClassCondition)
         - found 'session' scope (OnWebApplicationCondition)
         - AnyNestedCondition 1 matched 2 did not; NestedCondition on UserDetailsServiceAutoConfiguration.MissingAlternativeOrUserPropertiesConfigured.PasswordConfigured @ConditionalOnProperty (spring.security.user.password) did not find property 'password'; NestedCondition on UserDetailsServiceAutoConfiguration.MissingAlternativeOrUserPropertiesConfigured.NameConfigured @ConditionalOnProperty (spring.security.user.name) did not find property 'name'; NestedCondition on UserDetailsServiceAutoConfiguration.MissingAlternativeOrUserPropertiesConfigured.MissingAlternative @ConditionalOnMissingClass did not find unwanted classes 'org.springframework.security.oauth2.client.registration.ClientRegistrationRepository', 'org.springframework.security.oauth2.server.resource.introspection.OpaqueTokenIntrospector', 'org.springframework.security.saml2.provider.service.registration.RelyingPartyRegistrationRepository' (UserDetailsServiceAutoConfiguration.MissingAlternativeOrUserPropertiesConfigured)

   WavefrontAutoConfiguration:
      Did not match:
         - @ConditionalOnClass did not find required class 'com.wavefront.sdk.common.application.ApplicationTags' (OnClassCondition)

   WavefrontMetricsExportAutoConfiguration:
      Did not match:
         - @ConditionalOnClass did not find required class 'com.wavefront.sdk.common.WavefrontSender' (OnClassCondition)

   WavefrontTracingAutoConfiguration:
      Did not match:
         - @ConditionalOnClass did not find required class 'com.wavefront.sdk.common.WavefrontSender' (OnClassCondition)

   WebClientAutoConfiguration:
      Did not match:
         - @ConditionalOnClass did not find required class 'org.springframework.web.reactive.function.client.WebClient' (OnClassCondition)

   WebClientObservationConfiguration:
      Did not match:
         - @ConditionalOnClass did not find required class 'org.springframework.web.reactive.function.client.WebClient' (OnClassCondition)

   WebFluxAutoConfiguration:
      Did not match:
         - @ConditionalOnClass did not find required class 'org.springframework.web.reactive.config.WebFluxConfigurer' (OnClassCondition)

   WebFluxEndpointManagementContextConfiguration:
      Did not match:
         - @ConditionalOnClass did not find required class 'org.springframework.web.reactive.DispatcherHandler' (OnClassCondition)

   WebFluxObservationAutoConfiguration:
      Did not match:
         - @ConditionalOnWebApplication did not find reactive web application classes (OnWebApplicationCondition)

   WebMvcAutoConfiguration#hiddenHttpMethodFilter:
      Did not match:
         - @ConditionalOnProperty (spring.mvc.hiddenmethod.filter.enabled) did not find property 'enabled' (OnPropertyCondition)

   WebMvcAutoConfiguration.ProblemDetailsErrorHandlingConfiguration:
      Did not match:
         - @ConditionalOnProperty (spring.mvc.problemdetails.enabled=true) did not find property 'enabled' (OnPropertyCondition)

   WebMvcAutoConfiguration.WebMvcAutoConfigurationAdapter#beanNameViewResolver:
      Did not match:
         - @ConditionalOnMissingBean (types: org.springframework.web.servlet.view.BeanNameViewResolver; SearchStrategy: all) found beans of type 'org.springframework.web.servlet.view.BeanNameViewResolver' beanNameViewResolver (OnBeanCondition)

   WebMvcEndpointManagementContextConfiguration#managementHealthEndpointWebMvcHandlerMapping:
      Did not match:
         - Management Port actual port type (SAME) did not match required type (DIFFERENT) (OnManagementPortCondition)

   WebServiceTemplateAutoConfiguration:
      Did not match:
         - @ConditionalOnClass did not find required class 'org.springframework.oxm.Marshaller' (OnClassCondition)

   WebServicesAutoConfiguration:
      Did not match:
         - @ConditionalOnClass did not find required class 'org.springframework.ws.transport.http.MessageDispatcherServlet' (OnClassCondition)

   WebSessionIdResolverAutoConfiguration:
      Did not match:
         - @ConditionalOnClass did not find required class 'reactor.core.publisher.Mono' (OnClassCondition)

   WebSocketReactiveAutoConfiguration:
      Did not match:
         - @ConditionalOnWebApplication did not find reactive web application classes (OnWebApplicationCondition)

   WebSocketServletAutoConfiguration.JettyWebSocketConfiguration:
      Did not match:
         - @ConditionalOnClass did not find required class 'org.eclipse.jetty.ee10.websocket.jakarta.server.config.JakartaWebSocketServletContainerInitializer' (OnClassCondition)

   WebSocketServletAutoConfiguration.UndertowWebSocketConfiguration:
      Did not match:
         - @ConditionalOnClass did not find required class 'io.undertow.websockets.jsr.Bootstrap' (OnClassCondition)

   XADataSourceAutoConfiguration:
      Did not match:
         - @ConditionalOnBean (types: org.springframework.boot.jdbc.XADataSourceWrapper; SearchStrategy: all) did not find any beans of type org.springframework.boot.jdbc.XADataSourceWrapper (OnBeanCondition)
      Matched:
         - @ConditionalOnClass found required classes 'javax.sql.DataSource', 'jakarta.transaction.TransactionManager', 'org.springframework.jdbc.datasource.embedded.EmbeddedDatabaseType' (OnClassCondition)

   ZipkinAutoConfiguration:
      Did not match:
         - @ConditionalOnClass did not find required class 'zipkin2.reporter.Encoding' (OnClassCondition)


Exclusions:
-----------

    None


Unconditional classes:
----------------------

    org.springframework.boot.autoconfigure.context.ConfigurationPropertiesAutoConfiguration

    org.springframework.boot.actuate.autoconfigure.availability.AvailabilityHealthContributorAutoConfiguration

    org.springframework.boot.autoconfigure.ssl.SslAutoConfiguration

    org.springframework.boot.actuate.autoconfigure.info.InfoContributorAutoConfiguration

    org.springframework.boot.autoconfigure.context.PropertyPlaceholderAutoConfiguration

    org.springframework.boot.autoconfigure.context.LifecycleAutoConfiguration

    org.springframework.boot.actuate.autoconfigure.metrics.integration.IntegrationMetricsAutoConfiguration

    org.springframework.boot.actuate.autoconfigure.endpoint.EndpointAutoConfiguration

    org.springframework.boot.actuate.autoconfigure.web.server.ManagementContextAutoConfiguration

    org.springframework.boot.actuate.autoconfigure.health.HealthContributorAutoConfiguration

    org.springframework.boot.actuate.autoconfigure.endpoint.jackson.JacksonEndpointAutoConfiguration

    org.springdoc.core.configuration.SpringDocSpecPropertiesConfiguration

    org.springframework.boot.autoconfigure.availability.ApplicationAvailabilityAutoConfiguration

    org.springframework.boot.autoconfigure.info.ProjectInfoAutoConfiguration



2026-05-28T13:06:51.345+05:30  INFO 19408 --- [thundercore-erp] [           main] com.thundercore.erp.ErpApplication       : Started ErpApplication in 12.598 seconds (process running for 13.24)
2026-05-28T13:06:51.500+05:30 DEBUG 19408 --- [thundercore-erp] [           main] o.s.b.a.ApplicationAvailabilityBean      : Application availability state LivenessState changed to CORRECT
2026-05-28T13:06:51.585+05:30  INFO 19408 --- [thundercore-erp] [nio-8080-exec-1] o.a.c.c.C.[Tomcat].[localhost].[/]       : Initializing Spring DispatcherServlet 'dispatcherServlet'
2026-05-28T13:06:51.587+05:30  INFO 19408 --- [thundercore-erp] [nio-8080-exec-1] o.s.web.servlet.DispatcherServlet        : Initializing Servlet 'dispatcherServlet'
2026-05-28T13:06:51.588+05:30 DEBUG 19408 --- [thundercore-erp] [nio-8080-exec-1] o.s.web.servlet.DispatcherServlet        : Detected StandardServletMultipartResolver
2026-05-28T13:06:51.589+05:30 DEBUG 19408 --- [thundercore-erp] [nio-8080-exec-1] o.s.web.servlet.DispatcherServlet        : Detected AcceptHeaderLocaleResolver
2026-05-28T13:06:51.591+05:30 DEBUG 19408 --- [thundercore-erp] [nio-8080-exec-1] o.s.web.servlet.DispatcherServlet        : Detected FixedThemeResolver
2026-05-28T13:06:51.593+05:30 DEBUG 19408 --- [thundercore-erp] [nio-8080-exec-1] o.s.web.servlet.DispatcherServlet        : Detected org.springframework.web.servlet.view.DefaultRequestToViewNameTranslator@2f6a923d
2026-05-28T13:06:51.595+05:30 DEBUG 19408 --- [thundercore-erp] [nio-8080-exec-1] o.s.web.servlet.DispatcherServlet        : Detected org.springframework.web.servlet.support.SessionFlashMapManager@6fb07db6
2026-05-28T13:06:51.596+05:30 DEBUG 19408 --- [thundercore-erp] [nio-8080-exec-1] o.s.web.servlet.DispatcherServlet        : enableLoggingRequestDetails='false': request parameters and headers will be masked to prevent unsafe logging of potentially sensitive data
2026-05-28T13:06:51.598+05:30  INFO 19408 --- [thundercore-erp] [nio-8080-exec-1] o.s.web.servlet.DispatcherServlet        : Completed initialization in 10 ms
2026-05-28T13:06:51.646+05:30 DEBUG 19408 --- [thundercore-erp] [           main] org.hibernate.SQL                        : 
    select
        u1_0.id,
        u1_0.active,
        u1_0.created_at,
        u1_0.email,
        u1_0.first_name,
        u1_0.last_name,
        u1_0.password,
        u1_0.role,
        u1_0.updated_at 
    from
        users u1_0 
    where
        u1_0.email=?
2026-05-28T13:06:51.667+05:30 DEBUG 19408 --- [thundercore-erp] [nio-8080-exec-1] o.s.web.servlet.DispatcherServlet        : GET "/actuator/health", parameters={}
2026-05-28T13:06:51.670+05:30 DEBUG 19408 --- [thundercore-erp] [nio-8080-exec-1] s.b.a.e.w.s.WebMvcEndpointHandlerMapping : Mapped to Actuator web endpoint 'health'
2026-05-28T13:06:51.693+05:30 DEBUG 19408 --- [thundercore-erp] [nio-8080-exec-1] m.m.a.RequestResponseBodyMethodProcessor : Read "application/octet-stream" to []
2026-05-28T13:06:51.725+05:30 DEBUG 19408 --- [thundercore-erp] [nio-8080-exec-1] o.s.w.s.m.m.a.HttpEntityMethodProcessor  : Using 'application/vnd.spring-boot.actuator.v3+json', given [*/*] and supported [application/vnd.spring-boot.actuator.v3+json, application/vnd.spring-boot.actuator.v2+json, application/json]
2026-05-28T13:06:51.779+05:30 DEBUG 19408 --- [thundercore-erp] [nio-8080-exec-1] o.s.w.s.m.m.a.HttpEntityMethodProcessor  : Writing [org.springframework.boot.actuate.health.SystemHealth@1a18f1fd]
2026-05-28T13:06:51.800+05:30 DEBUG 19408 --- [thundercore-erp] [nio-8080-exec-1] o.s.web.servlet.DispatcherServlet        : Completed 200 OK
2026-05-28T13:06:51.876+05:30 DEBUG 19408 --- [thundercore-erp] [           main] org.hibernate.SQL                        : 
    insert 
    into
        users
        (active, created_at, email, first_name, last_name, password, role, updated_at, id) 
    values
        (?, ?, ?, ?, ?, ?, ?, ?, default)
2026-05-28T13:06:51.903+05:30  INFO 19408 --- [thundercore-erp] [           main] com.thundercore.erp.DataInitializer      : Demo user created: admin@thundercore.com (role=SUPER_ADMIN)
2026-05-28T13:06:51.905+05:30 DEBUG 19408 --- [thundercore-erp] [           main] org.hibernate.SQL                        : 
    select
        u1_0.id,
        u1_0.active,
        u1_0.created_at,
        u1_0.email,
        u1_0.first_name,
        u1_0.last_name,
        u1_0.password,
        u1_0.role,
        u1_0.updated_at 
    from
        users u1_0 
    where
        u1_0.email=?
2026-05-28T13:06:52.000+05:30 DEBUG 19408 --- [thundercore-erp] [           main] org.hibernate.SQL                        : 
    insert 
    into
        users
        (active, created_at, email, first_name, last_name, password, role, updated_at, id) 
    values
        (?, ?, ?, ?, ?, ?, ?, ?, default)
2026-05-28T13:06:52.003+05:30  INFO 19408 --- [thundercore-erp] [           main] com.thundercore.erp.DataInitializer      : Demo user created: manager@thundercore.com (role=MANAGER)
2026-05-28T13:06:52.006+05:30 DEBUG 19408 --- [thundercore-erp] [           main] org.hibernate.SQL                        : 
    select
        u1_0.id,
        u1_0.active,
        u1_0.created_at,
        u1_0.email,
        u1_0.first_name,
        u1_0.last_name,
        u1_0.password,
        u1_0.role,
        u1_0.updated_at 
    from
        users u1_0 
    where
        u1_0.email=?
2026-05-28T13:06:52.101+05:30 DEBUG 19408 --- [thundercore-erp] [           main] org.hibernate.SQL                        : 
    insert 
    into
        users
        (active, created_at, email, first_name, last_name, password, role, updated_at, id) 
    values
        (?, ?, ?, ?, ?, ?, ?, ?, default)
2026-05-28T13:06:52.104+05:30  INFO 19408 --- [thundercore-erp] [           main] com.thundercore.erp.DataInitializer      : Demo user created: staff@thundercore.com (role=STAFF)
2026-05-28T13:06:52.106+05:30 DEBUG 19408 --- [thundercore-erp] [           main] o.s.b.a.ApplicationAvailabilityBean      : Application availability state ReadinessState changed to ACCEPTING_TRAFFIC
2026-05-28T13:07:27.367+05:30 DEBUG 19408 --- [thundercore-erp] [nio-8080-exec-2] o.s.web.servlet.DispatcherServlet        : POST "/api/auth/login", parameters={}
2026-05-28T13:07:27.368+05:30 DEBUG 19408 --- [thundercore-erp] [nio-8080-exec-2] s.w.s.m.m.a.RequestMappingHandlerMapping : Mapped to com.thundercore.erp.auth.controller.AuthController#login(AuthRequest)
2026-05-28T13:07:27.402+05:30 DEBUG 19408 --- [thundercore-erp] [nio-8080-exec-2] m.m.a.RequestResponseBodyMethodProcessor : Read "application/json;charset=UTF-8" to [AuthRequest(email=admin@thundercore.com, password=Admin@123)]
2026-05-28T13:07:27.489+05:30 DEBUG 19408 --- [thundercore-erp] [nio-8080-exec-2] org.hibernate.SQL                        : 
    select
        u1_0.id,
        u1_0.active,
        u1_0.created_at,
        u1_0.email,
        u1_0.first_name,
        u1_0.last_name,
        u1_0.password,
        u1_0.role,
        u1_0.updated_at 
    from
        users u1_0 
    where
        u1_0.email=?
2026-05-28T13:07:27.566+05:30 DEBUG 19408 --- [thundercore-erp] [nio-8080-exec-2] org.hibernate.SQL                        : 
    select
        u1_0.id,
        u1_0.active,
        u1_0.created_at,
        u1_0.email,
        u1_0.first_name,
        u1_0.last_name,
        u1_0.password,
        u1_0.role,
        u1_0.updated_at 
    from
        users u1_0 
    where
        u1_0.email=?
2026-05-28T13:07:27.638+05:30 DEBUG 19408 --- [thundercore-erp] [nio-8080-exec-2] org.hibernate.SQL                        : 
    select
        u1_0.id,
        u1_0.active,
        u1_0.created_at,
        u1_0.email,
        u1_0.first_name,
        u1_0.last_name,
        u1_0.password,
        u1_0.role,
        u1_0.updated_at 
    from
        users u1_0 
    where
        u1_0.email=?
2026-05-28T13:07:27.641+05:30  INFO 19408 --- [thundercore-erp] [nio-8080-exec-2] c.t.erp.auth.controller.AuthController   : Successful login: admin@thundercore.com (role=SUPER_ADMIN)
2026-05-28T13:07:27.645+05:30 DEBUG 19408 --- [thundercore-erp] [nio-8080-exec-2] o.s.w.s.m.m.a.HttpEntityMethodProcessor  : Using 'application/json', given [*/*] and supported [application/json, application/*+json, application/yaml]
2026-05-28T13:07:27.647+05:30 DEBUG 19408 --- [thundercore-erp] [nio-8080-exec-2] o.s.w.s.m.m.a.HttpEntityMethodProcessor  : Writing [AuthResponse(token=eyJhbGciOiJIUzM4NCJ9.eyJzdWIiOiJhZG1pbkB0aHVuZGVyY29yZS5jb20iLCJpYXQiOjE3Nzk5NTM4 (truncated)...]
2026-05-28T13:07:27.648+05:30 DEBUG 19408 --- [thundercore-erp] [nio-8080-exec-2] o.s.web.servlet.DispatcherServlet        : Completed 200 OK
2026-05-28T13:07:27.665+05:30 DEBUG 19408 --- [thundercore-erp] [io-8080-exec-10] o.s.web.servlet.DispatcherServlet        : POST "/api/auth/login", parameters={}
2026-05-28T13:07:27.666+05:30 DEBUG 19408 --- [thundercore-erp] [io-8080-exec-10] s.w.s.m.m.a.RequestMappingHandlerMapping : Mapped to com.thundercore.erp.auth.controller.AuthController#login(AuthRequest)
2026-05-28T13:07:27.668+05:30 DEBUG 19408 --- [thundercore-erp] [io-8080-exec-10] m.m.a.RequestResponseBodyMethodProcessor : Read "application/json;charset=UTF-8" to [AuthRequest(email=manager@thundercore.com, password=Manager@123)]
2026-05-28T13:07:27.671+05:30 DEBUG 19408 --- [thundercore-erp] [io-8080-exec-10] org.hibernate.SQL                        : 
    select
        u1_0.id,
        u1_0.active,
        u1_0.created_at,
        u1_0.email,
        u1_0.first_name,
        u1_0.last_name,
        u1_0.password,
        u1_0.role,
        u1_0.updated_at 
    from
        users u1_0 
    where
        u1_0.email=?
2026-05-28T13:07:27.745+05:30 DEBUG 19408 --- [thundercore-erp] [io-8080-exec-10] org.hibernate.SQL                        : 
    select
        u1_0.id,
        u1_0.active,
        u1_0.created_at,
        u1_0.email,
        u1_0.first_name,
        u1_0.last_name,
        u1_0.password,
        u1_0.role,
        u1_0.updated_at 
    from
        users u1_0 
    where
        u1_0.email=?
2026-05-28T13:07:27.750+05:30 DEBUG 19408 --- [thundercore-erp] [io-8080-exec-10] org.hibernate.SQL                        : 
    select
        u1_0.id,
        u1_0.active,
        u1_0.created_at,
        u1_0.email,
        u1_0.first_name,
        u1_0.last_name,
        u1_0.password,
        u1_0.role,
        u1_0.updated_at 
    from
        users u1_0 
    where
        u1_0.email=?
2026-05-28T13:07:27.752+05:30  INFO 19408 --- [thundercore-erp] [io-8080-exec-10] c.t.erp.auth.controller.AuthController   : Successful login: manager@thundercore.com (role=MANAGER)
2026-05-28T13:07:27.753+05:30 DEBUG 19408 --- [thundercore-erp] [io-8080-exec-10] o.s.w.s.m.m.a.HttpEntityMethodProcessor  : Using 'application/json', given [*/*] and supported [application/json, application/*+json, application/yaml]
2026-05-28T13:07:27.754+05:30 DEBUG 19408 --- [thundercore-erp] [io-8080-exec-10] o.s.w.s.m.m.a.HttpEntityMethodProcessor  : Writing [AuthResponse(token=eyJhbGciOiJIUzM4NCJ9.eyJzdWIiOiJtYW5hZ2VyQHRodW5kZXJjb3JlLmNvbSIsImlhdCI6MTc3OTk1 (truncated)...]
2026-05-28T13:07:27.756+05:30 DEBUG 19408 --- [thundercore-erp] [io-8080-exec-10] o.s.web.servlet.DispatcherServlet        : Completed 200 OK
2026-05-28T13:07:27.762+05:30 DEBUG 19408 --- [thundercore-erp] [nio-8080-exec-4] o.s.web.servlet.DispatcherServlet        : POST "/api/auth/login", parameters={}
2026-05-28T13:07:27.763+05:30 DEBUG 19408 --- [thundercore-erp] [nio-8080-exec-4] s.w.s.m.m.a.RequestMappingHandlerMapping : Mapped to com.thundercore.erp.auth.controller.AuthController#login(AuthRequest)
2026-05-28T13:07:27.765+05:30 DEBUG 19408 --- [thundercore-erp] [nio-8080-exec-4] m.m.a.RequestResponseBodyMethodProcessor : Read "application/json;charset=UTF-8" to [AuthRequest(email=staff@thundercore.com, password=Staff@123)]
2026-05-28T13:07:27.768+05:30 DEBUG 19408 --- [thundercore-erp] [nio-8080-exec-4] org.hibernate.SQL                        : 
    select
        u1_0.id,
        u1_0.active,
        u1_0.created_at,
        u1_0.email,
        u1_0.first_name,
        u1_0.last_name,
        u1_0.password,
        u1_0.role,
        u1_0.updated_at 
    from
        users u1_0 
    where
        u1_0.email=?
2026-05-28T13:07:27.841+05:30 DEBUG 19408 --- [thundercore-erp] [nio-8080-exec-4] org.hibernate.SQL                        : 
    select
        u1_0.id,
        u1_0.active,
        u1_0.created_at,
        u1_0.email,
        u1_0.first_name,
        u1_0.last_name,
        u1_0.password,
        u1_0.role,
        u1_0.updated_at 
    from
        users u1_0 
    where
        u1_0.email=?
2026-05-28T13:07:27.845+05:30 DEBUG 19408 --- [thundercore-erp] [nio-8080-exec-4] org.hibernate.SQL                        : 
    select
        u1_0.id,
        u1_0.active,
        u1_0.created_at,
        u1_0.email,
        u1_0.first_name,
        u1_0.last_name,
        u1_0.password,
        u1_0.role,
        u1_0.updated_at 
    from
        users u1_0 
    where
        u1_0.email=?
2026-05-28T13:07:27.847+05:30  INFO 19408 --- [thundercore-erp] [nio-8080-exec-4] c.t.erp.auth.controller.AuthController   : Successful login: staff@thundercore.com (role=STAFF)
2026-05-28T13:07:27.848+05:30 DEBUG 19408 --- [thundercore-erp] [nio-8080-exec-4] o.s.w.s.m.m.a.HttpEntityMethodProcessor  : Using 'application/json', given [*/*] and supported [application/json, application/*+json, application/yaml]
2026-05-28T13:07:27.849+05:30 DEBUG 19408 --- [thundercore-erp] [nio-8080-exec-4] o.s.w.s.m.m.a.HttpEntityMethodProcessor  : Writing [AuthResponse(token=eyJhbGciOiJIUzM4NCJ9.eyJzdWIiOiJzdGFmZkB0aHVuZGVyY29yZS5jb20iLCJpYXQiOjE3Nzk5NTM4 (truncated)...]
2026-05-28T13:07:27.850+05:30 DEBUG 19408 --- [thundercore-erp] [nio-8080-exec-4] o.s.web.servlet.DispatcherServlet        : Completed 200 OK
2026-05-28T13:07:27.888+05:30 DEBUG 19408 --- [thundercore-erp] [nio-8080-exec-6] org.hibernate.SQL                        : 
    select
        u1_0.id,
        u1_0.active,
        u1_0.created_at,
        u1_0.email,
        u1_0.first_name,
        u1_0.last_name,
        u1_0.password,
        u1_0.role,
        u1_0.updated_at 
    from
        users u1_0 
    where
        u1_0.email=?
2026-05-28T13:07:27.894+05:30 DEBUG 19408 --- [thundercore-erp] [nio-8080-exec-6] o.s.web.servlet.DispatcherServlet        : POST "/api/auth/register", parameters={}
2026-05-28T13:07:27.895+05:30 DEBUG 19408 --- [thundercore-erp] [nio-8080-exec-6] s.w.s.m.m.a.RequestMappingHandlerMapping : Mapped to com.thundercore.erp.auth.controller.AuthController#registerUser(User)
2026-05-28T13:07:27.901+05:30 DEBUG 19408 --- [thundercore-erp] [nio-8080-exec-6] m.m.a.RequestResponseBodyMethodProcessor : Read "application/json;charset=UTF-8" to [User(id=null, email=qa.user.1779953847238@thundercore.com, password=User@12345, firstName=QA, lastNa (truncated)...]
2026-05-28T13:07:27.922+05:30 DEBUG 19408 --- [thundercore-erp] [nio-8080-exec-6] org.hibernate.SQL                        : 
    select
        u1_0.id,
        u1_0.active,
        u1_0.created_at,
        u1_0.email,
        u1_0.first_name,
        u1_0.last_name,
        u1_0.password,
        u1_0.role,
        u1_0.updated_at 
    from
        users u1_0 
    where
        u1_0.email=?
2026-05-28T13:07:27.991+05:30 DEBUG 19408 --- [thundercore-erp] [nio-8080-exec-6] org.hibernate.SQL                        : 
    insert 
    into
        users
        (active, created_at, email, first_name, last_name, password, role, updated_at, id) 
    values
        (?, ?, ?, ?, ?, ?, ?, ?, default)
2026-05-28T13:07:27.994+05:30  INFO 19408 --- [thundercore-erp] [nio-8080-exec-6] c.t.erp.auth.controller.AuthController   : New user registered: qa.user.1779953847238@thundercore.com (role=STAFF)
2026-05-28T13:07:27.999+05:30 DEBUG 19408 --- [thundercore-erp] [nio-8080-exec-6] o.s.w.s.m.m.a.HttpEntityMethodProcessor  : Using 'application/json', given [*/*] and supported [application/json, application/*+json, application/yaml]
2026-05-28T13:07:28.001+05:30 DEBUG 19408 --- [thundercore-erp] [nio-8080-exec-6] o.s.w.s.m.m.a.HttpEntityMethodProcessor  : Writing [ApiResponse(success=true, message=User registered successfully!, data=null)]
2026-05-28T13:07:28.003+05:30 DEBUG 19408 --- [thundercore-erp] [nio-8080-exec-6] o.s.web.servlet.DispatcherServlet        : Completed 200 OK
2026-05-28T13:07:28.009+05:30 DEBUG 19408 --- [thundercore-erp] [nio-8080-exec-7] o.s.web.servlet.DispatcherServlet        : POST "/api/auth/login", parameters={}
2026-05-28T13:07:28.011+05:30 DEBUG 19408 --- [thundercore-erp] [nio-8080-exec-7] s.w.s.m.m.a.RequestMappingHandlerMapping : Mapped to com.thundercore.erp.auth.controller.AuthController#login(AuthRequest)
2026-05-28T13:07:28.012+05:30 DEBUG 19408 --- [thundercore-erp] [nio-8080-exec-7] m.m.a.RequestResponseBodyMethodProcessor : Read "application/json;charset=UTF-8" to [AuthRequest(email=qa.user.1779953847238@thundercore.com, password=User@12345)]
2026-05-28T13:07:28.015+05:30 DEBUG 19408 --- [thundercore-erp] [nio-8080-exec-7] org.hibernate.SQL                        : 
    select
        u1_0.id,
        u1_0.active,
        u1_0.created_at,
        u1_0.email,
        u1_0.first_name,
        u1_0.last_name,
        u1_0.password,
        u1_0.role,
        u1_0.updated_at 
    from
        users u1_0 
    where
        u1_0.email=?
2026-05-28T13:07:28.085+05:30 DEBUG 19408 --- [thundercore-erp] [nio-8080-exec-7] org.hibernate.SQL                        : 
    select
        u1_0.id,
        u1_0.active,
        u1_0.created_at,
        u1_0.email,
        u1_0.first_name,
        u1_0.last_name,
        u1_0.password,
        u1_0.role,
        u1_0.updated_at 
    from
        users u1_0 
    where
        u1_0.email=?
2026-05-28T13:07:28.090+05:30 DEBUG 19408 --- [thundercore-erp] [nio-8080-exec-7] org.hibernate.SQL                        : 
    select
        u1_0.id,
        u1_0.active,
        u1_0.created_at,
        u1_0.email,
        u1_0.first_name,
        u1_0.last_name,
        u1_0.password,
        u1_0.role,
        u1_0.updated_at 
    from
        users u1_0 
    where
        u1_0.email=?
2026-05-28T13:07:28.092+05:30  INFO 19408 --- [thundercore-erp] [nio-8080-exec-7] c.t.erp.auth.controller.AuthController   : Successful login: qa.user.1779953847238@thundercore.com (role=STAFF)
2026-05-28T13:07:28.094+05:30 DEBUG 19408 --- [thundercore-erp] [nio-8080-exec-7] o.s.w.s.m.m.a.HttpEntityMethodProcessor  : Using 'application/json', given [*/*] and supported [application/json, application/*+json, application/yaml]
2026-05-28T13:07:28.095+05:30 DEBUG 19408 --- [thundercore-erp] [nio-8080-exec-7] o.s.w.s.m.m.a.HttpEntityMethodProcessor  : Writing [AuthResponse(token=eyJhbGciOiJIUzM4NCJ9.eyJzdWIiOiJxYS51c2VyLjE3Nzk5NTM4NDcyMzhAdGh1bmRlcmNvcmUuY29t (truncated)...]
2026-05-28T13:07:28.097+05:30 DEBUG 19408 --- [thundercore-erp] [nio-8080-exec-7] o.s.web.servlet.DispatcherServlet        : Completed 200 OK
2026-05-28T13:07:28.107+05:30 DEBUG 19408 --- [thundercore-erp] [nio-8080-exec-8] org.hibernate.SQL                        : 
    select
        u1_0.id,
        u1_0.active,
        u1_0.created_at,
        u1_0.email,
        u1_0.first_name,
        u1_0.last_name,
        u1_0.password,
        u1_0.role,
        u1_0.updated_at 
    from
        users u1_0 
    where
        u1_0.email=?
2026-05-28T13:07:28.111+05:30 DEBUG 19408 --- [thundercore-erp] [nio-8080-exec-8] o.s.web.servlet.DispatcherServlet        : POST "/api/auth/register", parameters={}
2026-05-28T13:07:28.113+05:30 DEBUG 19408 --- [thundercore-erp] [nio-8080-exec-8] s.w.s.m.m.a.RequestMappingHandlerMapping : Mapped to com.thundercore.erp.auth.controller.AuthController#registerUser(User)
2026-05-28T13:07:28.114+05:30 DEBUG 19408 --- [thundercore-erp] [nio-8080-exec-8] m.m.a.RequestResponseBodyMethodProcessor : Read "application/json;charset=UTF-8" to [User(id=null, email=bad.1779953847238@thundercore.com, password=User@12345, firstName=Bad, lastName= (truncated)...]
2026-05-28T13:07:28.120+05:30 DEBUG 19408 --- [thundercore-erp] [nio-8080-exec-8] .m.m.a.ExceptionHandlerExceptionResolver : Using @ExceptionHandler com.thundercore.erp.common.exception.GlobalExceptionHandler#handleAccessDeniedException(AccessDeniedException)
2026-05-28T13:07:28.121+05:30 DEBUG 19408 --- [thundercore-erp] [nio-8080-exec-8] o.s.w.s.m.m.a.HttpEntityMethodProcessor  : Using 'application/json', given [*/*] and supported [application/json, application/*+json, application/yaml]
2026-05-28T13:07:28.123+05:30 DEBUG 19408 --- [thundercore-erp] [nio-8080-exec-8] o.s.w.s.m.m.a.HttpEntityMethodProcessor  : Writing [ApiResponse(success=false, message=You do not have permission to perform this action, data=null)]
2026-05-28T13:07:28.125+05:30 DEBUG 19408 --- [thundercore-erp] [nio-8080-exec-8] .m.m.a.ExceptionHandlerExceptionResolver : Resolved [org.springframework.security.authorization.AuthorizationDeniedException: Access Denied]
2026-05-28T13:07:28.127+05:30 DEBUG 19408 --- [thundercore-erp] [nio-8080-exec-8] o.s.web.servlet.DispatcherServlet        : Completed 403 FORBIDDEN
2026-05-28T13:07:28.135+05:30 DEBUG 19408 --- [thundercore-erp] [nio-8080-exec-9] org.hibernate.SQL                        : 
    select
        u1_0.id,
        u1_0.active,
        u1_0.created_at,
        u1_0.email,
        u1_0.first_name,
        u1_0.last_name,
        u1_0.password,
        u1_0.role,
        u1_0.updated_at 
    from
        users u1_0 
    where
        u1_0.email=?
2026-05-28T13:07:28.139+05:30 DEBUG 19408 --- [thundercore-erp] [nio-8080-exec-9] o.s.web.servlet.DispatcherServlet        : POST "/api/inventory/products", parameters={}
2026-05-28T13:07:28.141+05:30 DEBUG 19408 --- [thundercore-erp] [nio-8080-exec-9] s.w.s.m.m.a.RequestMappingHandlerMapping : Mapped to com.thundercore.erp.inventory.controller.ProductController#createProduct(Product)
2026-05-28T13:07:28.146+05:30 DEBUG 19408 --- [thundercore-erp] [nio-8080-exec-9] m.m.a.RequestResponseBodyMethodProcessor : Read "application/json;charset=UTF-8" to [Product(id=null, sku=QA-1779953847238, name=QA Test Product, description=Smoke test product, categor (truncated)...]
2026-05-28T13:07:28.158+05:30 DEBUG 19408 --- [thundercore-erp] [nio-8080-exec-9] org.hibernate.SQL                        : 
    insert 
    into
        products
        (category, created_at, description, name, quantity, reorder_threshold, sku, supplier, unit_price, updated_at, id) 
    values
        (?, ?, ?, ?, ?, ?, ?, ?, ?, ?, default)
2026-05-28T13:07:28.163+05:30 DEBUG 19408 --- [thundercore-erp] [nio-8080-exec-9] org.hibernate.SQL                        : 
    insert 
    into
        stock_movements
        (created_at, movement_type, product_id, quantity, remarks, id) 
    values
        (?, ?, ?, ?, ?, default)
2026-05-28T13:07:28.170+05:30 DEBUG 19408 --- [thundercore-erp] [nio-8080-exec-9] org.hibernate.SQL                        : 
    select
        p1_0.id,
        p1_0.category,
        p1_0.created_at,
        p1_0.description,
        p1_0.name,
        p1_0.quantity,
        p1_0.reorder_threshold,
        p1_0.sku,
        p1_0.supplier,
        p1_0.unit_price,
        p1_0.updated_at 
    from
        products p1_0
2026-05-28T13:07:28.176+05:30 DEBUG 19408 --- [thundercore-erp] [nio-8080-exec-9] org.hibernate.SQL                        : 
    select
        i1_0.id,
        i1_0.created_at,
        i1_0.customer_email,
        i1_0.customer_name,
        i1_0.invoice_number,
        i1_0.net_amount,
        i1_0.notes,
        i1_0.status,
        i1_0.tax_amount,
        i1_0.total_amount,
        i1_0.updated_at 
    from
        invoices i1_0
2026-05-28T13:07:28.185+05:30 DEBUG 19408 --- [thundercore-erp] [nio-8080-exec-9] org.hibernate.SQL                        : 
    select
        count(*) 
    from
        products p1_0
2026-05-28T13:07:28.190+05:30 DEBUG 19408 --- [thundercore-erp] [nio-8080-exec-9] org.hibernate.SQL                        : 
    select
        count(*) 
    from
        employees e1_0
2026-05-28T13:07:28.194+05:30 DEBUG 19408 --- [thundercore-erp] [nio-8080-exec-9] org.hibernate.SQL                        : 
    select
        count(*) 
    from
        invoices i1_0
2026-05-28T13:07:28.198+05:30 DEBUG 19408 --- [thundercore-erp] [nio-8080-exec-9] org.hibernate.SQL                        : 
    select
        count(*) 
    from
        users u1_0
2026-05-28T13:07:28.203+05:30 DEBUG 19408 --- [thundercore-erp] [nio-8080-exec-9] org.hibernate.SQL                        : 
    select
        count(*) 
    from
        customers c1_0
2026-05-28T13:07:28.208+05:30 DEBUG 19408 --- [thundercore-erp] [nio-8080-exec-9] org.hibernate.SQL                        : 
    select
        count(*) 
    from
        sale_orders so1_0
2026-05-28T13:07:28.216+05:30 DEBUG 19408 --- [thundercore-erp] [nio-8080-exec-9] org.hibernate.SQL                        : 
    select
        coalesce(sum(i1_0.net_amount), 0) 
    from
        invoices i1_0 
    where
        i1_0.status=?
2026-05-28T13:07:28.226+05:30 DEBUG 19408 --- [thundercore-erp] [nio-8080-exec-9] org.hibernate.SQL                        : 
    select
        count(i1_0.id) 
    from
        invoices i1_0 
    where
        i1_0.status=?
2026-05-28T13:07:28.245+05:30 DEBUG 19408 --- [thundercore-erp] [nio-8080-exec-9] org.springframework.web.SimpLogging      : Processing MESSAGE destination=/topic/dashboard session=null payload={"totalProducts":1,"totalEmployees":0,"totalInvoices":0,"totalUsers":4,"totalCus...(truncated)
2026-05-28T13:07:28.249+05:30 DEBUG 19408 --- [thundercore-erp] [nio-8080-exec-9] o.s.w.s.m.m.a.HttpEntityMethodProcessor  : Using 'application/json', given [*/*] and supported [application/json, application/*+json, application/yaml]
2026-05-28T13:07:28.251+05:30 DEBUG 19408 --- [thundercore-erp] [nio-8080-exec-9] o.s.w.s.m.m.a.HttpEntityMethodProcessor  : Writing [ApiResponse(success=true, message=Product created, data=Product(id=1, sku=QA-1779953847238, name=QA  (truncated)...]
2026-05-28T13:07:28.256+05:30 DEBUG 19408 --- [thundercore-erp] [nio-8080-exec-9] o.s.web.servlet.DispatcherServlet        : Completed 200 OK
2026-05-28T13:07:28.264+05:30 DEBUG 19408 --- [thundercore-erp] [nio-8080-exec-5] org.hibernate.SQL                        : 
    select
        u1_0.id,
        u1_0.active,
        u1_0.created_at,
        u1_0.email,
        u1_0.first_name,
        u1_0.last_name,
        u1_0.password,
        u1_0.role,
        u1_0.updated_at 
    from
        users u1_0 
    where
        u1_0.email=?
2026-05-28T13:07:28.270+05:30 DEBUG 19408 --- [thundercore-erp] [nio-8080-exec-5] o.s.web.servlet.DispatcherServlet        : GET "/api/inventory/products/1", parameters={}
2026-05-28T13:07:28.272+05:30 DEBUG 19408 --- [thundercore-erp] [nio-8080-exec-5] s.w.s.m.m.a.RequestMappingHandlerMapping : Mapped to com.thundercore.erp.inventory.controller.ProductController#getProductById(Long)
2026-05-28T13:07:28.283+05:30 DEBUG 19408 --- [thundercore-erp] [nio-8080-exec-5] org.hibernate.SQL                        : 
    select
        p1_0.id,
        p1_0.category,
        p1_0.created_at,
        p1_0.description,
        p1_0.name,
        p1_0.quantity,
        p1_0.reorder_threshold,
        p1_0.sku,
        p1_0.supplier,
        p1_0.unit_price,
        p1_0.updated_at 
    from
        products p1_0 
    where
        p1_0.id=?
2026-05-28T13:07:28.286+05:30 DEBUG 19408 --- [thundercore-erp] [nio-8080-exec-5] o.s.w.s.m.m.a.HttpEntityMethodProcessor  : Using 'application/json', given [*/*] and supported [application/json, application/*+json, application/yaml]
2026-05-28T13:07:28.288+05:30 DEBUG 19408 --- [thundercore-erp] [nio-8080-exec-5] o.s.w.s.m.m.a.HttpEntityMethodProcessor  : Writing [ApiResponse(success=true, message=Product retrieved, data=Product(id=1, sku=QA-1779953847238, name=Q (truncated)...]
2026-05-28T13:07:28.290+05:30 DEBUG 19408 --- [thundercore-erp] [nio-8080-exec-5] o.s.web.servlet.DispatcherServlet        : Completed 200 OK
2026-05-28T13:07:28.301+05:30 DEBUG 19408 --- [thundercore-erp] [nio-8080-exec-1] org.hibernate.SQL                        : 
    select
        u1_0.id,
        u1_0.active,
        u1_0.created_at,
        u1_0.email,
        u1_0.first_name,
        u1_0.last_name,
        u1_0.password,
        u1_0.role,
        u1_0.updated_at 
    from
        users u1_0 
    where
        u1_0.email=?
2026-05-28T13:07:28.305+05:30 DEBUG 19408 --- [thundercore-erp] [nio-8080-exec-1] o.s.web.servlet.DispatcherServlet        : POST "/api/inventory/products", parameters={}
2026-05-28T13:07:28.306+05:30 DEBUG 19408 --- [thundercore-erp] [nio-8080-exec-1] s.w.s.m.m.a.RequestMappingHandlerMapping : Mapped to com.thundercore.erp.inventory.controller.ProductController#createProduct(Product)
2026-05-28T13:07:28.309+05:30 DEBUG 19408 --- [thundercore-erp] [nio-8080-exec-1] m.m.a.RequestResponseBodyMethodProcessor : Read "application/json;charset=UTF-8" to [Product(id=null, sku=STAFF-1779953847238, name=Should Fail, description=null, category=null, supplie (truncated)...]
2026-05-28T13:07:28.312+05:30 DEBUG 19408 --- [thundercore-erp] [nio-8080-exec-1] .m.m.a.ExceptionHandlerExceptionResolver : Using @ExceptionHandler com.thundercore.erp.common.exception.GlobalExceptionHandler#handleAccessDeniedException(AccessDeniedException)
2026-05-28T13:07:28.314+05:30 DEBUG 19408 --- [thundercore-erp] [nio-8080-exec-1] o.s.w.s.m.m.a.HttpEntityMethodProcessor  : Using 'application/json', given [*/*] and supported [application/json, application/*+json, application/yaml]
2026-05-28T13:07:28.315+05:30 DEBUG 19408 --- [thundercore-erp] [nio-8080-exec-1] o.s.w.s.m.m.a.HttpEntityMethodProcessor  : Writing [ApiResponse(success=false, message=You do not have permission to perform this action, data=null)]
2026-05-28T13:07:28.316+05:30 DEBUG 19408 --- [thundercore-erp] [nio-8080-exec-1] .m.m.a.ExceptionHandlerExceptionResolver : Resolved [org.springframework.security.authorization.AuthorizationDeniedException: Access Denied]
2026-05-28T13:07:28.317+05:30 DEBUG 19408 --- [thundercore-erp] [nio-8080-exec-1] o.s.web.servlet.DispatcherServlet        : Completed 403 FORBIDDEN
2026-05-28T13:07:28.327+05:30 DEBUG 19408 --- [thundercore-erp] [nio-8080-exec-3] org.hibernate.SQL                        : 
    select
        u1_0.id,
        u1_0.active,
        u1_0.created_at,
        u1_0.email,
        u1_0.first_name,
        u1_0.last_name,
        u1_0.password,
        u1_0.role,
        u1_0.updated_at 
    from
        users u1_0 
    where
        u1_0.email=?
2026-05-28T13:07:28.330+05:30 DEBUG 19408 --- [thundercore-erp] [nio-8080-exec-3] o.s.web.servlet.DispatcherServlet        : PUT "/api/inventory/products/1", parameters={}
2026-05-28T13:07:28.332+05:30 DEBUG 19408 --- [thundercore-erp] [nio-8080-exec-3] s.w.s.m.m.a.RequestMappingHandlerMapping : Mapped to com.thundercore.erp.inventory.controller.ProductController#updateProduct(Long, Product)
2026-05-28T13:07:28.334+05:30 DEBUG 19408 --- [thundercore-erp] [nio-8080-exec-3] m.m.a.RequestResponseBodyMethodProcessor : Read "application/json;charset=UTF-8" to [Product(id=null, sku=QA-1779953847238, name=QA Test Product Updated, description=Updated, category=Q (truncated)...]
2026-05-28T13:07:28.337+05:30 DEBUG 19408 --- [thundercore-erp] [nio-8080-exec-3] org.hibernate.SQL                        : 
    select
        p1_0.id,
        p1_0.category,
        p1_0.created_at,
        p1_0.description,
        p1_0.name,
        p1_0.quantity,
        p1_0.reorder_threshold,
        p1_0.sku,
        p1_0.supplier,
        p1_0.unit_price,
        p1_0.updated_at 
    from
        products p1_0 
    where
        p1_0.id=?
2026-05-28T13:07:28.344+05:30 DEBUG 19408 --- [thundercore-erp] [nio-8080-exec-3] org.hibernate.SQL                        : 
    select
        p1_0.id,
        p1_0.category,
        p1_0.created_at,
        p1_0.description,
        p1_0.name,
        p1_0.quantity,
        p1_0.reorder_threshold,
        p1_0.sku,
        p1_0.supplier,
        p1_0.unit_price,
        p1_0.updated_at 
    from
        products p1_0 
    where
        p1_0.id=?
2026-05-28T13:07:28.353+05:30 DEBUG 19408 --- [thundercore-erp] [nio-8080-exec-3] org.hibernate.SQL                        : 
    update
        products 
    set
        category=?,
        created_at=?,
        description=?,
        name=?,
        quantity=?,
        reorder_threshold=?,
        sku=?,
        supplier=?,
        unit_price=?,
        updated_at=? 
    where
        id=?
2026-05-28T13:07:28.360+05:30 DEBUG 19408 --- [thundercore-erp] [nio-8080-exec-3] org.hibernate.SQL                        : 
    select
        p1_0.id,
        p1_0.category,
        p1_0.created_at,
        p1_0.description,
        p1_0.name,
        p1_0.quantity,
        p1_0.reorder_threshold,
        p1_0.sku,
        p1_0.supplier,
        p1_0.unit_price,
        p1_0.updated_at 
    from
        products p1_0
2026-05-28T13:07:28.365+05:30 DEBUG 19408 --- [thundercore-erp] [nio-8080-exec-3] org.hibernate.SQL                        : 
    select
        i1_0.id,
        i1_0.created_at,
        i1_0.customer_email,
        i1_0.customer_name,
        i1_0.invoice_number,
        i1_0.net_amount,
        i1_0.notes,
        i1_0.status,
        i1_0.tax_amount,
        i1_0.total_amount,
        i1_0.updated_at 
    from
        invoices i1_0
2026-05-28T13:07:28.367+05:30 DEBUG 19408 --- [thundercore-erp] [nio-8080-exec-3] org.hibernate.SQL                        : 
    select
        count(*) 
    from
        products p1_0
2026-05-28T13:07:28.370+05:30 DEBUG 19408 --- [thundercore-erp] [nio-8080-exec-3] org.hibernate.SQL                        : 
    select
        count(*) 
    from
        employees e1_0
2026-05-28T13:07:28.373+05:30 DEBUG 19408 --- [thundercore-erp] [nio-8080-exec-3] org.hibernate.SQL                        : 
    select
        count(*) 
    from
        invoices i1_0
2026-05-28T13:07:28.376+05:30 DEBUG 19408 --- [thundercore-erp] [nio-8080-exec-3] org.hibernate.SQL                        : 
    select
        count(*) 
    from
        users u1_0
2026-05-28T13:07:28.379+05:30 DEBUG 19408 --- [thundercore-erp] [nio-8080-exec-3] org.hibernate.SQL                        : 
    select
        count(*) 
    from
        customers c1_0
2026-05-28T13:07:28.381+05:30 DEBUG 19408 --- [thundercore-erp] [nio-8080-exec-3] org.hibernate.SQL                        : 
    select
        count(*) 
    from
        sale_orders so1_0
2026-05-28T13:07:28.383+05:30 DEBUG 19408 --- [thundercore-erp] [nio-8080-exec-3] org.hibernate.SQL                        : 
    select
        coalesce(sum(i1_0.net_amount), 0) 
    from
        invoices i1_0 
    where
        i1_0.status=?
2026-05-28T13:07:28.386+05:30 DEBUG 19408 --- [thundercore-erp] [nio-8080-exec-3] org.hibernate.SQL                        : 
    select
        count(i1_0.id) 
    from
        invoices i1_0 
    where
        i1_0.status=?
2026-05-28T13:07:28.388+05:30 DEBUG 19408 --- [thundercore-erp] [nio-8080-exec-3] org.springframework.web.SimpLogging      : Processing MESSAGE destination=/topic/dashboard session=null payload={"totalProducts":1,"totalEmployees":0,"totalInvoices":0,"totalUsers":4,"totalCus...(truncated)
2026-05-28T13:07:28.389+05:30 DEBUG 19408 --- [thundercore-erp] [nio-8080-exec-3] o.s.w.s.m.m.a.HttpEntityMethodProcessor  : Using 'application/json', given [*/*] and supported [application/json, application/*+json, application/yaml]
2026-05-28T13:07:28.390+05:30 DEBUG 19408 --- [thundercore-erp] [nio-8080-exec-3] o.s.w.s.m.m.a.HttpEntityMethodProcessor  : Writing [ApiResponse(success=true, message=Product updated, data=Product(id=1, sku=QA-1779953847238, name=QA  (truncated)...]
2026-05-28T13:07:28.392+05:30 DEBUG 19408 --- [thundercore-erp] [nio-8080-exec-3] o.s.web.servlet.DispatcherServlet        : Completed 200 OK
2026-05-28T13:07:28.398+05:30 DEBUG 19408 --- [thundercore-erp] [nio-8080-exec-2] org.hibernate.SQL                        : 
    select
        u1_0.id,
        u1_0.active,
        u1_0.created_at,
        u1_0.email,
        u1_0.first_name,
        u1_0.last_name,
        u1_0.password,
        u1_0.role,
        u1_0.updated_at 
    from
        users u1_0 
    where
        u1_0.email=?
2026-05-28T13:07:28.402+05:30 DEBUG 19408 --- [thundercore-erp] [nio-8080-exec-2] o.s.web.servlet.DispatcherServlet        : POST "/api/inventory/products/1/stock-movements", parameters={}
2026-05-28T13:07:28.404+05:30 DEBUG 19408 --- [thundercore-erp] [nio-8080-exec-2] s.w.s.m.m.a.RequestMappingHandlerMapping : Mapped to com.thundercore.erp.inventory.controller.ProductController#createStockMovement(Long, Map)
2026-05-28T13:07:28.407+05:30 DEBUG 19408 --- [thundercore-erp] [nio-8080-exec-2] m.m.a.RequestResponseBodyMethodProcessor : Read "application/json;charset=UTF-8" to [{movementType=IN, quantity=5, remarks=Smoke movement}]
2026-05-28T13:07:28.411+05:30 DEBUG 19408 --- [thundercore-erp] [nio-8080-exec-2] org.hibernate.SQL                        : 
    select
        p1_0.id,
        p1_0.category,
        p1_0.created_at,
        p1_0.description,
        p1_0.name,
        p1_0.quantity,
        p1_0.reorder_threshold,
        p1_0.sku,
        p1_0.supplier,
        p1_0.unit_price,
        p1_0.updated_at 
    from
        products p1_0 
    where
        p1_0.id=?
2026-05-28T13:07:28.414+05:30 DEBUG 19408 --- [thundercore-erp] [nio-8080-exec-2] org.hibernate.SQL                        : 
    select
        p1_0.id,
        p1_0.category,
        p1_0.created_at,
        p1_0.description,
        p1_0.name,
        p1_0.quantity,
        p1_0.reorder_threshold,
        p1_0.sku,
        p1_0.supplier,
        p1_0.unit_price,
        p1_0.updated_at 
    from
        products p1_0 
    where
        p1_0.id=?
2026-05-28T13:07:28.416+05:30 DEBUG 19408 --- [thundercore-erp] [nio-8080-exec-2] org.hibernate.SQL                        : 
    update
        products 
    set
        category=?,
        created_at=?,
        description=?,
        name=?,
        quantity=?,
        reorder_threshold=?,
        sku=?,
        supplier=?,
        unit_price=?,
        updated_at=? 
    where
        id=?
2026-05-28T13:07:28.419+05:30 DEBUG 19408 --- [thundercore-erp] [nio-8080-exec-2] org.hibernate.SQL                        : 
    insert 
    into
        stock_movements
        (created_at, movement_type, product_id, quantity, remarks, id) 
    values
        (?, ?, ?, ?, ?, default)
2026-05-28T13:07:28.422+05:30 DEBUG 19408 --- [thundercore-erp] [nio-8080-exec-2] org.hibernate.SQL                        : 
    select
        p1_0.id,
        p1_0.category,
        p1_0.created_at,
        p1_0.description,
        p1_0.name,
        p1_0.quantity,
        p1_0.reorder_threshold,
        p1_0.sku,
        p1_0.supplier,
        p1_0.unit_price,
        p1_0.updated_at 
    from
        products p1_0
2026-05-28T13:07:28.426+05:30 DEBUG 19408 --- [thundercore-erp] [nio-8080-exec-2] org.hibernate.SQL                        : 
    select
        i1_0.id,
        i1_0.created_at,
        i1_0.customer_email,
        i1_0.customer_name,
        i1_0.invoice_number,
        i1_0.net_amount,
        i1_0.notes,
        i1_0.status,
        i1_0.tax_amount,
        i1_0.total_amount,
        i1_0.updated_at 
    from
        invoices i1_0
2026-05-28T13:07:28.429+05:30 DEBUG 19408 --- [thundercore-erp] [nio-8080-exec-2] org.hibernate.SQL                        : 
    select
        count(*) 
    from
        products p1_0
2026-05-28T13:07:28.431+05:30 DEBUG 19408 --- [thundercore-erp] [nio-8080-exec-2] org.hibernate.SQL                        : 
    select
        count(*) 
    from
        employees e1_0
2026-05-28T13:07:28.432+05:30 DEBUG 19408 --- [thundercore-erp] [nio-8080-exec-2] org.hibernate.SQL                        : 
    select
        count(*) 
    from
        invoices i1_0
2026-05-28T13:07:28.434+05:30 DEBUG 19408 --- [thundercore-erp] [nio-8080-exec-2] org.hibernate.SQL                        : 
    select
        count(*) 
    from
        users u1_0
2026-05-28T13:07:28.436+05:30 DEBUG 19408 --- [thundercore-erp] [nio-8080-exec-2] org.hibernate.SQL                        : 
    select
        count(*) 
    from
        customers c1_0
2026-05-28T13:07:28.438+05:30 DEBUG 19408 --- [thundercore-erp] [nio-8080-exec-2] org.hibernate.SQL                        : 
    select
        count(*) 
    from
        sale_orders so1_0
2026-05-28T13:07:28.441+05:30 DEBUG 19408 --- [thundercore-erp] [nio-8080-exec-2] org.hibernate.SQL                        : 
    select
        coalesce(sum(i1_0.net_amount), 0) 
    from
        invoices i1_0 
    where
        i1_0.status=?
2026-05-28T13:07:28.443+05:30 DEBUG 19408 --- [thundercore-erp] [nio-8080-exec-2] org.hibernate.SQL                        : 
    select
        count(i1_0.id) 
    from
        invoices i1_0 
    where
        i1_0.status=?
2026-05-28T13:07:28.445+05:30 DEBUG 19408 --- [thundercore-erp] [nio-8080-exec-2] org.springframework.web.SimpLogging      : Processing MESSAGE destination=/topic/dashboard session=null payload={"totalProducts":1,"totalEmployees":0,"totalInvoices":0,"totalUsers":4,"totalCus...(truncated)
2026-05-28T13:07:28.447+05:30 DEBUG 19408 --- [thundercore-erp] [nio-8080-exec-2] o.s.w.s.m.m.a.HttpEntityMethodProcessor  : Using 'application/json', given [*/*] and supported [application/json, application/*+json, application/yaml]
2026-05-28T13:07:28.448+05:30 DEBUG 19408 --- [thundercore-erp] [nio-8080-exec-2] o.s.w.s.m.m.a.HttpEntityMethodProcessor  : Writing [ApiResponse(success=true, message=Stock updated, data=Product(id=1, sku=QA-1779953847238, name=QA Te (truncated)...]
2026-05-28T13:07:28.449+05:30 DEBUG 19408 --- [thundercore-erp] [nio-8080-exec-2] o.s.web.servlet.DispatcherServlet        : Completed 200 OK
2026-05-28T13:07:28.455+05:30 DEBUG 19408 --- [thundercore-erp] [io-8080-exec-10] org.hibernate.SQL                        : 
    select
        u1_0.id,
        u1_0.active,
        u1_0.created_at,
        u1_0.email,
        u1_0.first_name,
        u1_0.last_name,
        u1_0.password,
        u1_0.role,
        u1_0.updated_at 
    from
        users u1_0 
    where
        u1_0.email=?
2026-05-28T13:07:28.459+05:30 DEBUG 19408 --- [thundercore-erp] [io-8080-exec-10] o.s.web.servlet.DispatcherServlet        : POST "/api/sales/customers", parameters={}
2026-05-28T13:07:28.461+05:30 DEBUG 19408 --- [thundercore-erp] [io-8080-exec-10] s.w.s.m.m.a.RequestMappingHandlerMapping : Mapped to com.thundercore.erp.sales.controller.CustomerController#createCustomer(Customer)
2026-05-28T13:07:28.464+05:30 DEBUG 19408 --- [thundercore-erp] [io-8080-exec-10] m.m.a.RequestResponseBodyMethodProcessor : Read "application/json;charset=UTF-8" to [Customer(id=null, name=QA Customer, email=qa.customer.1779953847238@example.com, phone=5550100, addr (truncated)...]
2026-05-28T13:07:28.469+05:30 DEBUG 19408 --- [thundercore-erp] [io-8080-exec-10] org.hibernate.SQL                        : 
    insert 
    into
        customers
        (address, created_at, email, name, phone, tier, updated_at, id) 
    values
        (?, ?, ?, ?, ?, ?, ?, default)
2026-05-28T13:07:28.474+05:30 DEBUG 19408 --- [thundercore-erp] [io-8080-exec-10] org.hibernate.SQL                        : 
    select
        p1_0.id,
        p1_0.category,
        p1_0.created_at,
        p1_0.description,
        p1_0.name,
        p1_0.quantity,
        p1_0.reorder_threshold,
        p1_0.sku,
        p1_0.supplier,
        p1_0.unit_price,
        p1_0.updated_at 
    from
        products p1_0
2026-05-28T13:07:28.477+05:30 DEBUG 19408 --- [thundercore-erp] [io-8080-exec-10] org.hibernate.SQL                        : 
    select
        i1_0.id,
        i1_0.created_at,
        i1_0.customer_email,
        i1_0.customer_name,
        i1_0.invoice_number,
        i1_0.net_amount,
        i1_0.notes,
        i1_0.status,
        i1_0.tax_amount,
        i1_0.total_amount,
        i1_0.updated_at 
    from
        invoices i1_0
2026-05-28T13:07:28.479+05:30 DEBUG 19408 --- [thundercore-erp] [io-8080-exec-10] org.hibernate.SQL                        : 
    select
        count(*) 
    from
        products p1_0
2026-05-28T13:07:28.481+05:30 DEBUG 19408 --- [thundercore-erp] [io-8080-exec-10] org.hibernate.SQL                        : 
    select
        count(*) 
    from
        employees e1_0
2026-05-28T13:07:28.484+05:30 DEBUG 19408 --- [thundercore-erp] [io-8080-exec-10] org.hibernate.SQL                        : 
    select
        count(*) 
    from
        invoices i1_0
2026-05-28T13:07:28.486+05:30 DEBUG 19408 --- [thundercore-erp] [io-8080-exec-10] org.hibernate.SQL                        : 
    select
        count(*) 
    from
        users u1_0
2026-05-28T13:07:28.487+05:30 DEBUG 19408 --- [thundercore-erp] [io-8080-exec-10] org.hibernate.SQL                        : 
    select
        count(*) 
    from
        customers c1_0
2026-05-28T13:07:28.489+05:30 DEBUG 19408 --- [thundercore-erp] [io-8080-exec-10] org.hibernate.SQL                        : 
    select
        count(*) 
    from
        sale_orders so1_0
2026-05-28T13:07:28.491+05:30 DEBUG 19408 --- [thundercore-erp] [io-8080-exec-10] org.hibernate.SQL                        : 
    select
        coalesce(sum(i1_0.net_amount), 0) 
    from
        invoices i1_0 
    where
        i1_0.status=?
2026-05-28T13:07:28.493+05:30 DEBUG 19408 --- [thundercore-erp] [io-8080-exec-10] org.hibernate.SQL                        : 
    select
        count(i1_0.id) 
    from
        invoices i1_0 
    where
        i1_0.status=?
2026-05-28T13:07:28.495+05:30 DEBUG 19408 --- [thundercore-erp] [io-8080-exec-10] org.springframework.web.SimpLogging      : Processing MESSAGE destination=/topic/dashboard session=null payload={"totalProducts":1,"totalEmployees":0,"totalInvoices":0,"totalUsers":4,"totalCus...(truncated)
2026-05-28T13:07:28.497+05:30 DEBUG 19408 --- [thundercore-erp] [io-8080-exec-10] o.s.w.s.m.m.a.HttpEntityMethodProcessor  : Using 'application/json', given [*/*] and supported [application/json, application/*+json, application/yaml]
2026-05-28T13:07:28.498+05:30 DEBUG 19408 --- [thundercore-erp] [io-8080-exec-10] o.s.w.s.m.m.a.HttpEntityMethodProcessor  : Writing [ApiResponse(success=true, message=Customer created, data=Customer(id=1, name=QA Customer, email=qa.c (truncated)...]
2026-05-28T13:07:28.500+05:30 DEBUG 19408 --- [thundercore-erp] [io-8080-exec-10] o.s.web.servlet.DispatcherServlet        : Completed 200 OK
2026-05-28T13:07:28.507+05:30 DEBUG 19408 --- [thundercore-erp] [nio-8080-exec-4] org.hibernate.SQL                        : 
    select
        u1_0.id,
        u1_0.active,
        u1_0.created_at,
        u1_0.email,
        u1_0.first_name,
        u1_0.last_name,
        u1_0.password,
        u1_0.role,
        u1_0.updated_at 
    from
        users u1_0 
    where
        u1_0.email=?
2026-05-28T13:07:28.511+05:30 DEBUG 19408 --- [thundercore-erp] [nio-8080-exec-4] o.s.web.servlet.DispatcherServlet        : PUT "/api/sales/customers/1", parameters={}
2026-05-28T13:07:28.512+05:30 DEBUG 19408 --- [thundercore-erp] [nio-8080-exec-4] s.w.s.m.m.a.RequestMappingHandlerMapping : Mapped to com.thundercore.erp.sales.controller.CustomerController#updateCustomer(Long, Customer)
2026-05-28T13:07:28.514+05:30 DEBUG 19408 --- [thundercore-erp] [nio-8080-exec-4] m.m.a.RequestResponseBodyMethodProcessor : Read "application/json;charset=UTF-8" to [Customer(id=null, name=QA Customer Updated, email=qa.customer.1779953847238@example.com, phone=null, (truncated)...]
2026-05-28T13:07:28.516+05:30 DEBUG 19408 --- [thundercore-erp] [nio-8080-exec-4] org.hibernate.SQL                        : 
    select
        c1_0.id,
        c1_0.address,
        c1_0.created_at,
        c1_0.email,
        c1_0.name,
        c1_0.phone,
        c1_0.tier,
        c1_0.updated_at 
    from
        customers c1_0 
    where
        c1_0.id=?
2026-05-28T13:07:28.520+05:30 DEBUG 19408 --- [thundercore-erp] [nio-8080-exec-4] org.hibernate.SQL                        : 
    select
        c1_0.id,
        c1_0.address,
        c1_0.created_at,
        c1_0.email,
        c1_0.name,
        c1_0.phone,
        c1_0.tier,
        c1_0.updated_at 
    from
        customers c1_0 
    where
        c1_0.id=?
2026-05-28T13:07:28.522+05:30 DEBUG 19408 --- [thundercore-erp] [nio-8080-exec-4] org.hibernate.SQL                        : 
    update
        customers 
    set
        address=?,
        created_at=?,
        email=?,
        name=?,
        phone=?,
        tier=?,
        updated_at=? 
    where
        id=?
2026-05-28T13:07:28.525+05:30 DEBUG 19408 --- [thundercore-erp] [nio-8080-exec-4] org.hibernate.SQL                        : 
    select
        p1_0.id,
        p1_0.category,
        p1_0.created_at,
        p1_0.description,
        p1_0.name,
        p1_0.quantity,
        p1_0.reorder_threshold,
        p1_0.sku,
        p1_0.supplier,
        p1_0.unit_price,
        p1_0.updated_at 
    from
        products p1_0
2026-05-28T13:07:28.528+05:30 DEBUG 19408 --- [thundercore-erp] [nio-8080-exec-4] org.hibernate.SQL                        : 
    select
        i1_0.id,
        i1_0.created_at,
        i1_0.customer_email,
        i1_0.customer_name,
        i1_0.invoice_number,
        i1_0.net_amount,
        i1_0.notes,
        i1_0.status,
        i1_0.tax_amount,
        i1_0.total_amount,
        i1_0.updated_at 
    from
        invoices i1_0
2026-05-28T13:07:28.531+05:30 DEBUG 19408 --- [thundercore-erp] [nio-8080-exec-4] org.hibernate.SQL                        : 
    select
        count(*) 
    from
        products p1_0
2026-05-28T13:07:28.533+05:30 DEBUG 19408 --- [thundercore-erp] [nio-8080-exec-4] org.hibernate.SQL                        : 
    select
        count(*) 
    from
        employees e1_0
2026-05-28T13:07:28.536+05:30 DEBUG 19408 --- [thundercore-erp] [nio-8080-exec-4] org.hibernate.SQL                        : 
    select
        count(*) 
    from
        invoices i1_0
2026-05-28T13:07:28.538+05:30 DEBUG 19408 --- [thundercore-erp] [nio-8080-exec-4] org.hibernate.SQL                        : 
    select
        count(*) 
    from
        users u1_0
2026-05-28T13:07:28.540+05:30 DEBUG 19408 --- [thundercore-erp] [nio-8080-exec-4] org.hibernate.SQL                        : 
    select
        count(*) 
    from
        customers c1_0
2026-05-28T13:07:28.542+05:30 DEBUG 19408 --- [thundercore-erp] [nio-8080-exec-4] org.hibernate.SQL                        : 
    select
        count(*) 
    from
        sale_orders so1_0
2026-05-28T13:07:28.545+05:30 DEBUG 19408 --- [thundercore-erp] [nio-8080-exec-4] org.hibernate.SQL                        : 
    select
        coalesce(sum(i1_0.net_amount), 0) 
    from
        invoices i1_0 
    where
        i1_0.status=?
2026-05-28T13:07:28.548+05:30 DEBUG 19408 --- [thundercore-erp] [nio-8080-exec-4] org.hibernate.SQL                        : 
    select
        count(i1_0.id) 
    from
        invoices i1_0 
    where
        i1_0.status=?
2026-05-28T13:07:28.550+05:30 DEBUG 19408 --- [thundercore-erp] [nio-8080-exec-4] org.springframework.web.SimpLogging      : Processing MESSAGE destination=/topic/dashboard session=null payload={"totalProducts":1,"totalEmployees":0,"totalInvoices":0,"totalUsers":4,"totalCus...(truncated)
2026-05-28T13:07:28.552+05:30 DEBUG 19408 --- [thundercore-erp] [nio-8080-exec-4] o.s.w.s.m.m.a.HttpEntityMethodProcessor  : Using 'application/json', given [*/*] and supported [application/json, application/*+json, application/yaml]
2026-05-28T13:07:28.553+05:30 DEBUG 19408 --- [thundercore-erp] [nio-8080-exec-4] o.s.w.s.m.m.a.HttpEntityMethodProcessor  : Writing [ApiResponse(success=true, message=Customer updated, data=Customer(id=1, name=QA Customer Updated, em (truncated)...]
2026-05-28T13:07:28.554+05:30 DEBUG 19408 --- [thundercore-erp] [nio-8080-exec-4] o.s.web.servlet.DispatcherServlet        : Completed 200 OK
2026-05-28T13:07:28.561+05:30 DEBUG 19408 --- [thundercore-erp] [nio-8080-exec-6] org.hibernate.SQL                        : 
    select
        u1_0.id,
        u1_0.active,
        u1_0.created_at,
        u1_0.email,
        u1_0.first_name,
        u1_0.last_name,
        u1_0.password,
        u1_0.role,
        u1_0.updated_at 
    from
        users u1_0 
    where
        u1_0.email=?
2026-05-28T13:07:28.565+05:30 DEBUG 19408 --- [thundercore-erp] [nio-8080-exec-6] o.s.web.servlet.DispatcherServlet        : POST "/api/hr/employees", parameters={}
2026-05-28T13:07:28.566+05:30 DEBUG 19408 --- [thundercore-erp] [nio-8080-exec-6] s.w.s.m.m.a.RequestMappingHandlerMapping : Mapped to com.thundercore.erp.hr.controller.EmployeeController#createEmployee(Employee, Long)
2026-05-28T13:07:28.572+05:30 DEBUG 19408 --- [thundercore-erp] [nio-8080-exec-6] m.m.a.RequestResponseBodyMethodProcessor : Read "application/json;charset=UTF-8" to [Employee(id=null, user=null, employeeCode=EMP-1779953847238, department=QA, designation=Tester, base (truncated)...]
2026-05-28T13:07:28.578+05:30 DEBUG 19408 --- [thundercore-erp] [nio-8080-exec-6] org.hibernate.SQL                        : 
    insert 
    into
        employees
        (base_salary, created_at, department, designation, employee_code, joining_date, status, updated_at, user_id, id) 
    values
        (?, ?, ?, ?, ?, ?, ?, ?, ?, default)
2026-05-28T13:07:28.582+05:30 DEBUG 19408 --- [thundercore-erp] [nio-8080-exec-6] org.hibernate.SQL                        : 
    select
        p1_0.id,
        p1_0.category,
        p1_0.created_at,
        p1_0.description,
        p1_0.name,
        p1_0.quantity,
        p1_0.reorder_threshold,
        p1_0.sku,
        p1_0.supplier,
        p1_0.unit_price,
        p1_0.updated_at 
    from
        products p1_0
2026-05-28T13:07:28.585+05:30 DEBUG 19408 --- [thundercore-erp] [nio-8080-exec-6] org.hibernate.SQL                        : 
    select
        i1_0.id,
        i1_0.created_at,
        i1_0.customer_email,
        i1_0.customer_name,
        i1_0.invoice_number,
        i1_0.net_amount,
        i1_0.notes,
        i1_0.status,
        i1_0.tax_amount,
        i1_0.total_amount,
        i1_0.updated_at 
    from
        invoices i1_0
2026-05-28T13:07:28.589+05:30 DEBUG 19408 --- [thundercore-erp] [nio-8080-exec-6] org.hibernate.SQL                        : 
    select
        count(*) 
    from
        products p1_0
2026-05-28T13:07:28.591+05:30 DEBUG 19408 --- [thundercore-erp] [nio-8080-exec-6] org.hibernate.SQL                        : 
    select
        count(*) 
    from
        employees e1_0
2026-05-28T13:07:28.593+05:30 DEBUG 19408 --- [thundercore-erp] [nio-8080-exec-6] org.hibernate.SQL                        : 
    select
        count(*) 
    from
        invoices i1_0
2026-05-28T13:07:28.595+05:30 DEBUG 19408 --- [thundercore-erp] [nio-8080-exec-6] org.hibernate.SQL                        : 
    select
        count(*) 
    from
        users u1_0
2026-05-28T13:07:28.596+05:30 DEBUG 19408 --- [thundercore-erp] [nio-8080-exec-6] org.hibernate.SQL                        : 
    select
        count(*) 
    from
        customers c1_0
2026-05-28T13:07:28.598+05:30 DEBUG 19408 --- [thundercore-erp] [nio-8080-exec-6] org.hibernate.SQL                        : 
    select
        count(*) 
    from
        sale_orders so1_0
2026-05-28T13:07:28.600+05:30 DEBUG 19408 --- [thundercore-erp] [nio-8080-exec-6] org.hibernate.SQL                        : 
    select
        coalesce(sum(i1_0.net_amount), 0) 
    from
        invoices i1_0 
    where
        i1_0.status=?
2026-05-28T13:07:28.604+05:30 DEBUG 19408 --- [thundercore-erp] [nio-8080-exec-6] org.hibernate.SQL                        : 
    select
        count(i1_0.id) 
    from
        invoices i1_0 
    where
        i1_0.status=?
2026-05-28T13:07:28.606+05:30 DEBUG 19408 --- [thundercore-erp] [nio-8080-exec-6] org.springframework.web.SimpLogging      : Processing MESSAGE destination=/topic/dashboard session=null payload={"totalProducts":1,"totalEmployees":1,"totalInvoices":0,"totalUsers":4,"totalCus...(truncated)
2026-05-28T13:07:28.608+05:30 DEBUG 19408 --- [thundercore-erp] [nio-8080-exec-6] o.s.w.s.m.m.a.HttpEntityMethodProcessor  : Using 'application/json', given [*/*] and supported [application/json, application/*+json, application/yaml]
2026-05-28T13:07:28.610+05:30 DEBUG 19408 --- [thundercore-erp] [nio-8080-exec-6] o.s.w.s.m.m.a.HttpEntityMethodProcessor  : Writing [ApiResponse(success=true, message=Employee created, data=Employee(id=1, user=null, employeeCode=EMP- (truncated)...]
2026-05-28T13:07:28.613+05:30 DEBUG 19408 --- [thundercore-erp] [nio-8080-exec-6] o.s.web.servlet.DispatcherServlet        : Completed 200 OK
2026-05-28T13:07:28.621+05:30 DEBUG 19408 --- [thundercore-erp] [nio-8080-exec-7] org.hibernate.SQL                        : 
    select
        u1_0.id,
        u1_0.active,
        u1_0.created_at,
        u1_0.email,
        u1_0.first_name,
        u1_0.last_name,
        u1_0.password,
        u1_0.role,
        u1_0.updated_at 
    from
        users u1_0 
    where
        u1_0.email=?
2026-05-28T13:07:28.625+05:30 DEBUG 19408 --- [thundercore-erp] [nio-8080-exec-7] o.s.web.servlet.DispatcherServlet        : PUT "/api/hr/employees/1", parameters={}
2026-05-28T13:07:28.628+05:30 DEBUG 19408 --- [thundercore-erp] [nio-8080-exec-7] s.w.s.m.m.a.RequestMappingHandlerMapping : Mapped to com.thundercore.erp.hr.controller.EmployeeController#updateEmployee(Long, Employee)
2026-05-28T13:07:28.630+05:30 DEBUG 19408 --- [thundercore-erp] [nio-8080-exec-7] m.m.a.RequestResponseBodyMethodProcessor : Read "application/json;charset=UTF-8" to [Employee(id=null, user=null, employeeCode=EMP-1779953847238, department=QA, designation=Senior Teste (truncated)...]
2026-05-28T13:07:28.633+05:30 DEBUG 19408 --- [thundercore-erp] [nio-8080-exec-7] org.hibernate.SQL                        : 
    select
        e1_0.id,
        e1_0.base_salary,
        e1_0.created_at,
        e1_0.department,
        e1_0.designation,
        e1_0.employee_code,
        e1_0.joining_date,
        e1_0.status,
        e1_0.updated_at,
        e1_0.user_id 
    from
        employees e1_0 
    where
        e1_0.id=?
2026-05-28T13:07:28.639+05:30 DEBUG 19408 --- [thundercore-erp] [nio-8080-exec-7] org.hibernate.SQL                        : 
    select
        p1_0.id,
        p1_0.category,
        p1_0.created_at,
        p1_0.description,
        p1_0.name,
        p1_0.quantity,
        p1_0.reorder_threshold,
        p1_0.sku,
        p1_0.supplier,
        p1_0.unit_price,
        p1_0.updated_at 
    from
        products p1_0
2026-05-28T13:07:28.643+05:30 DEBUG 19408 --- [thundercore-erp] [nio-8080-exec-7] org.hibernate.SQL                        : 
    select
        i1_0.id,
        i1_0.created_at,
        i1_0.customer_email,
        i1_0.customer_name,
        i1_0.invoice_number,
        i1_0.net_amount,
        i1_0.notes,
        i1_0.status,
        i1_0.tax_amount,
        i1_0.total_amount,
        i1_0.updated_at 
    from
        invoices i1_0
2026-05-28T13:07:28.645+05:30 DEBUG 19408 --- [thundercore-erp] [nio-8080-exec-7] org.hibernate.SQL                        : 
    select
        count(*) 
    from
        products p1_0
2026-05-28T13:07:28.648+05:30 DEBUG 19408 --- [thundercore-erp] [nio-8080-exec-7] org.hibernate.SQL                        : 
    update
        employees 
    set
        base_salary=?,
        created_at=?,
        department=?,
        designation=?,
        employee_code=?,
        joining_date=?,
        status=?,
        updated_at=?,
        user_id=? 
    where
        id=?
2026-05-28T13:07:28.651+05:30 DEBUG 19408 --- [thundercore-erp] [nio-8080-exec-7] org.hibernate.SQL                        : 
    select
        count(*) 
    from
        employees e1_0
2026-05-28T13:07:28.653+05:30 DEBUG 19408 --- [thundercore-erp] [nio-8080-exec-7] org.hibernate.SQL                        : 
    select
        count(*) 
    from
        invoices i1_0
2026-05-28T13:07:28.655+05:30 DEBUG 19408 --- [thundercore-erp] [nio-8080-exec-7] org.hibernate.SQL                        : 
    select
        count(*) 
    from
        users u1_0
2026-05-28T13:07:28.657+05:30 DEBUG 19408 --- [thundercore-erp] [nio-8080-exec-7] org.hibernate.SQL                        : 
    select
        count(*) 
    from
        customers c1_0
2026-05-28T13:07:28.659+05:30 DEBUG 19408 --- [thundercore-erp] [nio-8080-exec-7] org.hibernate.SQL                        : 
    select
        count(*) 
    from
        sale_orders so1_0
2026-05-28T13:07:28.661+05:30 DEBUG 19408 --- [thundercore-erp] [nio-8080-exec-7] org.hibernate.SQL                        : 
    select
        coalesce(sum(i1_0.net_amount), 0) 
    from
        invoices i1_0 
    where
        i1_0.status=?
2026-05-28T13:07:28.663+05:30 DEBUG 19408 --- [thundercore-erp] [nio-8080-exec-7] org.hibernate.SQL                        : 
    select
        count(i1_0.id) 
    from
        invoices i1_0 
    where
        i1_0.status=?
2026-05-28T13:07:28.665+05:30 DEBUG 19408 --- [thundercore-erp] [nio-8080-exec-7] org.springframework.web.SimpLogging      : Processing MESSAGE destination=/topic/dashboard session=null payload={"totalProducts":1,"totalEmployees":1,"totalInvoices":0,"totalUsers":4,"totalCus...(truncated)
2026-05-28T13:07:28.667+05:30 DEBUG 19408 --- [thundercore-erp] [nio-8080-exec-7] o.s.w.s.m.m.a.HttpEntityMethodProcessor  : Using 'application/json', given [*/*] and supported [application/json, application/*+json, application/yaml]
2026-05-28T13:07:28.668+05:30 DEBUG 19408 --- [thundercore-erp] [nio-8080-exec-7] o.s.w.s.m.m.a.HttpEntityMethodProcessor  : Writing [ApiResponse(success=true, message=Employee updated, data=Employee(id=1, user=null, employeeCode=EMP- (truncated)...]
2026-05-28T13:07:28.670+05:30 DEBUG 19408 --- [thundercore-erp] [nio-8080-exec-7] o.s.web.servlet.DispatcherServlet        : Completed 200 OK
2026-05-28T13:07:28.675+05:30 DEBUG 19408 --- [thundercore-erp] [nio-8080-exec-8] org.hibernate.SQL                        : 
    select
        u1_0.id,
        u1_0.active,
        u1_0.created_at,
        u1_0.email,
        u1_0.first_name,
        u1_0.last_name,
        u1_0.password,
        u1_0.role,
        u1_0.updated_at 
    from
        users u1_0 
    where
        u1_0.email=?
2026-05-28T13:07:28.679+05:30 DEBUG 19408 --- [thundercore-erp] [nio-8080-exec-8] o.s.web.servlet.DispatcherServlet        : POST "/api/finance/invoices", parameters={}
2026-05-28T13:07:28.680+05:30 DEBUG 19408 --- [thundercore-erp] [nio-8080-exec-8] s.w.s.m.m.a.RequestMappingHandlerMapping : Mapped to com.thundercore.erp.finance.controller.InvoiceController#createInvoice(Invoice)
2026-05-28T13:07:28.693+05:30 DEBUG 19408 --- [thundercore-erp] [nio-8080-exec-8] m.m.a.RequestResponseBodyMethodProcessor : Read "application/json;charset=UTF-8" to [Invoice(id=null, invoiceNumber=INV-1779953847238, customerName=QA Customer Updated, customerEmail=qa (truncated)...]
2026-05-28T13:07:28.699+05:30 DEBUG 19408 --- [thundercore-erp] [nio-8080-exec-8] org.hibernate.SQL                        : 
    insert 
    into
        invoices
        (created_at, customer_email, customer_name, invoice_number, net_amount, notes, status, tax_amount, total_amount, updated_at, id) 
    values
        (?, ?, ?, ?, ?, ?, ?, ?, ?, ?, default)
2026-05-28T13:07:28.702+05:30 DEBUG 19408 --- [thundercore-erp] [nio-8080-exec-8] org.hibernate.SQL                        : 
    select
        p1_0.id,
        p1_0.category,
        p1_0.created_at,
        p1_0.description,
        p1_0.name,
        p1_0.quantity,
        p1_0.reorder_threshold,
        p1_0.sku,
        p1_0.supplier,
        p1_0.unit_price,
        p1_0.updated_at 
    from
        products p1_0
2026-05-28T13:07:28.707+05:30 DEBUG 19408 --- [thundercore-erp] [nio-8080-exec-8] org.hibernate.SQL                        : 
    select
        i1_0.id,
        i1_0.created_at,
        i1_0.customer_email,
        i1_0.customer_name,
        i1_0.invoice_number,
        i1_0.net_amount,
        i1_0.notes,
        i1_0.status,
        i1_0.tax_amount,
        i1_0.total_amount,
        i1_0.updated_at 
    from
        invoices i1_0
2026-05-28T13:07:28.710+05:30 DEBUG 19408 --- [thundercore-erp] [nio-8080-exec-8] org.hibernate.SQL                        : 
    select
        count(*) 
    from
        products p1_0
2026-05-28T13:07:28.712+05:30 DEBUG 19408 --- [thundercore-erp] [nio-8080-exec-8] org.hibernate.SQL                        : 
    select
        count(*) 
    from
        employees e1_0
2026-05-28T13:07:28.715+05:30 DEBUG 19408 --- [thundercore-erp] [nio-8080-exec-8] org.hibernate.SQL                        : 
    select
        count(*) 
    from
        invoices i1_0
2026-05-28T13:07:28.718+05:30 DEBUG 19408 --- [thundercore-erp] [nio-8080-exec-8] org.hibernate.SQL                        : 
    select
        count(*) 
    from
        users u1_0
2026-05-28T13:07:28.721+05:30 DEBUG 19408 --- [thundercore-erp] [nio-8080-exec-8] org.hibernate.SQL                        : 
    select
        count(*) 
    from
        customers c1_0
2026-05-28T13:07:28.722+05:30 DEBUG 19408 --- [thundercore-erp] [nio-8080-exec-8] org.hibernate.SQL                        : 
    select
        count(*) 
    from
        sale_orders so1_0
2026-05-28T13:07:28.724+05:30 DEBUG 19408 --- [thundercore-erp] [nio-8080-exec-8] org.hibernate.SQL                        : 
    select
        coalesce(sum(i1_0.net_amount), 0) 
    from
        invoices i1_0 
    where
        i1_0.status=?
2026-05-28T13:07:28.727+05:30 DEBUG 19408 --- [thundercore-erp] [nio-8080-exec-8] org.hibernate.SQL                        : 
    select
        count(i1_0.id) 
    from
        invoices i1_0 
    where
        i1_0.status=?
2026-05-28T13:07:28.729+05:30 DEBUG 19408 --- [thundercore-erp] [nio-8080-exec-8] org.springframework.web.SimpLogging      : Processing MESSAGE destination=/topic/dashboard session=null payload={"totalProducts":1,"totalEmployees":1,"totalInvoices":1,"totalUsers":4,"totalCus...(truncated)
2026-05-28T13:07:28.730+05:30 DEBUG 19408 --- [thundercore-erp] [nio-8080-exec-8] o.s.w.s.m.m.a.HttpEntityMethodProcessor  : Using 'application/json', given [*/*] and supported [application/json, application/*+json, application/yaml]
2026-05-28T13:07:28.731+05:30 DEBUG 19408 --- [thundercore-erp] [nio-8080-exec-8] o.s.w.s.m.m.a.HttpEntityMethodProcessor  : Writing [ApiResponse(success=true, message=Invoice created, data=Invoice(id=1, invoiceNumber=INV-B7631D44, cu (truncated)...]
2026-05-28T13:07:28.735+05:30 DEBUG 19408 --- [thundercore-erp] [nio-8080-exec-8] o.s.web.servlet.DispatcherServlet        : Completed 200 OK
2026-05-28T13:07:28.741+05:30 DEBUG 19408 --- [thundercore-erp] [nio-8080-exec-9] org.hibernate.SQL                        : 
    select
        u1_0.id,
        u1_0.active,
        u1_0.created_at,
        u1_0.email,
        u1_0.first_name,
        u1_0.last_name,
        u1_0.password,
        u1_0.role,
        u1_0.updated_at 
    from
        users u1_0 
    where
        u1_0.email=?
2026-05-28T13:07:28.745+05:30 DEBUG 19408 --- [thundercore-erp] [nio-8080-exec-9] o.s.web.servlet.DispatcherServlet        : PATCH "/api/finance/invoices/1/status", parameters={}
2026-05-28T13:07:28.746+05:30 DEBUG 19408 --- [thundercore-erp] [nio-8080-exec-9] s.w.s.m.m.a.RequestMappingHandlerMapping : Mapped to com.thundercore.erp.finance.controller.InvoiceController#updateStatus(Long, Map)
2026-05-28T13:07:28.748+05:30 DEBUG 19408 --- [thundercore-erp] [nio-8080-exec-9] m.m.a.RequestResponseBodyMethodProcessor : Read "application/json;charset=UTF-8" to [{status=PAID}]
2026-05-28T13:07:28.750+05:30 DEBUG 19408 --- [thundercore-erp] [nio-8080-exec-9] org.hibernate.SQL                        : 
    select
        i1_0.id,
        i1_0.created_at,
        i1_0.customer_email,
        i1_0.customer_name,
        i1_0.invoice_number,
        i1_0.net_amount,
        i1_0.notes,
        i1_0.status,
        i1_0.tax_amount,
        i1_0.total_amount,
        i1_0.updated_at 
    from
        invoices i1_0 
    where
        i1_0.id=?
2026-05-28T13:07:28.754+05:30 DEBUG 19408 --- [thundercore-erp] [nio-8080-exec-9] org.hibernate.SQL                        : 
    select
        i1_0.id,
        i1_0.created_at,
        i1_0.customer_email,
        i1_0.customer_name,
        i1_0.invoice_number,
        i1_0.net_amount,
        i1_0.notes,
        i1_0.status,
        i1_0.tax_amount,
        i1_0.total_amount,
        i1_0.updated_at 
    from
        invoices i1_0 
    where
        i1_0.id=?
2026-05-28T13:07:28.756+05:30 DEBUG 19408 --- [thundercore-erp] [nio-8080-exec-9] org.hibernate.SQL                        : 
    update
        invoices 
    set
        created_at=?,
        customer_email=?,
        customer_name=?,
        invoice_number=?,
        net_amount=?,
        notes=?,
        status=?,
        tax_amount=?,
        total_amount=?,
        updated_at=? 
    where
        id=?
2026-05-28T13:07:28.760+05:30 DEBUG 19408 --- [thundercore-erp] [nio-8080-exec-9] org.hibernate.SQL                        : 
    select
        p1_0.id,
        p1_0.category,
        p1_0.created_at,
        p1_0.description,
        p1_0.name,
        p1_0.quantity,
        p1_0.reorder_threshold,
        p1_0.sku,
        p1_0.supplier,
        p1_0.unit_price,
        p1_0.updated_at 
    from
        products p1_0
2026-05-28T13:07:28.762+05:30 DEBUG 19408 --- [thundercore-erp] [nio-8080-exec-9] org.hibernate.SQL                        : 
    select
        i1_0.id,
        i1_0.created_at,
        i1_0.customer_email,
        i1_0.customer_name,
        i1_0.invoice_number,
        i1_0.net_amount,
        i1_0.notes,
        i1_0.status,
        i1_0.tax_amount,
        i1_0.total_amount,
        i1_0.updated_at 
    from
        invoices i1_0
2026-05-28T13:07:28.765+05:30 DEBUG 19408 --- [thundercore-erp] [nio-8080-exec-9] org.hibernate.SQL                        : 
    select
        count(*) 
    from
        products p1_0
2026-05-28T13:07:28.767+05:30 DEBUG 19408 --- [thundercore-erp] [nio-8080-exec-9] org.hibernate.SQL                        : 
    select
        count(*) 
    from
        employees e1_0
2026-05-28T13:07:28.769+05:30 DEBUG 19408 --- [thundercore-erp] [nio-8080-exec-9] org.hibernate.SQL                        : 
    select
        count(*) 
    from
        invoices i1_0
2026-05-28T13:07:28.771+05:30 DEBUG 19408 --- [thundercore-erp] [nio-8080-exec-9] org.hibernate.SQL                        : 
    select
        count(*) 
    from
        users u1_0
2026-05-28T13:07:28.773+05:30 DEBUG 19408 --- [thundercore-erp] [nio-8080-exec-9] org.hibernate.SQL                        : 
    select
        count(*) 
    from
        customers c1_0
2026-05-28T13:07:28.774+05:30 DEBUG 19408 --- [thundercore-erp] [nio-8080-exec-9] org.hibernate.SQL                        : 
    select
        count(*) 
    from
        sale_orders so1_0
2026-05-28T13:07:28.776+05:30 DEBUG 19408 --- [thundercore-erp] [nio-8080-exec-9] org.hibernate.SQL                        : 
    select
        coalesce(sum(i1_0.net_amount), 0) 
    from
        invoices i1_0 
    where
        i1_0.status=?
2026-05-28T13:07:28.779+05:30 DEBUG 19408 --- [thundercore-erp] [nio-8080-exec-9] org.hibernate.SQL                        : 
    select
        count(i1_0.id) 
    from
        invoices i1_0 
    where
        i1_0.status=?
2026-05-28T13:07:28.782+05:30 DEBUG 19408 --- [thundercore-erp] [nio-8080-exec-9] org.springframework.web.SimpLogging      : Processing MESSAGE destination=/topic/dashboard session=null payload={"totalProducts":1,"totalEmployees":1,"totalInvoices":1,"totalUsers":4,"totalCus...(truncated)
2026-05-28T13:07:28.783+05:30 DEBUG 19408 --- [thundercore-erp] [nio-8080-exec-9] o.s.w.s.m.m.a.HttpEntityMethodProcessor  : Using 'application/json', given [*/*] and supported [application/json, application/*+json, application/yaml]
2026-05-28T13:07:28.785+05:30 DEBUG 19408 --- [thundercore-erp] [nio-8080-exec-9] o.s.w.s.m.m.a.HttpEntityMethodProcessor  : Writing [ApiResponse(success=true, message=Status updated, data=Invoice(id=1, invoiceNumber=INV-B7631D44, cus (truncated)...]
2026-05-28T13:07:28.786+05:30 DEBUG 19408 --- [thundercore-erp] [nio-8080-exec-9] o.s.web.servlet.DispatcherServlet        : Completed 200 OK
2026-05-28T13:07:28.792+05:30 DEBUG 19408 --- [thundercore-erp] [nio-8080-exec-5] org.hibernate.SQL                        : 
    select
        u1_0.id,
        u1_0.active,
        u1_0.created_at,
        u1_0.email,
        u1_0.first_name,
        u1_0.last_name,
        u1_0.password,
        u1_0.role,
        u1_0.updated_at 
    from
        users u1_0 
    where
        u1_0.email=?
2026-05-28T13:07:28.796+05:30 DEBUG 19408 --- [thundercore-erp] [nio-8080-exec-5] o.s.web.servlet.DispatcherServlet        : GET "/api/dashboard/stats", parameters={}
2026-05-28T13:07:28.797+05:30 DEBUG 19408 --- [thundercore-erp] [nio-8080-exec-5] s.w.s.m.m.a.RequestMappingHandlerMapping : Mapped to com.thundercore.erp.dashboard.controller.DashboardController#getStats()
2026-05-28T13:07:28.800+05:30 DEBUG 19408 --- [thundercore-erp] [nio-8080-exec-5] org.hibernate.SQL                        : 
    select
        p1_0.id,
        p1_0.category,
        p1_0.created_at,
        p1_0.description,
        p1_0.name,
        p1_0.quantity,
        p1_0.reorder_threshold,
        p1_0.sku,
        p1_0.supplier,
        p1_0.unit_price,
        p1_0.updated_at 
    from
        products p1_0
2026-05-28T13:07:28.803+05:30 DEBUG 19408 --- [thundercore-erp] [nio-8080-exec-5] org.hibernate.SQL                        : 
    select
        i1_0.id,
        i1_0.created_at,
        i1_0.customer_email,
        i1_0.customer_name,
        i1_0.invoice_number,
        i1_0.net_amount,
        i1_0.notes,
        i1_0.status,
        i1_0.tax_amount,
        i1_0.total_amount,
        i1_0.updated_at 
    from
        invoices i1_0
2026-05-28T13:07:28.805+05:30 DEBUG 19408 --- [thundercore-erp] [nio-8080-exec-5] org.hibernate.SQL                        : 
    select
        count(*) 
    from
        products p1_0
2026-05-28T13:07:28.807+05:30 DEBUG 19408 --- [thundercore-erp] [nio-8080-exec-5] org.hibernate.SQL                        : 
    select
        count(*) 
    from
        employees e1_0
2026-05-28T13:07:28.809+05:30 DEBUG 19408 --- [thundercore-erp] [nio-8080-exec-5] org.hibernate.SQL                        : 
    select
        count(*) 
    from
        invoices i1_0
2026-05-28T13:07:28.811+05:30 DEBUG 19408 --- [thundercore-erp] [nio-8080-exec-5] org.hibernate.SQL                        : 
    select
        count(*) 
    from
        users u1_0
2026-05-28T13:07:28.814+05:30 DEBUG 19408 --- [thundercore-erp] [nio-8080-exec-5] org.hibernate.SQL                        : 
    select
        count(*) 
    from
        customers c1_0
2026-05-28T13:07:28.816+05:30 DEBUG 19408 --- [thundercore-erp] [nio-8080-exec-5] org.hibernate.SQL                        : 
    select
        count(*) 
    from
        sale_orders so1_0
2026-05-28T13:07:28.818+05:30 DEBUG 19408 --- [thundercore-erp] [nio-8080-exec-5] org.hibernate.SQL                        : 
    select
        coalesce(sum(i1_0.net_amount), 0) 
    from
        invoices i1_0 
    where
        i1_0.status=?
2026-05-28T13:07:28.821+05:30 DEBUG 19408 --- [thundercore-erp] [nio-8080-exec-5] org.hibernate.SQL                        : 
    select
        count(i1_0.id) 
    from
        invoices i1_0 
    where
        i1_0.status=?
2026-05-28T13:07:28.823+05:30 DEBUG 19408 --- [thundercore-erp] [nio-8080-exec-5] o.s.w.s.m.m.a.HttpEntityMethodProcessor  : Using 'application/json', given [*/*] and supported [application/json, application/*+json, application/yaml]
2026-05-28T13:07:28.824+05:30 DEBUG 19408 --- [thundercore-erp] [nio-8080-exec-5] o.s.w.s.m.m.a.HttpEntityMethodProcessor  : Writing [ApiResponse(success=true, message=Dashboard stats retrieved, data={totalProducts=1, totalEmployees=1 (truncated)...]
2026-05-28T13:07:28.826+05:30 DEBUG 19408 --- [thundercore-erp] [nio-8080-exec-5] o.s.web.servlet.DispatcherServlet        : Completed 200 OK
2026-05-28T13:07:28.833+05:30 DEBUG 19408 --- [thundercore-erp] [nio-8080-exec-1] org.hibernate.SQL                        : 
    select
        u1_0.id,
        u1_0.active,
        u1_0.created_at,
        u1_0.email,
        u1_0.first_name,
        u1_0.last_name,
        u1_0.password,
        u1_0.role,
        u1_0.updated_at 
    from
        users u1_0 
    where
        u1_0.email=?
2026-05-28T13:07:28.837+05:30 DEBUG 19408 --- [thundercore-erp] [nio-8080-exec-1] o.s.web.servlet.DispatcherServlet        : GET "/api/notifications/me/unread-count", parameters={}
2026-05-28T13:07:28.838+05:30 DEBUG 19408 --- [thundercore-erp] [nio-8080-exec-1] s.w.s.m.m.a.RequestMappingHandlerMapping : Mapped to com.thundercore.erp.notification.controller.NotificationController#getMyUnreadCount(Authentication)
2026-05-28T13:07:28.841+05:30 DEBUG 19408 --- [thundercore-erp] [nio-8080-exec-1] org.hibernate.SQL                        : 
    select
        u1_0.id,
        u1_0.active,
        u1_0.created_at,
        u1_0.email,
        u1_0.first_name,
        u1_0.last_name,
        u1_0.password,
        u1_0.role,
        u1_0.updated_at 
    from
        users u1_0 
    where
        u1_0.email=?
2026-05-28T13:07:28.850+05:30 DEBUG 19408 --- [thundercore-erp] [nio-8080-exec-1] org.hibernate.SQL                        : 
    select
        count(n1_0.id) 
    from
        notifications n1_0 
    left join
        users u1_0 
            on u1_0.id=n1_0.user_id 
    where
        u1_0.id=? 
        and not(n1_0.is_read)
2026-05-28T13:07:28.853+05:30 DEBUG 19408 --- [thundercore-erp] [nio-8080-exec-1] o.s.w.s.m.m.a.HttpEntityMethodProcessor  : Using 'application/json', given [*/*] and supported [application/json, application/*+json, application/yaml]
2026-05-28T13:07:28.854+05:30 DEBUG 19408 --- [thundercore-erp] [nio-8080-exec-1] o.s.w.s.m.m.a.HttpEntityMethodProcessor  : Writing [ApiResponse(success=true, message=Unread count retrieved, data={count=0})]
2026-05-28T13:07:28.857+05:30 DEBUG 19408 --- [thundercore-erp] [nio-8080-exec-1] o.s.web.servlet.DispatcherServlet        : Completed 200 OK
2026-05-28T13:07:28.863+05:30 DEBUG 19408 --- [thundercore-erp] [nio-8080-exec-3] org.hibernate.SQL                        : 
    select
        u1_0.id,
        u1_0.active,
        u1_0.created_at,
        u1_0.email,
        u1_0.first_name,
        u1_0.last_name,
        u1_0.password,
        u1_0.role,
        u1_0.updated_at 
    from
        users u1_0 
    where
        u1_0.email=?
2026-05-28T13:07:28.867+05:30 DEBUG 19408 --- [thundercore-erp] [nio-8080-exec-3] o.s.web.servlet.DispatcherServlet        : DELETE "/api/finance/invoices/1", parameters={}
2026-05-28T13:07:28.868+05:30 DEBUG 19408 --- [thundercore-erp] [nio-8080-exec-3] s.w.s.m.m.a.RequestMappingHandlerMapping : Mapped to com.thundercore.erp.finance.controller.InvoiceController#deleteInvoice(Long)
2026-05-28T13:07:28.871+05:30 DEBUG 19408 --- [thundercore-erp] [nio-8080-exec-3] org.hibernate.SQL                        : 
    select
        i1_0.id,
        i1_0.created_at,
        i1_0.customer_email,
        i1_0.customer_name,
        i1_0.invoice_number,
        i1_0.net_amount,
        i1_0.notes,
        i1_0.status,
        i1_0.tax_amount,
        i1_0.total_amount,
        i1_0.updated_at 
    from
        invoices i1_0 
    where
        i1_0.id=?
2026-05-28T13:07:28.878+05:30 DEBUG 19408 --- [thundercore-erp] [nio-8080-exec-3] org.hibernate.SQL                        : 
    delete 
    from
        invoices 
    where
        id=?
2026-05-28T13:07:28.881+05:30 DEBUG 19408 --- [thundercore-erp] [nio-8080-exec-3] org.hibernate.SQL                        : 
    select
        p1_0.id,
        p1_0.category,
        p1_0.created_at,
        p1_0.description,
        p1_0.name,
        p1_0.quantity,
        p1_0.reorder_threshold,
        p1_0.sku,
        p1_0.supplier,
        p1_0.unit_price,
        p1_0.updated_at 
    from
        products p1_0
2026-05-28T13:07:28.884+05:30 DEBUG 19408 --- [thundercore-erp] [nio-8080-exec-3] org.hibernate.SQL                        : 
    select
        i1_0.id,
        i1_0.created_at,
        i1_0.customer_email,
        i1_0.customer_name,
        i1_0.invoice_number,
        i1_0.net_amount,
        i1_0.notes,
        i1_0.status,
        i1_0.tax_amount,
        i1_0.total_amount,
        i1_0.updated_at 
    from
        invoices i1_0
2026-05-28T13:07:28.887+05:30 DEBUG 19408 --- [thundercore-erp] [nio-8080-exec-3] org.hibernate.SQL                        : 
    select
        count(*) 
    from
        products p1_0
2026-05-28T13:07:28.890+05:30 DEBUG 19408 --- [thundercore-erp] [nio-8080-exec-3] org.hibernate.SQL                        : 
    select
        count(*) 
    from
        employees e1_0
2026-05-28T13:07:28.892+05:30 DEBUG 19408 --- [thundercore-erp] [nio-8080-exec-3] org.hibernate.SQL                        : 
    select
        count(*) 
    from
        invoices i1_0
2026-05-28T13:07:28.895+05:30 DEBUG 19408 --- [thundercore-erp] [nio-8080-exec-3] org.hibernate.SQL                        : 
    select
        count(*) 
    from
        users u1_0
2026-05-28T13:07:28.896+05:30 DEBUG 19408 --- [thundercore-erp] [nio-8080-exec-3] org.hibernate.SQL                        : 
    select
        count(*) 
    from
        customers c1_0
2026-05-28T13:07:28.900+05:30 DEBUG 19408 --- [thundercore-erp] [nio-8080-exec-3] org.hibernate.SQL                        : 
    select
        count(*) 
    from
        sale_orders so1_0
2026-05-28T13:07:28.901+05:30 DEBUG 19408 --- [thundercore-erp] [nio-8080-exec-3] org.hibernate.SQL                        : 
    select
        coalesce(sum(i1_0.net_amount), 0) 
    from
        invoices i1_0 
    where
        i1_0.status=?
2026-05-28T13:07:28.904+05:30 DEBUG 19408 --- [thundercore-erp] [nio-8080-exec-3] org.hibernate.SQL                        : 
    select
        count(i1_0.id) 
    from
        invoices i1_0 
    where
        i1_0.status=?
2026-05-28T13:07:28.907+05:30 DEBUG 19408 --- [thundercore-erp] [nio-8080-exec-3] org.springframework.web.SimpLogging      : Processing MESSAGE destination=/topic/dashboard session=null payload={"totalProducts":1,"totalEmployees":1,"totalInvoices":0,"totalUsers":4,"totalCus...(truncated)
2026-05-28T13:07:28.911+05:30 DEBUG 19408 --- [thundercore-erp] [nio-8080-exec-3] o.s.w.s.m.m.a.HttpEntityMethodProcessor  : Using 'application/json', given [*/*] and supported [application/json, application/*+json, application/yaml]
2026-05-28T13:07:28.911+05:30 DEBUG 19408 --- [thundercore-erp] [nio-8080-exec-3] o.s.w.s.m.m.a.HttpEntityMethodProcessor  : Writing [ApiResponse(success=true, message=Invoice deleted, data=null)]
2026-05-28T13:07:28.913+05:30 DEBUG 19408 --- [thundercore-erp] [nio-8080-exec-3] o.s.web.servlet.DispatcherServlet        : Completed 200 OK
2026-05-28T13:07:28.919+05:30 DEBUG 19408 --- [thundercore-erp] [nio-8080-exec-2] org.hibernate.SQL                        : 
    select
        u1_0.id,
        u1_0.active,
        u1_0.created_at,
        u1_0.email,
        u1_0.first_name,
        u1_0.last_name,
        u1_0.password,
        u1_0.role,
        u1_0.updated_at 
    from
        users u1_0 
    where
        u1_0.email=?
2026-05-28T13:07:28.923+05:30 DEBUG 19408 --- [thundercore-erp] [nio-8080-exec-2] o.s.web.servlet.DispatcherServlet        : DELETE "/api/hr/employees/1", parameters={}
2026-05-28T13:07:28.925+05:30 DEBUG 19408 --- [thundercore-erp] [nio-8080-exec-2] s.w.s.m.m.a.RequestMappingHandlerMapping : Mapped to com.thundercore.erp.hr.controller.EmployeeController#deleteEmployee(Long)
2026-05-28T13:07:28.929+05:30 DEBUG 19408 --- [thundercore-erp] [nio-8080-exec-2] org.hibernate.SQL                        : 
    select
        count(*) 
    from
        employees e1_0 
    where
        e1_0.id=?
2026-05-28T13:07:28.932+05:30 DEBUG 19408 --- [thundercore-erp] [nio-8080-exec-2] org.hibernate.SQL                        : 
    select
        e1_0.id,
        e1_0.base_salary,
        e1_0.created_at,
        e1_0.department,
        e1_0.designation,
        e1_0.employee_code,
        e1_0.joining_date,
        e1_0.status,
        e1_0.updated_at,
        e1_0.user_id 
    from
        employees e1_0 
    where
        e1_0.id=?
2026-05-28T13:07:28.935+05:30 DEBUG 19408 --- [thundercore-erp] [nio-8080-exec-2] org.hibernate.SQL                        : 
    select
        p1_0.id,
        p1_0.category,
        p1_0.created_at,
        p1_0.description,
        p1_0.name,
        p1_0.quantity,
        p1_0.reorder_threshold,
        p1_0.sku,
        p1_0.supplier,
        p1_0.unit_price,
        p1_0.updated_at 
    from
        products p1_0
2026-05-28T13:07:28.938+05:30 DEBUG 19408 --- [thundercore-erp] [nio-8080-exec-2] org.hibernate.SQL                        : 
    select
        i1_0.id,
        i1_0.created_at,
        i1_0.customer_email,
        i1_0.customer_name,
        i1_0.invoice_number,
        i1_0.net_amount,
        i1_0.notes,
        i1_0.status,
        i1_0.tax_amount,
        i1_0.total_amount,
        i1_0.updated_at 
    from
        invoices i1_0
2026-05-28T13:07:28.941+05:30 DEBUG 19408 --- [thundercore-erp] [nio-8080-exec-2] org.hibernate.SQL                        : 
    select
        count(*) 
    from
        products p1_0
2026-05-28T13:07:28.943+05:30 DEBUG 19408 --- [thundercore-erp] [nio-8080-exec-2] org.hibernate.SQL                        : 
    delete 
    from
        employees 
    where
        id=?
2026-05-28T13:07:28.945+05:30 DEBUG 19408 --- [thundercore-erp] [nio-8080-exec-2] org.hibernate.SQL                        : 
    select
        count(*) 
    from
        employees e1_0
2026-05-28T13:07:28.947+05:30 DEBUG 19408 --- [thundercore-erp] [nio-8080-exec-2] org.hibernate.SQL                        : 
    select
        count(*) 
    from
        invoices i1_0
2026-05-28T13:07:28.948+05:30 DEBUG 19408 --- [thundercore-erp] [nio-8080-exec-2] org.hibernate.SQL                        : 
    select
        count(*) 
    from
        users u1_0
2026-05-28T13:07:28.950+05:30 DEBUG 19408 --- [thundercore-erp] [nio-8080-exec-2] org.hibernate.SQL                        : 
    select
        count(*) 
    from
        customers c1_0
2026-05-28T13:07:28.952+05:30 DEBUG 19408 --- [thundercore-erp] [nio-8080-exec-2] org.hibernate.SQL                        : 
    select
        count(*) 
    from
        sale_orders so1_0
2026-05-28T13:07:28.954+05:30 DEBUG 19408 --- [thundercore-erp] [nio-8080-exec-2] org.hibernate.SQL                        : 
    select
        coalesce(sum(i1_0.net_amount), 0) 
    from
        invoices i1_0 
    where
        i1_0.status=?
2026-05-28T13:07:28.957+05:30 DEBUG 19408 --- [thundercore-erp] [nio-8080-exec-2] org.hibernate.SQL                        : 
    select
        count(i1_0.id) 
    from
        invoices i1_0 
    where
        i1_0.status=?
2026-05-28T13:07:28.959+05:30 DEBUG 19408 --- [thundercore-erp] [nio-8080-exec-2] org.springframework.web.SimpLogging      : Processing MESSAGE destination=/topic/dashboard session=null payload={"totalProducts":1,"totalEmployees":0,"totalInvoices":0,"totalUsers":4,"totalCus...(truncated)
2026-05-28T13:07:28.961+05:30 DEBUG 19408 --- [thundercore-erp] [nio-8080-exec-2] o.s.w.s.m.m.a.HttpEntityMethodProcessor  : Using 'application/json', given [*/*] and supported [application/json, application/*+json, application/yaml]
2026-05-28T13:07:28.963+05:30 DEBUG 19408 --- [thundercore-erp] [nio-8080-exec-2] o.s.w.s.m.m.a.HttpEntityMethodProcessor  : Writing [ApiResponse(success=true, message=Employee deleted, data=null)]
2026-05-28T13:07:28.964+05:30 DEBUG 19408 --- [thundercore-erp] [nio-8080-exec-2] o.s.web.servlet.DispatcherServlet        : Completed 200 OK
2026-05-28T13:07:28.970+05:30 DEBUG 19408 --- [thundercore-erp] [io-8080-exec-10] org.hibernate.SQL                        : 
    select
        u1_0.id,
        u1_0.active,
        u1_0.created_at,
        u1_0.email,
        u1_0.first_name,
        u1_0.last_name,
        u1_0.password,
        u1_0.role,
        u1_0.updated_at 
    from
        users u1_0 
    where
        u1_0.email=?
2026-05-28T13:07:28.974+05:30 DEBUG 19408 --- [thundercore-erp] [io-8080-exec-10] o.s.web.servlet.DispatcherServlet        : DELETE "/api/sales/customers/1", parameters={}
2026-05-28T13:07:28.976+05:30 DEBUG 19408 --- [thundercore-erp] [io-8080-exec-10] s.w.s.m.m.a.RequestMappingHandlerMapping : Mapped to com.thundercore.erp.sales.controller.CustomerController#deleteCustomer(Long)
2026-05-28T13:07:28.979+05:30 DEBUG 19408 --- [thundercore-erp] [io-8080-exec-10] org.hibernate.SQL                        : 
    select
        c1_0.id,
        c1_0.address,
        c1_0.created_at,
        c1_0.email,
        c1_0.name,
        c1_0.phone,
        c1_0.tier,
        c1_0.updated_at 
    from
        customers c1_0 
    where
        c1_0.id=?
2026-05-28T13:07:28.981+05:30 DEBUG 19408 --- [thundercore-erp] [io-8080-exec-10] org.hibernate.SQL                        : 
    delete 
    from
        customers 
    where
        id=?
2026-05-28T13:07:28.984+05:30 DEBUG 19408 --- [thundercore-erp] [io-8080-exec-10] org.hibernate.SQL                        : 
    select
        p1_0.id,
        p1_0.category,
        p1_0.created_at,
        p1_0.description,
        p1_0.name,
        p1_0.quantity,
        p1_0.reorder_threshold,
        p1_0.sku,
        p1_0.supplier,
        p1_0.unit_price,
        p1_0.updated_at 
    from
        products p1_0
2026-05-28T13:07:28.987+05:30 DEBUG 19408 --- [thundercore-erp] [io-8080-exec-10] org.hibernate.SQL                        : 
    select
        i1_0.id,
        i1_0.created_at,
        i1_0.customer_email,
        i1_0.customer_name,
        i1_0.invoice_number,
        i1_0.net_amount,
        i1_0.notes,
        i1_0.status,
        i1_0.tax_amount,
        i1_0.total_amount,
        i1_0.updated_at 
    from
        invoices i1_0
2026-05-28T13:07:28.990+05:30 DEBUG 19408 --- [thundercore-erp] [io-8080-exec-10] org.hibernate.SQL                        : 
    select
        count(*) 
    from
        products p1_0
2026-05-28T13:07:28.992+05:30 DEBUG 19408 --- [thundercore-erp] [io-8080-exec-10] org.hibernate.SQL                        : 
    select
        count(*) 
    from
        employees e1_0
2026-05-28T13:07:28.995+05:30 DEBUG 19408 --- [thundercore-erp] [io-8080-exec-10] org.hibernate.SQL                        : 
    select
        count(*) 
    from
        invoices i1_0
2026-05-28T13:07:28.997+05:30 DEBUG 19408 --- [thundercore-erp] [io-8080-exec-10] org.hibernate.SQL                        : 
    select
        count(*) 
    from
        users u1_0
2026-05-28T13:07:29.000+05:30 DEBUG 19408 --- [thundercore-erp] [io-8080-exec-10] org.hibernate.SQL                        : 
    select
        count(*) 
    from
        customers c1_0
2026-05-28T13:07:29.002+05:30 DEBUG 19408 --- [thundercore-erp] [io-8080-exec-10] org.hibernate.SQL                        : 
    select
        count(*) 
    from
        sale_orders so1_0
2026-05-28T13:07:29.005+05:30 DEBUG 19408 --- [thundercore-erp] [io-8080-exec-10] org.hibernate.SQL                        : 
    select
        coalesce(sum(i1_0.net_amount), 0) 
    from
        invoices i1_0 
    where
        i1_0.status=?
2026-05-28T13:07:29.009+05:30 DEBUG 19408 --- [thundercore-erp] [io-8080-exec-10] org.hibernate.SQL                        : 
    select
        count(i1_0.id) 
    from
        invoices i1_0 
    where
        i1_0.status=?
2026-05-28T13:07:29.011+05:30 DEBUG 19408 --- [thundercore-erp] [io-8080-exec-10] org.springframework.web.SimpLogging      : Processing MESSAGE destination=/topic/dashboard session=null payload={"totalProducts":1,"totalEmployees":0,"totalInvoices":0,"totalUsers":4,"totalCus...(truncated)
2026-05-28T13:07:29.013+05:30 DEBUG 19408 --- [thundercore-erp] [io-8080-exec-10] o.s.w.s.m.m.a.HttpEntityMethodProcessor  : Using 'application/json', given [*/*] and supported [application/json, application/*+json, application/yaml]
2026-05-28T13:07:29.014+05:30 DEBUG 19408 --- [thundercore-erp] [io-8080-exec-10] o.s.w.s.m.m.a.HttpEntityMethodProcessor  : Writing [ApiResponse(success=true, message=Customer deleted, data=null)]
2026-05-28T13:07:29.016+05:30 DEBUG 19408 --- [thundercore-erp] [io-8080-exec-10] o.s.web.servlet.DispatcherServlet        : Completed 200 OK
2026-05-28T13:07:29.022+05:30 DEBUG 19408 --- [thundercore-erp] [nio-8080-exec-4] org.hibernate.SQL                        : 
    select
        u1_0.id,
        u1_0.active,
        u1_0.created_at,
        u1_0.email,
        u1_0.first_name,
        u1_0.last_name,
        u1_0.password,
        u1_0.role,
        u1_0.updated_at 
    from
        users u1_0 
    where
        u1_0.email=?
2026-05-28T13:07:29.026+05:30 DEBUG 19408 --- [thundercore-erp] [nio-8080-exec-4] o.s.web.servlet.DispatcherServlet        : DELETE "/api/inventory/products/1", parameters={}
2026-05-28T13:07:29.028+05:30 DEBUG 19408 --- [thundercore-erp] [nio-8080-exec-4] s.w.s.m.m.a.RequestMappingHandlerMapping : Mapped to com.thundercore.erp.inventory.controller.ProductController#deleteProduct(Long)
2026-05-28T13:07:29.030+05:30 DEBUG 19408 --- [thundercore-erp] [nio-8080-exec-4] org.hibernate.SQL                        : 
    select
        p1_0.id,
        p1_0.category,
        p1_0.created_at,
        p1_0.description,
        p1_0.name,
        p1_0.quantity,
        p1_0.reorder_threshold,
        p1_0.sku,
        p1_0.supplier,
        p1_0.unit_price,
        p1_0.updated_at 
    from
        products p1_0 
    where
        p1_0.id=?
2026-05-28T13:07:29.034+05:30 DEBUG 19408 --- [thundercore-erp] [nio-8080-exec-4] org.hibernate.SQL                        : 
    select
        sm1_0.id,
        sm1_0.created_at,
        sm1_0.movement_type,
        sm1_0.product_id,
        sm1_0.quantity,
        sm1_0.remarks 
    from
        stock_movements sm1_0 
    left join
        products p1_0 
            on p1_0.id=sm1_0.product_id 
    where
        p1_0.id=?
2026-05-28T13:07:29.039+05:30 DEBUG 19408 --- [thundercore-erp] [nio-8080-exec-4] org.hibernate.SQL                        : 
    delete 
    from
        stock_movements 
    where
        id=?
2026-05-28T13:07:29.041+05:30 DEBUG 19408 --- [thundercore-erp] [nio-8080-exec-4] org.hibernate.SQL                        : 
    delete 
    from
        stock_movements 
    where
        id=?
2026-05-28T13:07:29.042+05:30 DEBUG 19408 --- [thundercore-erp] [nio-8080-exec-4] org.hibernate.SQL                        : 
    delete 
    from
        products 
    where
        id=?
2026-05-28T13:07:29.043+05:30 DEBUG 19408 --- [thundercore-erp] [nio-8080-exec-4] org.hibernate.SQL                        : 
    select
        p1_0.id,
        p1_0.category,
        p1_0.created_at,
        p1_0.description,
        p1_0.name,
        p1_0.quantity,
        p1_0.reorder_threshold,
        p1_0.sku,
        p1_0.supplier,
        p1_0.unit_price,
        p1_0.updated_at 
    from
        products p1_0
2026-05-28T13:07:29.046+05:30 DEBUG 19408 --- [thundercore-erp] [nio-8080-exec-4] org.hibernate.SQL                        : 
    select
        i1_0.id,
        i1_0.created_at,
        i1_0.customer_email,
        i1_0.customer_name,
        i1_0.invoice_number,
        i1_0.net_amount,
        i1_0.notes,
        i1_0.status,
        i1_0.tax_amount,
        i1_0.total_amount,
        i1_0.updated_at 
    from
        invoices i1_0
2026-05-28T13:07:29.047+05:30 DEBUG 19408 --- [thundercore-erp] [nio-8080-exec-4] org.hibernate.SQL                        : 
    select
        count(*) 
    from
        products p1_0
2026-05-28T13:07:29.049+05:30 DEBUG 19408 --- [thundercore-erp] [nio-8080-exec-4] org.hibernate.SQL                        : 
    select
        count(*) 
    from
        employees e1_0
2026-05-28T13:07:29.051+05:30 DEBUG 19408 --- [thundercore-erp] [nio-8080-exec-4] org.hibernate.SQL                        : 
    select
        count(*) 
    from
        invoices i1_0
2026-05-28T13:07:29.052+05:30 DEBUG 19408 --- [thundercore-erp] [nio-8080-exec-4] org.hibernate.SQL                        : 
    select
        count(*) 
    from
        users u1_0
2026-05-28T13:07:29.053+05:30 DEBUG 19408 --- [thundercore-erp] [nio-8080-exec-4] org.hibernate.SQL                        : 
    select
        count(*) 
    from
        customers c1_0
2026-05-28T13:07:29.055+05:30 DEBUG 19408 --- [thundercore-erp] [nio-8080-exec-4] org.hibernate.SQL                        : 
    select
        count(*) 
    from
        sale_orders so1_0
2026-05-28T13:07:29.057+05:30 DEBUG 19408 --- [thundercore-erp] [nio-8080-exec-4] org.hibernate.SQL                        : 
    select
        coalesce(sum(i1_0.net_amount), 0) 
    from
        invoices i1_0 
    where
        i1_0.status=?
2026-05-28T13:07:29.059+05:30 DEBUG 19408 --- [thundercore-erp] [nio-8080-exec-4] org.hibernate.SQL                        : 
    select
        count(i1_0.id) 
    from
        invoices i1_0 
    where
        i1_0.status=?
2026-05-28T13:07:29.061+05:30 DEBUG 19408 --- [thundercore-erp] [nio-8080-exec-4] org.springframework.web.SimpLogging      : Processing MESSAGE destination=/topic/dashboard session=null payload={"totalProducts":0,"totalEmployees":0,"totalInvoices":0,"totalUsers":4,"totalCus...(truncated)
2026-05-28T13:07:29.062+05:30 DEBUG 19408 --- [thundercore-erp] [nio-8080-exec-4] o.s.w.s.m.m.a.HttpEntityMethodProcessor  : Using 'application/json', given [*/*] and supported [application/json, application/*+json, application/yaml]
2026-05-28T13:07:29.063+05:30 DEBUG 19408 --- [thundercore-erp] [nio-8080-exec-4] o.s.w.s.m.m.a.HttpEntityMethodProcessor  : Writing [ApiResponse(success=true, message=Product deleted, data=null)]
2026-05-28T13:07:29.065+05:30 DEBUG 19408 --- [thundercore-erp] [nio-8080-exec-4] o.s.web.servlet.DispatcherServlet        : Completed 200 OK
2026-05-28T13:07:51.143+05:30  INFO 19408 --- [thundercore-erp] [MessageBroker-1] o.s.w.s.c.WebSocketMessageBrokerStats    : WebSocketSession[0 current WS(0)-HttpStream(0)-HttpPoll(0), 0 total, 0 closed abnormally (0 connect failure, 0 send limit, 0 transport error)], stompSubProtocol[processed CONNECT(0)-CONNECTED(0)-DISCONNECT(0)], stompBrokerRelay[null], inboundChannel[pool size = 0, active threads = 0, queued tasks = 0, completed tasks = 0], outboundChannel[pool size = 0, active threads = 0, queued tasks = 0, completed tasks = 0], sockJsScheduler[pool size = 2, active threads = 1, queued tasks = 1, completed tasks = 0]
2026-05-28T13:10:40.337+05:30 DEBUG 19408 --- [thundercore-erp] [nio-8080-exec-8] o.s.web.servlet.DispatcherServlet        : POST "/api/auth/login", parameters={}
2026-05-28T13:10:40.353+05:30 DEBUG 19408 --- [thundercore-erp] [nio-8080-exec-8] s.w.s.m.m.a.RequestMappingHandlerMapping : Mapped to com.thundercore.erp.auth.controller.AuthController#login(AuthRequest)
2026-05-28T13:10:40.365+05:30 DEBUG 19408 --- [thundercore-erp] [nio-8080-exec-8] m.m.a.RequestResponseBodyMethodProcessor : Read "application/json;charset=UTF-8" to [AuthRequest(email=admin@thundercore.com, password=Admin@123)]
2026-05-28T13:10:40.497+05:30 DEBUG 19408 --- [thundercore-erp] [nio-8080-exec-8] org.hibernate.SQL                        : 
    select
        u1_0.id,
        u1_0.active,
        u1_0.created_at,
        u1_0.email,
        u1_0.first_name,
        u1_0.last_name,
        u1_0.password,
        u1_0.role,
        u1_0.updated_at 
    from
        users u1_0 
    where
        u1_0.email=?
2026-05-28T13:10:40.611+05:30 DEBUG 19408 --- [thundercore-erp] [nio-8080-exec-8] org.hibernate.SQL                        : 
    select
        u1_0.id,
        u1_0.active,
        u1_0.created_at,
        u1_0.email,
        u1_0.first_name,
        u1_0.last_name,
        u1_0.password,
        u1_0.role,
        u1_0.updated_at 
    from
        users u1_0 
    where
        u1_0.email=?
2026-05-28T13:10:40.618+05:30 DEBUG 19408 --- [thundercore-erp] [nio-8080-exec-8] org.hibernate.SQL                        : 
    select
        u1_0.id,
        u1_0.active,
        u1_0.created_at,
        u1_0.email,
        u1_0.first_name,
        u1_0.last_name,
        u1_0.password,
        u1_0.role,
        u1_0.updated_at 
    from
        users u1_0 
    where
        u1_0.email=?
2026-05-28T13:10:40.620+05:30  INFO 19408 --- [thundercore-erp] [nio-8080-exec-8] c.t.erp.auth.controller.AuthController   : Successful login: admin@thundercore.com (role=SUPER_ADMIN)
2026-05-28T13:10:40.623+05:30 DEBUG 19408 --- [thundercore-erp] [nio-8080-exec-8] o.s.w.s.m.m.a.HttpEntityMethodProcessor  : Using 'application/json', given [application/json, text/plain, */*] and supported [application/json, application/*+json, application/yaml]
2026-05-28T13:10:40.625+05:30 DEBUG 19408 --- [thundercore-erp] [nio-8080-exec-8] o.s.w.s.m.m.a.HttpEntityMethodProcessor  : Writing [AuthResponse(token=eyJhbGciOiJIUzM4NCJ9.eyJzdWIiOiJhZG1pbkB0aHVuZGVyY29yZS5jb20iLCJpYXQiOjE3Nzk5NTQw (truncated)...]
2026-05-28T13:10:40.630+05:30 DEBUG 19408 --- [thundercore-erp] [nio-8080-exec-8] o.s.web.servlet.DispatcherServlet        : Completed 200 OK
2026-05-28T13:11:29.299+05:30 DEBUG 19408 --- [thundercore-erp] [nio-8080-exec-9] o.s.web.servlet.DispatcherServlet        : POST "/api/auth/login", parameters={}
2026-05-28T13:11:29.301+05:30 DEBUG 19408 --- [thundercore-erp] [nio-8080-exec-9] s.w.s.m.m.a.RequestMappingHandlerMapping : Mapped to com.thundercore.erp.auth.controller.AuthController#login(AuthRequest)
2026-05-28T13:11:29.304+05:30 DEBUG 19408 --- [thundercore-erp] [nio-8080-exec-9] m.m.a.RequestResponseBodyMethodProcessor : Read "application/json;charset=UTF-8" to [AuthRequest(email=admin@thundercore.com, password=Admin@123)]
2026-05-28T13:11:29.312+05:30 DEBUG 19408 --- [thundercore-erp] [nio-8080-exec-9] org.hibernate.SQL                        : 
    select
        u1_0.id,
        u1_0.active,
        u1_0.created_at,
        u1_0.email,
        u1_0.first_name,
        u1_0.last_name,
        u1_0.password,
        u1_0.role,
        u1_0.updated_at 
    from
        users u1_0 
    where
        u1_0.email=?
2026-05-28T13:11:29.802+05:30 DEBUG 19408 --- [thundercore-erp] [nio-8080-exec-9] org.hibernate.SQL                        : 
    select
        u1_0.id,
        u1_0.active,
        u1_0.created_at,
        u1_0.email,
        u1_0.first_name,
        u1_0.last_name,
        u1_0.password,
        u1_0.role,
        u1_0.updated_at 
    from
        users u1_0 
    where
        u1_0.email=?
2026-05-28T13:11:29.817+05:30 DEBUG 19408 --- [thundercore-erp] [nio-8080-exec-9] org.hibernate.SQL                        : 
    select
        u1_0.id,
        u1_0.active,
        u1_0.created_at,
        u1_0.email,
        u1_0.first_name,
        u1_0.last_name,
        u1_0.password,
        u1_0.role,
        u1_0.updated_at 
    from
        users u1_0 
    where
        u1_0.email=?
2026-05-28T13:11:29.820+05:30  INFO 19408 --- [thundercore-erp] [nio-8080-exec-9] c.t.erp.auth.controller.AuthController   : Successful login: admin@thundercore.com (role=SUPER_ADMIN)
2026-05-28T13:11:29.821+05:30 DEBUG 19408 --- [thundercore-erp] [nio-8080-exec-9] o.s.w.s.m.m.a.HttpEntityMethodProcessor  : Using 'application/json', given [application/json, text/plain, */*] and supported [application/json, application/*+json, application/yaml]
2026-05-28T13:11:29.822+05:30 DEBUG 19408 --- [thundercore-erp] [nio-8080-exec-9] o.s.w.s.m.m.a.HttpEntityMethodProcessor  : Writing [AuthResponse(token=eyJhbGciOiJIUzM4NCJ9.eyJzdWIiOiJhZG1pbkB0aHVuZGVyY29yZS5jb20iLCJpYXQiOjE3Nzk5NTQw (truncated)...]
2026-05-28T13:11:29.823+05:30 DEBUG 19408 --- [thundercore-erp] [nio-8080-exec-9] o.s.web.servlet.DispatcherServlet        : Completed 200 OK
2026-05-28T13:11:29.880+05:30 DEBUG 19408 --- [thundercore-erp] [nio-8080-exec-5] org.hibernate.SQL                        : 
    select
        u1_0.id,
        u1_0.active,
        u1_0.created_at,
        u1_0.email,
        u1_0.first_name,
        u1_0.last_name,
        u1_0.password,
        u1_0.role,
        u1_0.updated_at 
    from
        users u1_0 
    where
        u1_0.email=?
2026-05-28T13:11:29.887+05:30 DEBUG 19408 --- [thundercore-erp] [nio-8080-exec-5] o.s.web.servlet.DispatcherServlet        : GET "/api/dashboard/stats", parameters={}
2026-05-28T13:11:29.997+05:30 DEBUG 19408 --- [thundercore-erp] [nio-8080-exec-5] s.w.s.m.m.a.RequestMappingHandlerMapping : Mapped to com.thundercore.erp.dashboard.controller.DashboardController#getStats()
2026-05-28T13:11:30.001+05:30 DEBUG 19408 --- [thundercore-erp] [nio-8080-exec-1] org.hibernate.SQL                        : 
    select
        u1_0.id,
        u1_0.active,
        u1_0.created_at,
        u1_0.email,
        u1_0.first_name,
        u1_0.last_name,
        u1_0.password,
        u1_0.role,
        u1_0.updated_at 
    from
        users u1_0 
    where
        u1_0.email=?
2026-05-28T13:11:30.125+05:30 DEBUG 19408 --- [thundercore-erp] [nio-8080-exec-1] o.s.web.servlet.DispatcherServlet        : GET "/api/notifications/me", parameters={}
2026-05-28T13:11:30.127+05:30 DEBUG 19408 --- [thundercore-erp] [nio-8080-exec-1] s.w.s.m.m.a.RequestMappingHandlerMapping : Mapped to com.thundercore.erp.notification.controller.NotificationController#getMyNotifications(Authentication)
2026-05-28T13:11:30.128+05:30 DEBUG 19408 --- [thundercore-erp] [nio-8080-exec-5] org.hibernate.SQL                        : 
    select
        p1_0.id,
        p1_0.category,
        p1_0.created_at,
        p1_0.description,
        p1_0.name,
        p1_0.quantity,
        p1_0.reorder_threshold,
        p1_0.sku,
        p1_0.supplier,
        p1_0.unit_price,
        p1_0.updated_at 
    from
        products p1_0
2026-05-28T13:11:30.135+05:30 DEBUG 19408 --- [thundercore-erp] [nio-8080-exec-5] org.hibernate.SQL                        : 
    select
        i1_0.id,
        i1_0.created_at,
        i1_0.customer_email,
        i1_0.customer_name,
        i1_0.invoice_number,
        i1_0.net_amount,
        i1_0.notes,
        i1_0.status,
        i1_0.tax_amount,
        i1_0.total_amount,
        i1_0.updated_at 
    from
        invoices i1_0
2026-05-28T13:11:30.139+05:30 DEBUG 19408 --- [thundercore-erp] [nio-8080-exec-5] org.hibernate.SQL                        : 
    select
        count(*) 
    from
        products p1_0
2026-05-28T13:11:30.142+05:30 DEBUG 19408 --- [thundercore-erp] [nio-8080-exec-5] org.hibernate.SQL                        : 
    select
        count(*) 
    from
        employees e1_0
2026-05-28T13:11:30.145+05:30 DEBUG 19408 --- [thundercore-erp] [nio-8080-exec-1] org.hibernate.SQL                        : 
    select
        u1_0.id,
        u1_0.active,
        u1_0.created_at,
        u1_0.email,
        u1_0.first_name,
        u1_0.last_name,
        u1_0.password,
        u1_0.role,
        u1_0.updated_at 
    from
        users u1_0 
    where
        u1_0.email=?
2026-05-28T13:11:30.146+05:30 DEBUG 19408 --- [thundercore-erp] [nio-8080-exec-5] org.hibernate.SQL                        : 
    select
        count(*) 
    from
        invoices i1_0
2026-05-28T13:11:30.150+05:30 DEBUG 19408 --- [thundercore-erp] [nio-8080-exec-5] org.hibernate.SQL                        : 
    select
        count(*) 
    from
        users u1_0
2026-05-28T13:11:30.154+05:30 DEBUG 19408 --- [thundercore-erp] [nio-8080-exec-5] org.hibernate.SQL                        : 
    select
        count(*) 
    from
        customers c1_0
2026-05-28T13:11:30.166+05:30 DEBUG 19408 --- [thundercore-erp] [nio-8080-exec-5] org.hibernate.SQL                        : 
    select
        count(*) 
    from
        sale_orders so1_0
2026-05-28T13:11:30.169+05:30 DEBUG 19408 --- [thundercore-erp] [nio-8080-exec-5] org.hibernate.SQL                        : 
    select
        coalesce(sum(i1_0.net_amount), 0) 
    from
        invoices i1_0 
    where
        i1_0.status=?
2026-05-28T13:11:30.173+05:30 DEBUG 19408 --- [thundercore-erp] [nio-8080-exec-5] org.hibernate.SQL                        : 
    select
        count(i1_0.id) 
    from
        invoices i1_0 
    where
        i1_0.status=?
2026-05-28T13:11:30.175+05:30 DEBUG 19408 --- [thundercore-erp] [nio-8080-exec-5] o.s.w.s.m.m.a.HttpEntityMethodProcessor  : Using 'application/json', given [application/json, text/plain, */*] and supported [application/json, application/*+json, application/yaml]
2026-05-28T13:11:30.176+05:30 DEBUG 19408 --- [thundercore-erp] [nio-8080-exec-5] o.s.w.s.m.m.a.HttpEntityMethodProcessor  : Writing [ApiResponse(success=true, message=Dashboard stats retrieved, data={totalProducts=0, totalEmployees=0 (truncated)...]
2026-05-28T13:11:30.178+05:30 DEBUG 19408 --- [thundercore-erp] [nio-8080-exec-5] o.s.web.servlet.DispatcherServlet        : Completed 200 OK
2026-05-28T13:11:30.188+05:30 DEBUG 19408 --- [thundercore-erp] [nio-8080-exec-3] o.s.web.servlet.DispatcherServlet        : GET "/ws/info?t=1779954089870", parameters={masked}
2026-05-28T13:11:30.189+05:30 DEBUG 19408 --- [thundercore-erp] [nio-8080-exec-3] o.s.w.s.s.s.WebSocketHandlerMapping      : Mapped to org.springframework.web.socket.sockjs.support.SockJsHttpRequestHandler@c1dcdb9
2026-05-28T13:11:30.190+05:30 DEBUG 19408 --- [thundercore-erp] [nio-8080-exec-2] org.hibernate.SQL                        : 
    select
        u1_0.id,
        u1_0.active,
        u1_0.created_at,
        u1_0.email,
        u1_0.first_name,
        u1_0.last_name,
        u1_0.password,
        u1_0.role,
        u1_0.updated_at 
    from
        users u1_0 
    where
        u1_0.email=?
2026-05-28T13:11:30.193+05:30 DEBUG 19408 --- [thundercore-erp] [nio-8080-exec-2] o.s.web.servlet.DispatcherServlet        : GET "/api/dashboard/stats", parameters={}
2026-05-28T13:11:30.195+05:30 DEBUG 19408 --- [thundercore-erp] [nio-8080-exec-2] s.w.s.m.m.a.RequestMappingHandlerMapping : Mapped to com.thundercore.erp.dashboard.controller.DashboardController#getStats()
2026-05-28T13:11:30.196+05:30 DEBUG 19408 --- [thundercore-erp] [nio-8080-exec-2] org.hibernate.SQL                        : 
    select
        p1_0.id,
        p1_0.category,
        p1_0.created_at,
        p1_0.description,
        p1_0.name,
        p1_0.quantity,
        p1_0.reorder_threshold,
        p1_0.sku,
        p1_0.supplier,
        p1_0.unit_price,
        p1_0.updated_at 
    from
        products p1_0
2026-05-28T13:11:30.199+05:30 DEBUG 19408 --- [thundercore-erp] [nio-8080-exec-2] org.hibernate.SQL                        : 
    select
        i1_0.id,
        i1_0.created_at,
        i1_0.customer_email,
        i1_0.customer_name,
        i1_0.invoice_number,
        i1_0.net_amount,
        i1_0.notes,
        i1_0.status,
        i1_0.tax_amount,
        i1_0.total_amount,
        i1_0.updated_at 
    from
        invoices i1_0
2026-05-28T13:11:30.202+05:30 DEBUG 19408 --- [thundercore-erp] [nio-8080-exec-2] org.hibernate.SQL                        : 
    select
        count(*) 
    from
        products p1_0
2026-05-28T13:11:30.203+05:30 DEBUG 19408 --- [thundercore-erp] [nio-8080-exec-2] org.hibernate.SQL                        : 
    select
        count(*) 
    from
        employees e1_0
2026-05-28T13:11:30.205+05:30 DEBUG 19408 --- [thundercore-erp] [nio-8080-exec-2] org.hibernate.SQL                        : 
    select
        count(*) 
    from
        invoices i1_0
2026-05-28T13:11:30.208+05:30 DEBUG 19408 --- [thundercore-erp] [nio-8080-exec-2] org.hibernate.SQL                        : 
    select
        count(*) 
    from
        users u1_0
2026-05-28T13:11:30.213+05:30 DEBUG 19408 --- [thundercore-erp] [nio-8080-exec-2] org.hibernate.SQL                        : 
    select
        count(*) 
    from
        customers c1_0
2026-05-28T13:11:30.215+05:30 DEBUG 19408 --- [thundercore-erp] [nio-8080-exec-2] org.hibernate.SQL                        : 
    select
        count(*) 
    from
        sale_orders so1_0
2026-05-28T13:11:30.217+05:30 DEBUG 19408 --- [thundercore-erp] [nio-8080-exec-2] org.hibernate.SQL                        : 
    select
        coalesce(sum(i1_0.net_amount), 0) 
    from
        invoices i1_0 
    where
        i1_0.status=?
2026-05-28T13:11:30.219+05:30 DEBUG 19408 --- [thundercore-erp] [nio-8080-exec-3] o.s.w.s.s.t.h.DefaultSockJsService       : Processing transport request: GET http://localhost:8080/ws/info?t=1779954089870
2026-05-28T13:11:30.221+05:30 DEBUG 19408 --- [thundercore-erp] [nio-8080-exec-2] org.hibernate.SQL                        : 
    select
        count(i1_0.id) 
    from
        invoices i1_0 
    where
        i1_0.status=?
2026-05-28T13:11:30.221+05:30 DEBUG 19408 --- [thundercore-erp] [nio-8080-exec-3] o.s.web.servlet.DispatcherServlet        : Completed 200 OK
2026-05-28T13:11:30.223+05:30 DEBUG 19408 --- [thundercore-erp] [nio-8080-exec-2] o.s.w.s.m.m.a.HttpEntityMethodProcessor  : Using 'application/json', given [application/json, text/plain, */*] and supported [application/json, application/*+json, application/yaml]
2026-05-28T13:11:30.223+05:30 DEBUG 19408 --- [thundercore-erp] [nio-8080-exec-2] o.s.w.s.m.m.a.HttpEntityMethodProcessor  : Writing [ApiResponse(success=true, message=Dashboard stats retrieved, data={totalProducts=0, totalEmployees=0 (truncated)...]
2026-05-28T13:11:30.235+05:30 DEBUG 19408 --- [thundercore-erp] [nio-8080-exec-1] org.hibernate.SQL                        : 
    select
        n1_0.id,
        n1_0.created_at,
        n1_0.is_read,
        n1_0.message,
        n1_0.title,
        n1_0.user_id 
    from
        notifications n1_0 
    left join
        users u1_0 
            on u1_0.id=n1_0.user_id 
    where
        u1_0.id=? 
    order by
        n1_0.created_at desc
2026-05-28T13:11:30.238+05:30 DEBUG 19408 --- [thundercore-erp] [nio-8080-exec-2] o.s.web.servlet.DispatcherServlet        : Completed 200 OK
2026-05-28T13:11:30.240+05:30 DEBUG 19408 --- [thundercore-erp] [nio-8080-exec-1] o.s.w.s.m.m.a.HttpEntityMethodProcessor  : Using 'application/json', given [application/json, text/plain, */*] and supported [application/json, application/*+json, application/yaml]
2026-05-28T13:11:30.241+05:30 DEBUG 19408 --- [thundercore-erp] [nio-8080-exec-1] o.s.w.s.m.m.a.HttpEntityMethodProcessor  : Writing [ApiResponse(success=true, message=Notifications retrieved, data=[])]
2026-05-28T13:11:30.246+05:30 DEBUG 19408 --- [thundercore-erp] [nio-8080-exec-1] o.s.web.servlet.DispatcherServlet        : Completed 200 OK
2026-05-28T13:11:30.256+05:30 DEBUG 19408 --- [thundercore-erp] [io-8080-exec-10] org.hibernate.SQL                        : 
    select
        u1_0.id,
        u1_0.active,
        u1_0.created_at,
        u1_0.email,
        u1_0.first_name,
        u1_0.last_name,
        u1_0.password,
        u1_0.role,
        u1_0.updated_at 
    from
        users u1_0 
    where
        u1_0.email=?
2026-05-28T13:11:30.259+05:30 DEBUG 19408 --- [thundercore-erp] [io-8080-exec-10] o.s.web.servlet.DispatcherServlet        : GET "/api/notifications/me", parameters={}
2026-05-28T13:11:30.260+05:30 DEBUG 19408 --- [thundercore-erp] [io-8080-exec-10] s.w.s.m.m.a.RequestMappingHandlerMapping : Mapped to com.thundercore.erp.notification.controller.NotificationController#getMyNotifications(Authentication)
2026-05-28T13:11:30.263+05:30 DEBUG 19408 --- [thundercore-erp] [io-8080-exec-10] org.hibernate.SQL                        : 
    select
        u1_0.id,
        u1_0.active,
        u1_0.created_at,
        u1_0.email,
        u1_0.first_name,
        u1_0.last_name,
        u1_0.password,
        u1_0.role,
        u1_0.updated_at 
    from
        users u1_0 
    where
        u1_0.email=?
2026-05-28T13:11:30.266+05:30 DEBUG 19408 --- [thundercore-erp] [io-8080-exec-10] org.hibernate.SQL                        : 
    select
        n1_0.id,
        n1_0.created_at,
        n1_0.is_read,
        n1_0.message,
        n1_0.title,
        n1_0.user_id 
    from
        notifications n1_0 
    left join
        users u1_0 
            on u1_0.id=n1_0.user_id 
    where
        u1_0.id=? 
    order by
        n1_0.created_at desc
2026-05-28T13:11:30.269+05:30 DEBUG 19408 --- [thundercore-erp] [io-8080-exec-10] o.s.w.s.m.m.a.HttpEntityMethodProcessor  : Using 'application/json', given [application/json, text/plain, */*] and supported [application/json, application/*+json, application/yaml]
2026-05-28T13:11:30.270+05:30 DEBUG 19408 --- [thundercore-erp] [io-8080-exec-10] o.s.w.s.m.m.a.HttpEntityMethodProcessor  : Writing [ApiResponse(success=true, message=Notifications retrieved, data=[])]
2026-05-28T13:11:30.272+05:30 DEBUG 19408 --- [thundercore-erp] [io-8080-exec-10] o.s.web.servlet.DispatcherServlet        : Completed 200 OK
2026-05-28T13:11:30.436+05:30 DEBUG 19408 --- [thundercore-erp] [nio-8080-exec-4] o.s.web.servlet.DispatcherServlet        : GET "/ws/281/tg2wc4pm/websocket", parameters={}
2026-05-28T13:11:30.452+05:30 DEBUG 19408 --- [thundercore-erp] [nio-8080-exec-4] o.s.w.s.s.s.WebSocketHandlerMapping      : Mapped to org.springframework.web.socket.sockjs.support.SockJsHttpRequestHandler@c1dcdb9
2026-05-28T13:11:30.458+05:30 DEBUG 19408 --- [thundercore-erp] [nio-8080-exec-4] o.s.w.s.s.t.h.DefaultSockJsService       : Processing transport request: GET http://localhost:8080/ws/281/tg2wc4pm/websocket
2026-05-28T13:11:30.639+05:30 DEBUG 19408 --- [thundercore-erp] [nio-8080-exec-4] o.s.web.servlet.DispatcherServlet        : Completed 101 SWITCHING_PROTOCOLS
2026-05-28T13:11:30.702+05:30 DEBUG 19408 --- [thundercore-erp] [nio-8080-exec-4] s.w.s.h.LoggingWebSocketHandlerDecorator : New WebSocketServerSockJsSession[id=tg2wc4pm]
2026-05-28T13:11:30.836+05:30 DEBUG 19408 --- [thundercore-erp] [nio-8080-exec-4] org.hibernate.SQL                        : 
    select
        u1_0.id,
        u1_0.active,
        u1_0.created_at,
        u1_0.email,
        u1_0.first_name,
        u1_0.last_name,
        u1_0.password,
        u1_0.role,
        u1_0.updated_at 
    from
        users u1_0 
    where
        u1_0.email=?
2026-05-28T13:11:30.840+05:30 DEBUG 19408 --- [thundercore-erp] [nboundChannel-2] org.springframework.web.SimpLogging      : Processing CONNECT user=admin@thundercore.com session=tg2wc4pm
2026-05-28T13:11:30.870+05:30 DEBUG 19408 --- [thundercore-erp] [nboundChannel-6] org.springframework.web.SimpLogging      : Processing SUBSCRIBE destination=/queue/notifications-usertg2wc4pm subscriptionId=sub-0 session=tg2wc4pm user=admin@thundercore.com payload=byte[0]
2026-05-28T13:11:30.870+05:30 DEBUG 19408 --- [thundercore-erp] [nboundChannel-8] org.springframework.web.SimpLogging      : Processing SUBSCRIBE /topic/dashboard id=sub-1 session=tg2wc4pm
2026-05-28T13:11:31.413+05:30 DEBUG 19408 --- [thundercore-erp] [nio-8080-exec-6] s.w.s.h.LoggingWebSocketHandlerDecorator : WebSocketServerSockJsSession[id=tg2wc4pm] closed with CloseStatus[code=1001, reason=null]
2026-05-28T13:11:31.416+05:30 DEBUG 19408 --- [thundercore-erp] [nio-8080-exec-6] o.s.w.s.m.SubProtocolWebSocketHandler    : Clearing session tg2wc4pm
2026-05-28T13:11:31.419+05:30 DEBUG 19408 --- [thundercore-erp] [boundChannel-11] org.springframework.web.SimpLogging      : Processing DISCONNECT session=tg2wc4pm
2026-05-28T13:11:31.423+05:30 DEBUG 19408 --- [thundercore-erp] [tboundChannel-2] o.s.w.s.m.SubProtocolWebSocketHandler    : No session for GenericMessage [payload=byte[0], headers={simpMessageType=DISCONNECT_ACK, simpDisconnectMessage=GenericMessage [payload=byte[0], headers={simpMessageType=DISCONNECT, stompCommand=DISCONNECT, simpSessionAttributes={org.springframework.messaging.simp.SimpAttributes.COMPLETED=true}, simpUser=UsernamePasswordAuthenticationToken [Principal=org.springframework.security.core.userdetails.User [Username=admin@thundercore.com, Password=[PROTECTED], Enabled=true, AccountNonExpired=true, CredentialsNonExpired=true, AccountNonLocked=true, Granted Authorities=[ROLE_SUPER_ADMIN]], Credentials=[PROTECTED], Authenticated=true, Details=null, Granted Authorities=[ROLE_SUPER_ADMIN]], simpSessionId=tg2wc4pm}], simpUser=UsernamePasswordAuthenticationToken [Principal=org.springframework.security.core.userdetails.User [Username=admin@thundercore.com, Password=[PROTECTED], Enabled=true, AccountNonExpired=true, CredentialsNonExpired=true, AccountNonLocked=true, Granted Authorities=[ROLE_SUPER_ADMIN]], Credentials=[PROTECTED], Authenticated=true, Details=null, Granted Authorities=[ROLE_SUPER_ADMIN]], simpSessionId=tg2wc4pm}]
2026-05-28T13:11:40.493+05:30 DEBUG 19408 --- [thundercore-erp] [MessageBroker-2] o.s.w.s.s.t.h.DefaultSockJsService       : Closed 1 sessions: [tg2wc4pm]
