
  .   ____          _            __ _ _
 /\\ / ___'_ __ _ _(_)_ __  __ _ \ \ \ \
( ( )\___ | '_ | '_| | '_ \/ _` | \ \ \ \
 \\/  ___)| |_)| | | | | || (_| |  ) ) ) )
  '  |____| .__|_| |_|_| |_\__, | / / / /
 =========|_|==============|___/=/_/_/_/

 :: Spring Boot ::                (v3.4.5)

2026-05-28T14:42:22.923+05:30  INFO 25372 --- [thundercore-erp] [           main] com.thundercore.erp.ErpApplication       : Starting ErpApplication v0.0.1-SNAPSHOT using Java 25.0.3 with PID 25372 (D:\thunder core project\thunder core project\thundercore-erp\backend\target\erp-0.0.1-SNAPSHOT.jar started by Hruthu in D:\thunder core project\thunder core project\thundercore-erp\backend)
2026-05-28T14:42:22.965+05:30  INFO 25372 --- [thundercore-erp] [           main] com.thundercore.erp.ErpApplication       : The following 1 profile is active: "dev"
2026-05-28T14:42:22.969+05:30 DEBUG 25372 --- [thundercore-erp] [           main] o.s.boot.SpringApplication               : Loading source class com.thundercore.erp.ErpApplication
2026-05-28T14:42:23.121+05:30 DEBUG 25372 --- [thundercore-erp] [           main] ConfigServletWebServerApplicationContext : Refreshing org.springframework.boot.web.servlet.context.AnnotationConfigServletWebServerApplicationContext@3c9c0d96
2026-05-28T14:42:28.619+05:30  INFO 25372 --- [thundercore-erp] [           main] .s.d.r.c.RepositoryConfigurationDelegate : Bootstrapping Spring Data JPA repositories in DEFAULT mode.
2026-05-28T14:42:28.970+05:30 DEBUG 25372 --- [thundercore-erp] [           main] o.s.b.a.AutoConfigurationPackages        : @EnableAutoConfiguration was declared on a class in the package 'com.thundercore.erp'. Automatic @Repository and @Entity scanning is enabled.
2026-05-28T14:42:29.196+05:30  INFO 25372 --- [thundercore-erp] [           main] .s.d.r.c.RepositoryConfigurationDelegate : Finished Spring Data repository scanning in 280 ms. Found 11 JPA repository interfaces.
2026-05-28T14:42:33.045+05:30 DEBUG 25372 --- [thundercore-erp] [           main] .s.b.w.e.t.TomcatServletWebServerFactory : Code archive: D:\thunder core project\thunder core project\thundercore-erp\backend\target\erp-0.0.1-SNAPSHOT.jar
2026-05-28T14:42:33.046+05:30 DEBUG 25372 --- [thundercore-erp] [           main] .s.b.w.e.t.TomcatServletWebServerFactory : Code archive: D:\thunder core project\thunder core project\thundercore-erp\backend\target\erp-0.0.1-SNAPSHOT.jar
2026-05-28T14:42:33.051+05:30 DEBUG 25372 --- [thundercore-erp] [           main] .s.b.w.e.t.TomcatServletWebServerFactory : None of the document roots [src/main/webapp, public, static] point to a directory and will be ignored.
2026-05-28T14:42:33.150+05:30  INFO 25372 --- [thundercore-erp] [           main] o.s.b.w.embedded.tomcat.TomcatWebServer  : Tomcat initialized with port 8080 (http)
2026-05-28T14:42:33.207+05:30  INFO 25372 --- [thundercore-erp] [           main] o.apache.catalina.core.StandardService   : Starting service [Tomcat]
2026-05-28T14:42:33.208+05:30  INFO 25372 --- [thundercore-erp] [           main] o.apache.catalina.core.StandardEngine    : Starting Servlet engine: [Apache Tomcat/10.1.40]
2026-05-28T14:42:33.330+05:30  INFO 25372 --- [thundercore-erp] [           main] o.a.c.c.C.[Tomcat].[localhost].[/]       : Initializing Spring embedded WebApplicationContext
2026-05-28T14:42:33.332+05:30 DEBUG 25372 --- [thundercore-erp] [           main] w.s.c.ServletWebServerApplicationContext : Published root WebApplicationContext as ServletContext attribute with name [org.springframework.web.context.WebApplicationContext.ROOT]
2026-05-28T14:42:33.335+05:30  INFO 25372 --- [thundercore-erp] [           main] w.s.c.ServletWebServerApplicationContext : Root WebApplicationContext: initialization completed in 10214 ms
2026-05-28T14:42:34.669+05:30  INFO 25372 --- [thundercore-erp] [           main] o.hibernate.jpa.internal.util.LogHelper  : HHH000204: Processing PersistenceUnitInfo [name: default]
2026-05-28T14:42:34.971+05:30  INFO 25372 --- [thundercore-erp] [           main] org.hibernate.Version                    : HHH000412: Hibernate ORM core version 6.6.13.Final
2026-05-28T14:42:35.086+05:30  INFO 25372 --- [thundercore-erp] [           main] o.h.c.internal.RegionFactoryInitiator    : HHH000026: Second-level cache disabled
2026-05-28T14:42:36.151+05:30  INFO 25372 --- [thundercore-erp] [           main] o.s.o.j.p.SpringPersistenceUnitInfo      : No LoadTimeWeaver setup: ignoring JPA class transformer
2026-05-28T14:42:36.273+05:30  INFO 25372 --- [thundercore-erp] [           main] com.zaxxer.hikari.HikariDataSource       : HikariPool-1 - Starting...
2026-05-28T14:42:37.091+05:30  INFO 25372 --- [thundercore-erp] [           main] com.zaxxer.hikari.pool.HikariPool        : HikariPool-1 - Added connection conn0: url=jdbc:h2:mem:thundercore_db user=SA
2026-05-28T14:42:37.150+05:30  INFO 25372 --- [thundercore-erp] [           main] com.zaxxer.hikari.HikariDataSource       : HikariPool-1 - Start completed.
2026-05-28T14:42:37.383+05:30  INFO 25372 --- [thundercore-erp] [           main] org.hibernate.orm.connections.pooling    : HHH10001005: Database info:
	Database JDBC URL [Connecting through datasource 'HikariDataSource (HikariPool-1)']
	Database driver: undefined/unknown
	Database version: 2.3.232
	Autocommit mode: undefined/unknown
	Isolation level: undefined/unknown
	Minimum pool size: undefined/unknown
	Maximum pool size: undefined/unknown
2026-05-28T14:42:39.983+05:30  INFO 25372 --- [thundercore-erp] [           main] o.h.e.t.j.p.i.JtaPlatformInitiator       : HHH000489: No JTA platform available (set 'hibernate.transaction.jta.platform' to enable JTA platform integration)
2026-05-28T14:42:40.103+05:30 DEBUG 25372 --- [thundercore-erp] [           main] org.hibernate.SQL                        : 
    create table attendance (
        id bigint generated by default as identity,
        check_in_time time(6),
        check_out_time time(6),
        created_at timestamp(6),
        date date not null,
        status varchar(255) not null,
        employee_id bigint not null,
        primary key (id)
    )
2026-05-28T14:42:40.123+05:30 DEBUG 25372 --- [thundercore-erp] [           main] org.hibernate.SQL                        : 
    create table customers (
        id bigint generated by default as identity,
        address TEXT,
        created_at timestamp(6),
        email varchar(255),
        name varchar(255) not null,
        phone varchar(255),
        tier varchar(50) default 'STANDARD',
        updated_at timestamp(6),
        primary key (id)
    )
2026-05-28T14:42:40.127+05:30 DEBUG 25372 --- [thundercore-erp] [           main] org.hibernate.SQL                        : 
    create table employees (
        id bigint generated by default as identity,
        base_salary numeric(38,2),
        created_at timestamp(6),
        department varchar(255),
        designation varchar(255),
        employee_code varchar(255) not null,
        joining_date date,
        status varchar(50) default 'ACTIVE',
        updated_at timestamp(6),
        user_id bigint,
        primary key (id)
    )
2026-05-28T14:42:40.132+05:30 DEBUG 25372 --- [thundercore-erp] [           main] org.hibernate.SQL                        : 
    create table invoices (
        id bigint generated by default as identity,
        created_at timestamp(6),
        customer_email varchar(255),
        customer_name varchar(255) not null,
        invoice_number varchar(255) not null,
        net_amount numeric(38,2) not null,
        notes TEXT,
        status enum ('CANCELLED','OVERDUE','PAID','PENDING') not null,
        tax_amount numeric(38,2) not null,
        total_amount numeric(38,2) not null,
        updated_at timestamp(6),
        primary key (id)
    )
2026-05-28T14:42:40.137+05:30 DEBUG 25372 --- [thundercore-erp] [           main] org.hibernate.SQL                        : 
    create table leave_requests (
        id bigint generated by default as identity,
        created_at timestamp(6),
        end_date date not null,
        reason TEXT,
        start_date date not null,
        status varchar(255) not null,
        employee_id bigint not null,
        primary key (id)
    )
2026-05-28T14:42:40.139+05:30 DEBUG 25372 --- [thundercore-erp] [           main] org.hibernate.SQL                        : 
    create table notifications (
        id bigint generated by default as identity,
        created_at timestamp(6),
        is_read boolean,
        message TEXT not null,
        title varchar(255) not null,
        user_id bigint not null,
        primary key (id)
    )
2026-05-28T14:42:40.141+05:30 DEBUG 25372 --- [thundercore-erp] [           main] org.hibernate.SQL                        : 
    create table payrolls (
        id bigint generated by default as identity,
        allowances numeric(38,2),
        basic_salary numeric(38,2) not null,
        created_at timestamp(6),
        deductions numeric(38,2),
        payroll_month varchar(255) not null,
        net_salary numeric(38,2) not null,
        status varchar(255) not null,
        payroll_year integer not null,
        employee_id bigint not null,
        primary key (id)
    )
2026-05-28T14:42:40.145+05:30 DEBUG 25372 --- [thundercore-erp] [           main] org.hibernate.SQL                        : 
    create table products (
        id bigint generated by default as identity,
        category varchar(255),
        created_at timestamp(6),
        description varchar(255),
        name varchar(255) not null,
        quantity integer not null check (quantity>=0),
        reorder_threshold integer not null check (reorder_threshold>=0),
        sku varchar(255) not null,
        supplier varchar(255),
        unit_price numeric(38,2) not null,
        updated_at timestamp(6),
        primary key (id)
    )
2026-05-28T14:42:40.150+05:30 DEBUG 25372 --- [thundercore-erp] [           main] org.hibernate.SQL                        : 
    create table sale_orders (
        id bigint generated by default as identity,
        created_at timestamp(6),
        customer_email varchar(255),
        customer_name varchar(255) not null,
        order_number varchar(255) not null,
        quantity integer not null,
        status enum ('CANCELLED','CONFIRMED','DRAFT','FULFILLED') not null,
        total_amount numeric(38,2) not null,
        unit_price numeric(38,2) not null,
        updated_at timestamp(6),
        product_id bigint not null,
        primary key (id)
    )
2026-05-28T14:42:40.153+05:30 DEBUG 25372 --- [thundercore-erp] [           main] org.hibernate.SQL                        : 
    create table stock_movements (
        id bigint generated by default as identity,
        created_at timestamp(6),
        movement_type enum ('ADJUSTMENT','IN','OUT') not null,
        quantity integer not null check (quantity>=1),
        remarks varchar(255),
        product_id bigint not null,
        primary key (id)
    )
2026-05-28T14:42:40.156+05:30 DEBUG 25372 --- [thundercore-erp] [           main] org.hibernate.SQL                        : 
    create table users (
        id bigint generated by default as identity,
        active boolean,
        created_at timestamp(6),
        email varchar(255) not null,
        first_name varchar(255) not null,
        last_name varchar(255) not null,
        password varchar(255) not null,
        role varchar(255) not null,
        updated_at timestamp(6),
        primary key (id)
    )
2026-05-28T14:42:40.163+05:30 DEBUG 25372 --- [thundercore-erp] [           main] org.hibernate.SQL                        : 
    alter table if exists attendance 
       drop constraint if exists UK1pmfeo7o0nrp1m7r33von8gt6
2026-05-28T14:42:40.166+05:30 DEBUG 25372 --- [thundercore-erp] [           main] org.hibernate.SQL                        : 
    alter table if exists attendance 
       add constraint UK1pmfeo7o0nrp1m7r33von8gt6 unique (employee_id, date)
2026-05-28T14:42:40.172+05:30 DEBUG 25372 --- [thundercore-erp] [           main] org.hibernate.SQL                        : 
    alter table if exists customers 
       drop constraint if exists UKrfbvkrffamfql7cjmen8v976v
2026-05-28T14:42:40.174+05:30 DEBUG 25372 --- [thundercore-erp] [           main] org.hibernate.SQL                        : 
    alter table if exists customers 
       add constraint UKrfbvkrffamfql7cjmen8v976v unique (email)
2026-05-28T14:42:40.176+05:30 DEBUG 25372 --- [thundercore-erp] [           main] org.hibernate.SQL                        : 
    alter table if exists employees 
       drop constraint if exists UKetqhw9qqnad1kyjq3ks1glw8x
2026-05-28T14:42:40.177+05:30 DEBUG 25372 --- [thundercore-erp] [           main] org.hibernate.SQL                        : 
    alter table if exists employees 
       add constraint UKetqhw9qqnad1kyjq3ks1glw8x unique (employee_code)
2026-05-28T14:42:40.179+05:30 DEBUG 25372 --- [thundercore-erp] [           main] org.hibernate.SQL                        : 
    alter table if exists employees 
       drop constraint if exists UKj2dmgsma6pont6kf7nic9elpd
2026-05-28T14:42:40.180+05:30 DEBUG 25372 --- [thundercore-erp] [           main] org.hibernate.SQL                        : 
    alter table if exists employees 
       add constraint UKj2dmgsma6pont6kf7nic9elpd unique (user_id)
2026-05-28T14:42:40.182+05:30 DEBUG 25372 --- [thundercore-erp] [           main] org.hibernate.SQL                        : 
    alter table if exists invoices 
       drop constraint if exists UKl1x55mfsay7co0r3m9ynvipd5
2026-05-28T14:42:40.183+05:30 DEBUG 25372 --- [thundercore-erp] [           main] org.hibernate.SQL                        : 
    alter table if exists invoices 
       add constraint UKl1x55mfsay7co0r3m9ynvipd5 unique (invoice_number)
2026-05-28T14:42:40.186+05:30 DEBUG 25372 --- [thundercore-erp] [           main] org.hibernate.SQL                        : 
    alter table if exists products 
       drop constraint if exists UKfhmd06dsmj6k0n90swsh8ie9g
2026-05-28T14:42:40.188+05:30 DEBUG 25372 --- [thundercore-erp] [           main] org.hibernate.SQL                        : 
    alter table if exists products 
       add constraint UKfhmd06dsmj6k0n90swsh8ie9g unique (sku)
2026-05-28T14:42:40.190+05:30 DEBUG 25372 --- [thundercore-erp] [           main] org.hibernate.SQL                        : 
    alter table if exists sale_orders 
       drop constraint if exists UKqr0uuh5qeve4xgjdbbgtdda8g
2026-05-28T14:42:40.192+05:30 DEBUG 25372 --- [thundercore-erp] [           main] org.hibernate.SQL                        : 
    alter table if exists sale_orders 
       add constraint UKqr0uuh5qeve4xgjdbbgtdda8g unique (order_number)
2026-05-28T14:42:40.196+05:30 DEBUG 25372 --- [thundercore-erp] [           main] org.hibernate.SQL                        : 
    alter table if exists users 
       drop constraint if exists UK6dotkott2kjsp8vw4d0m25fb7
2026-05-28T14:42:40.198+05:30 DEBUG 25372 --- [thundercore-erp] [           main] org.hibernate.SQL                        : 
    alter table if exists users 
       add constraint UK6dotkott2kjsp8vw4d0m25fb7 unique (email)
2026-05-28T14:42:40.200+05:30 DEBUG 25372 --- [thundercore-erp] [           main] org.hibernate.SQL                        : 
    alter table if exists attendance 
       add constraint FKb48lmkou5j4rvde9sr88bqgjw 
       foreign key (employee_id) 
       references employees
2026-05-28T14:42:40.214+05:30 DEBUG 25372 --- [thundercore-erp] [           main] org.hibernate.SQL                        : 
    alter table if exists employees 
       add constraint FK69x3vjuy1t5p18a5llb8h2fjx 
       foreign key (user_id) 
       references users
2026-05-28T14:42:40.220+05:30 DEBUG 25372 --- [thundercore-erp] [           main] org.hibernate.SQL                        : 
    alter table if exists leave_requests 
       add constraint FKrxff2xg1kffbjfh5maxwoqyhw 
       foreign key (employee_id) 
       references employees
2026-05-28T14:42:40.224+05:30 DEBUG 25372 --- [thundercore-erp] [           main] org.hibernate.SQL                        : 
    alter table if exists notifications 
       add constraint FK9y21adhxn0ayjhfocscqox7bh 
       foreign key (user_id) 
       references users
2026-05-28T14:42:40.229+05:30 DEBUG 25372 --- [thundercore-erp] [           main] org.hibernate.SQL                        : 
    alter table if exists payrolls 
       add constraint FKiyfp8uysuhgfkod3xcdhjm7qf 
       foreign key (employee_id) 
       references employees
2026-05-28T14:42:40.233+05:30 DEBUG 25372 --- [thundercore-erp] [           main] org.hibernate.SQL                        : 
    alter table if exists sale_orders 
       add constraint FKm5w4g74tc6xdwkwg40bfce7e1 
       foreign key (product_id) 
       references products
2026-05-28T14:42:40.238+05:30 DEBUG 25372 --- [thundercore-erp] [           main] org.hibernate.SQL                        : 
    alter table if exists stock_movements 
       add constraint FKjcaag8ogfjxpwmqypi1wfdaog 
       foreign key (product_id) 
       references products
2026-05-28T14:42:40.246+05:30  INFO 25372 --- [thundercore-erp] [           main] j.LocalContainerEntityManagerFactoryBean : Initialized JPA EntityManagerFactory for persistence unit 'default'
2026-05-28T14:42:41.452+05:30 DEBUG 25372 --- [thundercore-erp] [           main] o.s.b.w.s.ServletContextInitializerBeans : Mapping filters: webMvcObservationFilter urls=[/*] order=-2147483647, springSecurityFilterChain urls=[/*] order=-100, characterEncodingFilter urls=[/*] order=-2147483648, formContentFilter urls=[/*] order=-9900, requestContextFilter urls=[/*] order=-105, jwtFilter urls=[/*] order=2147483647
2026-05-28T14:42:41.454+05:30 DEBUG 25372 --- [thundercore-erp] [           main] o.s.b.w.s.ServletContextInitializerBeans : Mapping servlets: dispatcherServlet urls=[/], h2Console urls=[/h2-console/*]
2026-05-28T14:42:41.627+05:30 DEBUG 25372 --- [thundercore-erp] [           main] o.s.b.w.s.f.OrderedRequestContextFilter  : Filter 'requestContextFilter' configured for use
2026-05-28T14:42:41.659+05:30 DEBUG 25372 --- [thundercore-erp] [           main] o.s.w.f.ServerHttpObservationFilter      : Filter 'webMvcObservationFilter' configured for use
2026-05-28T14:42:41.661+05:30 DEBUG 25372 --- [thundercore-erp] [           main] s.b.w.s.f.OrderedCharacterEncodingFilter : Filter 'characterEncodingFilter' configured for use
2026-05-28T14:42:41.663+05:30 DEBUG 25372 --- [thundercore-erp] [           main] .DelegatingFilterProxyRegistrationBean$1 : Filter 'springSecurityFilterChain' configured for use
2026-05-28T14:42:41.664+05:30 DEBUG 25372 --- [thundercore-erp] [           main] o.s.b.w.s.f.OrderedFormContentFilter     : Filter 'formContentFilter' configured for use
2026-05-28T14:42:42.214+05:30  INFO 25372 --- [thundercore-erp] [           main] o.s.d.j.r.query.QueryEnhancerFactory     : Hibernate is in classpath; If applicable, HQL parser will be used.
2026-05-28T14:42:45.887+05:30 DEBUG 25372 --- [thundercore-erp] [           main] o.s.w.s.s.s.WebSocketHandlerMapping      : Patterns [/ws/**] in 'stompWebSocketHandlerMapping'
2026-05-28T14:42:46.431+05:30 DEBUG 25372 --- [thundercore-erp] [           main] s.w.s.m.m.a.RequestMappingHandlerMapping : 53 mappings in 'requestMappingHandlerMapping'
2026-05-28T14:42:46.615+05:30 DEBUG 25372 --- [thundercore-erp] [           main] o.s.w.s.handler.SimpleUrlHandlerMapping  : Patterns [/webjars/**, /**, /swagger-ui*/*swagger-initializer.js, /swagger-ui*/**] in 'resourceHandlerMapping'
2026-05-28T14:42:47.192+05:30  INFO 25372 --- [thundercore-erp] [           main] o.s.b.a.e.web.EndpointLinksResolver      : Exposing 2 endpoints beneath base path '/actuator'
2026-05-28T14:42:47.892+05:30 DEBUG 25372 --- [thundercore-erp] [           main] .WebSocketAnnotationMethodMessageHandler : 
	c.t.e.a.c.AuthController:
	
2026-05-28T14:42:47.895+05:30 DEBUG 25372 --- [thundercore-erp] [           main] .WebSocketAnnotationMethodMessageHandler : 
	c.t.e.d.c.DashboardController:
	
2026-05-28T14:42:47.896+05:30 DEBUG 25372 --- [thundercore-erp] [           main] .WebSocketAnnotationMethodMessageHandler : 
	c.t.e.f.c.InvoiceController:
	
2026-05-28T14:42:47.898+05:30 DEBUG 25372 --- [thundercore-erp] [           main] .WebSocketAnnotationMethodMessageHandler : 
	c.t.e.h.c.EmployeeController:
	
2026-05-28T14:42:47.899+05:30 DEBUG 25372 --- [thundercore-erp] [           main] .WebSocketAnnotationMethodMessageHandler : 
	c.t.e.h.c.HrWorkflowController:
	
2026-05-28T14:42:47.901+05:30 DEBUG 25372 --- [thundercore-erp] [           main] .WebSocketAnnotationMethodMessageHandler : 
	c.t.e.i.c.ProductController:
	
2026-05-28T14:42:47.901+05:30 DEBUG 25372 --- [thundercore-erp] [           main] .WebSocketAnnotationMethodMessageHandler : 
	c.t.e.n.c.NotificationController:
	
2026-05-28T14:42:47.903+05:30 DEBUG 25372 --- [thundercore-erp] [           main] .WebSocketAnnotationMethodMessageHandler : 
	c.t.e.r.c.ReportController:
	
2026-05-28T14:42:47.904+05:30 DEBUG 25372 --- [thundercore-erp] [           main] .WebSocketAnnotationMethodMessageHandler : 
	c.t.e.s.c.CustomerController:
	
2026-05-28T14:42:47.905+05:30 DEBUG 25372 --- [thundercore-erp] [           main] .WebSocketAnnotationMethodMessageHandler : 
	c.t.e.s.c.SaleOrderController:
	
2026-05-28T14:42:47.906+05:30 DEBUG 25372 --- [thundercore-erp] [           main] .WebSocketAnnotationMethodMessageHandler : 
	o.s.b.a.w.s.e.BasicErrorController:
	
2026-05-28T14:42:47.908+05:30 DEBUG 25372 --- [thundercore-erp] [           main] .WebSocketAnnotationMethodMessageHandler : 
	o.s.w.a.OpenApiWebMvcResource:
	
2026-05-28T14:42:47.910+05:30 DEBUG 25372 --- [thundercore-erp] [           main] .WebSocketAnnotationMethodMessageHandler : 
	o.s.w.u.SwaggerWelcomeWebMvc:
	
2026-05-28T14:42:47.911+05:30 DEBUG 25372 --- [thundercore-erp] [           main] .WebSocketAnnotationMethodMessageHandler : 
	o.s.w.u.SwaggerConfigResource:
	
2026-05-28T14:42:48.153+05:30 DEBUG 25372 --- [thundercore-erp] [           main] s.w.s.m.m.a.RequestMappingHandlerAdapter : ControllerAdvice beans: 0 @ModelAttribute, 0 @InitBinder, 1 RequestBodyAdvice, 1 ResponseBodyAdvice
2026-05-28T14:42:48.294+05:30 DEBUG 25372 --- [thundercore-erp] [           main] .m.m.a.ExceptionHandlerExceptionResolver : ControllerAdvice beans: 2 @ExceptionHandler, 1 ResponseBodyAdvice
2026-05-28T14:42:49.102+05:30  INFO 25372 --- [thundercore-erp] [           main] o.s.b.a.h2.H2ConsoleAutoConfiguration    : H2 console available at '/h2-console'. Database available at 'jdbc:h2:mem:thundercore_db'
2026-05-28T14:42:49.279+05:30 DEBUG 25372 --- [thundercore-erp] [           main] org.springframework.web.SimpLogging      : clientOutboundChannel added SubProtocolWebSocketHandler[StompSubProtocolHandler[v10.stomp, v11.stomp, v12.stomp]]
2026-05-28T14:42:49.281+05:30 DEBUG 25372 --- [thundercore-erp] [           main] org.springframework.web.SimpLogging      : clientInboundChannel added WebSocketAnnotationMethodMessageHandler[prefixes=[/app/]]
2026-05-28T14:42:49.282+05:30  INFO 25372 --- [thundercore-erp] [           main] o.s.m.s.b.SimpleBrokerMessageHandler     : Starting...
2026-05-28T14:42:49.284+05:30 DEBUG 25372 --- [thundercore-erp] [           main] org.springframework.web.SimpLogging      : clientInboundChannel added SimpleBrokerMessageHandler [org.springframework.messaging.simp.broker.DefaultSubscriptionRegistry@68e5b609]
2026-05-28T14:42:49.285+05:30 DEBUG 25372 --- [thundercore-erp] [           main] org.springframework.web.SimpLogging      : brokerChannel added SimpleBrokerMessageHandler [org.springframework.messaging.simp.broker.DefaultSubscriptionRegistry@68e5b609]
2026-05-28T14:42:49.288+05:30  INFO 25372 --- [thundercore-erp] [           main] o.s.m.s.b.SimpleBrokerMessageHandler     : BrokerAvailabilityEvent[available=true, SimpleBrokerMessageHandler [org.springframework.messaging.simp.broker.DefaultSubscriptionRegistry@68e5b609]]
2026-05-28T14:42:49.291+05:30  INFO 25372 --- [thundercore-erp] [           main] o.s.m.s.b.SimpleBrokerMessageHandler     : Started.
2026-05-28T14:42:49.293+05:30 DEBUG 25372 --- [thundercore-erp] [           main] org.springframework.web.SimpLogging      : clientInboundChannel added UserDestinationMessageHandler[DefaultUserDestinationResolver[prefix=/user/]]
2026-05-28T14:42:49.295+05:30 DEBUG 25372 --- [thundercore-erp] [           main] org.springframework.web.SimpLogging      : brokerChannel added UserDestinationMessageHandler[DefaultUserDestinationResolver[prefix=/user/]]
2026-05-28T14:42:49.453+05:30  INFO 25372 --- [thundercore-erp] [           main] o.s.b.w.embedded.tomcat.TomcatWebServer  : Tomcat started on port 8080 (http) with context path '/'
2026-05-28T14:42:49.489+05:30 DEBUG 25372 --- [thundercore-erp] [           main] .s.b.a.l.ConditionEvaluationReportLogger : 


============================
CONDITIONS EVALUATION REPORT
============================


Positive matches:
-----------------

   AopAutoConfiguration matched:
      - @ConditionalOnProperty (spring.aop.auto=true) matched (OnPropertyCondition)

   AopAutoConfiguration.AspectJAutoProxyingConfiguration matched:
      - @ConditionalOnClass found required class 'org.aspectj.weaver.Advice' (OnClassCondition)

   AopAutoConfiguration.AspectJAutoProxyingConfiguration.CglibAutoProxyConfiguration matched:
      - @ConditionalOnProperty (spring.aop.proxy-target-class=true) matched (OnPropertyCondition)

   ApplicationAvailabilityAutoConfiguration#applicationAvailability matched:
      - @ConditionalOnMissingBean (types: org.springframework.boot.availability.ApplicationAvailability; SearchStrategy: all) did not find any beans (OnBeanCondition)

   CacheMeterBinderProvidersConfiguration matched:
      - @ConditionalOnClass found required class 'io.micrometer.core.instrument.binder.MeterBinder' (OnClassCondition)

   CompositeMeterRegistryAutoConfiguration matched:
      - @ConditionalOnClass found required class 'io.micrometer.core.instrument.composite.CompositeMeterRegistry' (OnClassCondition)

   DataSourceAutoConfiguration matched:
      - @ConditionalOnClass found required classes 'javax.sql.DataSource', 'org.springframework.jdbc.datasource.embedded.EmbeddedDatabaseType' (OnClassCondition)
      - @ConditionalOnMissingBean (types: io.r2dbc.spi.ConnectionFactory; SearchStrategy: all) did not find any beans (OnBeanCondition)

   DataSourceAutoConfiguration.PooledDataSourceConfiguration matched:
      - AnyNestedCondition 1 matched 1 did not; NestedCondition on DataSourceAutoConfiguration.PooledDataSourceCondition.PooledDataSourceAvailable PooledDataSource found supported DataSource; NestedCondition on DataSourceAutoConfiguration.PooledDataSourceCondition.ExplicitType @ConditionalOnProperty (spring.datasource.type) did not find property 'type' (DataSourceAutoConfiguration.PooledDataSourceCondition)
      - @ConditionalOnMissingBean (types: javax.sql.DataSource,javax.sql.XADataSource; SearchStrategy: all) did not find any beans (OnBeanCondition)

   DataSourceAutoConfiguration.PooledDataSourceConfiguration#jdbcConnectionDetails matched:
      - @ConditionalOnMissingBean (types: org.springframework.boot.autoconfigure.jdbc.JdbcConnectionDetails; SearchStrategy: all) did not find any beans (OnBeanCondition)

   DataSourceConfiguration.Hikari matched:
      - @ConditionalOnClass found required class 'com.zaxxer.hikari.HikariDataSource' (OnClassCondition)
      - @ConditionalOnProperty (spring.datasource.type=com.zaxxer.hikari.HikariDataSource) matched (OnPropertyCondition)
      - @ConditionalOnMissingBean (types: javax.sql.DataSource; SearchStrategy: all) did not find any beans (OnBeanCondition)

   DataSourceHealthContributorAutoConfiguration matched:
      - @ConditionalOnClass found required classes 'org.springframework.jdbc.core.JdbcTemplate', 'org.springframework.jdbc.datasource.lookup.AbstractRoutingDataSource' (OnClassCondition)
      - @ConditionalOnEnabledHealthIndicator management.health.defaults.enabled is considered true (OnEnabledHealthIndicatorCondition)
      - @ConditionalOnBean (types: javax.sql.DataSource; SearchStrategy: all) found bean 'dataSource' (OnBeanCondition)

   DataSourceHealthContributorAutoConfiguration#dbHealthContributor matched:
      - @ConditionalOnMissingBean (names: dbHealthIndicator,dbHealthContributor; SearchStrategy: all) did not find any beans (OnBeanCondition)

   DataSourceInitializationConfiguration matched:
      - @ConditionalOnClass found required class 'org.springframework.jdbc.datasource.init.DatabasePopulator' (OnClassCondition)
      - @ConditionalOnSingleCandidate (types: javax.sql.DataSource; SearchStrategy: all) found a single bean 'dataSource'; @ConditionalOnMissingBean (types: org.springframework.boot.autoconfigure.sql.init.SqlDataSourceScriptDatabaseInitializer,org.springframework.boot.autoconfigure.sql.init.SqlR2dbcScriptDatabaseInitializer; SearchStrategy: all) did not find any beans (OnBeanCondition)

   DataSourceJmxConfiguration matched:
      - @ConditionalOnProperty (spring.jmx.enabled=true) matched (OnPropertyCondition)

   DataSourceJmxConfiguration.Hikari matched:
      - @ConditionalOnClass found required class 'com.zaxxer.hikari.HikariDataSource' (OnClassCondition)
      - @ConditionalOnSingleCandidate (types: javax.sql.DataSource; SearchStrategy: all) found a single bean 'dataSource' (OnBeanCondition)

   DataSourcePoolMetadataProvidersConfiguration.HikariPoolDataSourceMetadataProviderConfiguration matched:
      - @ConditionalOnClass found required class 'com.zaxxer.hikari.HikariDataSource' (OnClassCondition)

   DataSourcePoolMetricsAutoConfiguration matched:
      - @ConditionalOnClass found required classes 'javax.sql.DataSource', 'io.micrometer.core.instrument.MeterRegistry' (OnClassCondition)
      - @ConditionalOnBean (types: javax.sql.DataSource,io.micrometer.core.instrument.MeterRegistry; SearchStrategy: all) found beans 'simpleMeterRegistry', 'dataSource' (OnBeanCondition)

   DataSourcePoolMetricsAutoConfiguration.DataSourcePoolMetadataMetricsConfiguration matched:
      - @ConditionalOnBean (types: org.springframework.boot.jdbc.metadata.DataSourcePoolMetadataProvider; SearchStrategy: all) found bean 'hikariPoolDataSourceMetadataProvider' (OnBeanCondition)

   DataSourcePoolMetricsAutoConfiguration.HikariDataSourceMetricsConfiguration matched:
      - @ConditionalOnClass found required class 'com.zaxxer.hikari.HikariDataSource' (OnClassCondition)

   DataSourceTransactionManagerAutoConfiguration matched:
      - @ConditionalOnClass found required classes 'javax.sql.DataSource', 'org.springframework.jdbc.core.JdbcTemplate', 'org.springframework.transaction.TransactionManager' (OnClassCondition)

   DataSourceTransactionManagerAutoConfiguration.JdbcTransactionManagerConfiguration matched:
      - @ConditionalOnSingleCandidate (types: javax.sql.DataSource; SearchStrategy: all) found a single bean 'dataSource' (OnBeanCondition)

   DiskSpaceHealthContributorAutoConfiguration matched:
      - @ConditionalOnEnabledHealthIndicator management.health.defaults.enabled is considered true (OnEnabledHealthIndicatorCondition)

   DiskSpaceHealthContributorAutoConfiguration#diskSpaceHealthIndicator matched:
      - @ConditionalOnMissingBean (names: diskSpaceHealthIndicator; SearchStrategy: all) did not find any beans (OnBeanCondition)

   DispatcherServletAutoConfiguration matched:
      - @ConditionalOnClass found required class 'org.springframework.web.servlet.DispatcherServlet' (OnClassCondition)
      - found 'session' scope (OnWebApplicationCondition)

   DispatcherServletAutoConfiguration.DispatcherServletConfiguration matched:
      - @ConditionalOnClass found required class 'jakarta.servlet.ServletRegistration' (OnClassCondition)
      - Default DispatcherServlet did not find dispatcher servlet beans (DispatcherServletAutoConfiguration.DefaultDispatcherServletCondition)

   DispatcherServletAutoConfiguration.DispatcherServletRegistrationConfiguration matched:
      - @ConditionalOnClass found required class 'jakarta.servlet.ServletRegistration' (OnClassCondition)
      - DispatcherServlet Registration did not find servlet registration bean (DispatcherServletAutoConfiguration.DispatcherServletRegistrationCondition)

   DispatcherServletAutoConfiguration.DispatcherServletRegistrationConfiguration#dispatcherServletRegistration matched:
      - @ConditionalOnBean (names: dispatcherServlet types: org.springframework.web.servlet.DispatcherServlet; SearchStrategy: all) found bean 'dispatcherServlet' (OnBeanCondition)

   EmbeddedWebServerFactoryCustomizerAutoConfiguration matched:
      - @ConditionalOnWebApplication (required) found 'session' scope (OnWebApplicationCondition)
      - @ConditionalOnWarDeployment the application is not deployed as a WAR file. (OnWarDeploymentCondition)

   EmbeddedWebServerFactoryCustomizerAutoConfiguration.TomcatWebServerFactoryCustomizerConfiguration matched:
      - @ConditionalOnClass found required classes 'org.apache.catalina.startup.Tomcat', 'org.apache.coyote.UpgradeProtocol' (OnClassCondition)

   EndpointAutoConfiguration#endpointCachingOperationInvokerAdvisor matched:
      - @ConditionalOnMissingBean (types: org.springframework.boot.actuate.endpoint.invoker.cache.CachingOperationInvokerAdvisor; SearchStrategy: all) did not find any beans (OnBeanCondition)

   EndpointAutoConfiguration#endpointOperationParameterMapper matched:
      - @ConditionalOnMissingBean (types: org.springframework.boot.actuate.endpoint.invoke.ParameterValueMapper; SearchStrategy: all) did not find any beans (OnBeanCondition)

   EndpointAutoConfiguration#propertiesEndpointAccessResolver matched:
      - @ConditionalOnMissingBean (types: org.springframework.boot.actuate.endpoint.EndpointAccessResolver; SearchStrategy: all) did not find any beans (OnBeanCondition)

   ErrorMvcAutoConfiguration matched:
      - @ConditionalOnClass found required classes 'jakarta.servlet.Servlet', 'org.springframework.web.servlet.DispatcherServlet' (OnClassCondition)
      - found 'session' scope (OnWebApplicationCondition)

   ErrorMvcAutoConfiguration#basicErrorController matched:
      - @ConditionalOnMissingBean (types: org.springframework.boot.web.servlet.error.ErrorController; SearchStrategy: current) did not find any beans (OnBeanCondition)

   ErrorMvcAutoConfiguration#errorAttributes matched:
      - @ConditionalOnMissingBean (types: org.springframework.boot.web.servlet.error.ErrorAttributes; SearchStrategy: current) did not find any beans (OnBeanCondition)

   ErrorMvcAutoConfiguration.DefaultErrorViewResolverConfiguration#conventionErrorViewResolver matched:
      - @ConditionalOnBean (types: org.springframework.web.servlet.DispatcherServlet; SearchStrategy: all) found bean 'dispatcherServlet'; @ConditionalOnMissingBean (types: org.springframework.boot.autoconfigure.web.servlet.error.ErrorViewResolver; SearchStrategy: all) did not find any beans (OnBeanCondition)

   ErrorMvcAutoConfiguration.WhitelabelErrorViewConfiguration matched:
      - @ConditionalOnProperty (server.error.whitelabel.enabled) matched (OnPropertyCondition)
      - ErrorTemplate Missing did not find error template view (ErrorMvcAutoConfiguration.ErrorTemplateMissingCondition)

   ErrorMvcAutoConfiguration.WhitelabelErrorViewConfiguration#beanNameViewResolver matched:
      - @ConditionalOnMissingBean (types: org.springframework.web.servlet.view.BeanNameViewResolver; SearchStrategy: all) did not find any beans (OnBeanCondition)

   ErrorMvcAutoConfiguration.WhitelabelErrorViewConfiguration#defaultErrorView matched:
      - @ConditionalOnMissingBean (names: error; SearchStrategy: all) did not find any beans (OnBeanCondition)

   GenericCacheConfiguration matched:
      - Cache org.springframework.boot.autoconfigure.cache.GenericCacheConfiguration automatic cache type (CacheCondition)

   H2ConsoleAutoConfiguration matched:
      - @ConditionalOnClass found required class 'org.h2.server.web.JakartaWebServlet' (OnClassCondition)
      - found 'session' scope (OnWebApplicationCondition)
      - @ConditionalOnProperty (spring.h2.console.enabled=true) matched (OnPropertyCondition)

   HealthContributorAutoConfiguration#pingHealthContributor matched:
      - @ConditionalOnEnabledHealthIndicator management.health.defaults.enabled is considered true (OnEnabledHealthIndicatorCondition)

   HealthEndpointAutoConfiguration matched:
      - @ConditionalOnAvailableEndpoint marked as exposed by a 'management.endpoints.web.exposure' property (OnAvailableEndpointCondition)

   HealthEndpointConfiguration#healthContributorRegistry matched:
      - @ConditionalOnMissingBean (types: org.springframework.boot.actuate.health.HealthContributorRegistry; SearchStrategy: all) did not find any beans (OnBeanCondition)

   HealthEndpointConfiguration#healthEndpoint matched:
      - @ConditionalOnMissingBean (types: org.springframework.boot.actuate.health.HealthEndpoint; SearchStrategy: all) did not find any beans (OnBeanCondition)

   HealthEndpointConfiguration#healthEndpointGroupMembershipValidator matched:
      - @ConditionalOnProperty (management.endpoint.health.validate-group-membership=true) matched (OnPropertyCondition)

   HealthEndpointConfiguration#healthEndpointGroups matched:
      - @ConditionalOnMissingBean (types: org.springframework.boot.actuate.health.HealthEndpointGroups; SearchStrategy: all) did not find any beans (OnBeanCondition)

   HealthEndpointConfiguration#healthHttpCodeStatusMapper matched:
      - @ConditionalOnMissingBean (types: org.springframework.boot.actuate.health.HttpCodeStatusMapper; SearchStrategy: all) did not find any beans (OnBeanCondition)

   HealthEndpointConfiguration#healthStatusAggregator matched:
      - @ConditionalOnMissingBean (types: org.springframework.boot.actuate.health.StatusAggregator; SearchStrategy: all) did not find any beans (OnBeanCondition)

   HealthEndpointWebExtensionConfiguration matched:
      - found 'session' scope (OnWebApplicationCondition)
      - @ConditionalOnAvailableEndpoint marked as exposed by a 'management.endpoints.web.exposure' property (OnAvailableEndpointCondition)
      - @ConditionalOnBean (types: org.springframework.boot.actuate.health.HealthEndpoint; SearchStrategy: all) found bean 'healthEndpoint' (OnBeanCondition)

   HealthEndpointWebExtensionConfiguration#healthEndpointWebExtension matched:
      - @ConditionalOnMissingBean (types: org.springframework.boot.actuate.health.HealthEndpointWebExtension; SearchStrategy: all) did not find any beans (OnBeanCondition)

   HealthEndpointWebExtensionConfiguration.MvcAdditionalHealthEndpointPathsConfiguration matched:
      - @ConditionalOnBean (types: org.springframework.web.servlet.DispatcherServlet; SearchStrategy: all) found bean 'dispatcherServlet' (OnBeanCondition)

   HibernateJpaAutoConfiguration matched:
      - @ConditionalOnClass found required classes 'org.springframework.orm.jpa.LocalContainerEntityManagerFactoryBean', 'jakarta.persistence.EntityManager', 'org.hibernate.engine.spi.SessionImplementor' (OnClassCondition)

   HibernateJpaConfiguration matched:
      - @ConditionalOnSingleCandidate (types: javax.sql.DataSource; SearchStrategy: all) found a single bean 'dataSource' (OnBeanCondition)

   HttpClientAutoConfiguration matched:
      - @ConditionalOnClass found required class 'org.springframework.http.client.ClientHttpRequestFactory' (OnClassCondition)
      - NoneNestedConditions 0 matched 1 did not; NestedCondition on NotReactiveWebApplicationCondition.ReactiveWebApplication did not find reactive web application classes (NotReactiveWebApplicationCondition)

   HttpClientAutoConfiguration#clientHttpRequestFactoryBuilder matched:
      - @ConditionalOnMissingBean (types: org.springframework.boot.http.client.ClientHttpRequestFactoryBuilder; SearchStrategy: all) did not find any beans (OnBeanCondition)

   HttpClientAutoConfiguration#clientHttpRequestFactorySettings matched:
      - @ConditionalOnMissingBean (types: org.springframework.boot.http.client.ClientHttpRequestFactorySettings; SearchStrategy: all) did not find any beans (OnBeanCondition)

   HttpClientObservationsAutoConfiguration matched:
      - @ConditionalOnClass found required class 'io.micrometer.observation.Observation' (OnClassCondition)
      - @ConditionalOnBean (types: io.micrometer.observation.ObservationRegistry; SearchStrategy: all) found bean 'observationRegistry' (OnBeanCondition)

   HttpClientObservationsAutoConfiguration.MeterFilterConfiguration matched:
      - @ConditionalOnClass found required class 'io.micrometer.core.instrument.MeterRegistry' (OnClassCondition)
      - @ConditionalOnBean (types: io.micrometer.core.instrument.MeterRegistry; SearchStrategy: all) found bean 'simpleMeterRegistry' (OnBeanCondition)

   HttpEncodingAutoConfiguration matched:
      - @ConditionalOnClass found required class 'org.springframework.web.filter.CharacterEncodingFilter' (OnClassCondition)
      - found 'session' scope (OnWebApplicationCondition)
      - @ConditionalOnProperty (server.servlet.encoding.enabled) matched (OnPropertyCondition)

   HttpEncodingAutoConfiguration#characterEncodingFilter matched:
      - @ConditionalOnMissingBean (types: org.springframework.web.filter.CharacterEncodingFilter; SearchStrategy: all) did not find any beans (OnBeanCondition)

   HttpMessageConvertersAutoConfiguration matched:
      - @ConditionalOnClass found required class 'org.springframework.http.converter.HttpMessageConverter' (OnClassCondition)
      - NoneNestedConditions 0 matched 1 did not; NestedCondition on HttpMessageConvertersAutoConfiguration.NotReactiveWebApplicationCondition.ReactiveWebApplication did not find reactive web application classes (HttpMessageConvertersAutoConfiguration.NotReactiveWebApplicationCondition)

   HttpMessageConvertersAutoConfiguration#messageConverters matched:
      - @ConditionalOnMissingBean (types: org.springframework.boot.autoconfigure.http.HttpMessageConverters; SearchStrategy: all) did not find any beans (OnBeanCondition)

   HttpMessageConvertersAutoConfiguration.StringHttpMessageConverterConfiguration matched:
      - @ConditionalOnClass found required class 'org.springframework.http.converter.StringHttpMessageConverter' (OnClassCondition)

   HttpMessageConvertersAutoConfiguration.StringHttpMessageConverterConfiguration#stringHttpMessageConverter matched:
      - @ConditionalOnMissingBean (types: org.springframework.http.converter.StringHttpMessageConverter; SearchStrategy: all) did not find any beans (OnBeanCondition)

   InfoEndpointAutoConfiguration matched:
      - @ConditionalOnAvailableEndpoint marked as exposed by a 'management.endpoints.web.exposure' property (OnAvailableEndpointCondition)

   InfoEndpointAutoConfiguration#infoEndpoint matched:
      - @ConditionalOnMissingBean (types: org.springframework.boot.actuate.info.InfoEndpoint; SearchStrategy: all) did not find any beans (OnBeanCondition)

   JacksonAutoConfiguration matched:
      - @ConditionalOnClass found required class 'com.fasterxml.jackson.databind.ObjectMapper' (OnClassCondition)

   JacksonAutoConfiguration.Jackson2ObjectMapperBuilderCustomizerConfiguration matched:
      - @ConditionalOnClass found required class 'org.springframework.http.converter.json.Jackson2ObjectMapperBuilder' (OnClassCondition)

   JacksonAutoConfiguration.JacksonObjectMapperBuilderConfiguration matched:
      - @ConditionalOnClass found required class 'org.springframework.http.converter.json.Jackson2ObjectMapperBuilder' (OnClassCondition)

   JacksonAutoConfiguration.JacksonObjectMapperBuilderConfiguration#jacksonObjectMapperBuilder matched:
      - @ConditionalOnMissingBean (types: org.springframework.http.converter.json.Jackson2ObjectMapperBuilder; SearchStrategy: all) did not find any beans (OnBeanCondition)

   JacksonAutoConfiguration.JacksonObjectMapperConfiguration matched:
      - @ConditionalOnClass found required class 'org.springframework.http.converter.json.Jackson2ObjectMapperBuilder' (OnClassCondition)

   JacksonAutoConfiguration.JacksonObjectMapperConfiguration#jacksonObjectMapper matched:
      - @ConditionalOnMissingBean (types: com.fasterxml.jackson.databind.ObjectMapper; SearchStrategy: all) did not find any beans (OnBeanCondition)

   JacksonAutoConfiguration.ParameterNamesModuleConfiguration matched:
      - @ConditionalOnClass found required class 'com.fasterxml.jackson.module.paramnames.ParameterNamesModule' (OnClassCondition)

   JacksonAutoConfiguration.ParameterNamesModuleConfiguration#parameterNamesModule matched:
      - @ConditionalOnMissingBean (types: com.fasterxml.jackson.module.paramnames.ParameterNamesModule; SearchStrategy: all) did not find any beans (OnBeanCondition)

   JacksonEndpointAutoConfiguration#endpointObjectMapper matched:
      - @ConditionalOnClass found required classes 'com.fasterxml.jackson.databind.ObjectMapper', 'org.springframework.http.converter.json.Jackson2ObjectMapperBuilder' (OnClassCondition)
      - @ConditionalOnProperty (management.endpoints.jackson.isolated-object-mapper) matched (OnPropertyCondition)

   JacksonHttpMessageConvertersConfiguration.MappingJackson2HttpMessageConverterConfiguration matched:
      - @ConditionalOnClass found required class 'com.fasterxml.jackson.databind.ObjectMapper' (OnClassCondition)
      - @ConditionalOnProperty (spring.mvc.converters.preferred-json-mapper=jackson) matched (OnPropertyCondition)
      - @ConditionalOnBean (types: com.fasterxml.jackson.databind.ObjectMapper; SearchStrategy: all) found bean 'jacksonObjectMapper' (OnBeanCondition)

   JacksonHttpMessageConvertersConfiguration.MappingJackson2HttpMessageConverterConfiguration#mappingJackson2HttpMessageConverter matched:
      - @ConditionalOnMissingBean (types: org.springframework.http.converter.json.MappingJackson2HttpMessageConverter ignored: org.springframework.hateoas.server.mvc.TypeConstrainedMappingJackson2HttpMessageConverter,org.springframework.data.rest.webmvc.alps.AlpsJsonHttpMessageConverter; SearchStrategy: all) did not find any beans (OnBeanCondition)

   JdbcClientAutoConfiguration matched:
      - @ConditionalOnSingleCandidate (types: org.springframework.jdbc.core.namedparam.NamedParameterJdbcTemplate; SearchStrategy: all) found a single bean 'namedParameterJdbcTemplate'; @ConditionalOnMissingBean (types: org.springframework.jdbc.core.simple.JdbcClient; SearchStrategy: all) did not find any beans (OnBeanCondition)

   JdbcTemplateAutoConfiguration matched:
      - @ConditionalOnClass found required classes 'javax.sql.DataSource', 'org.springframework.jdbc.core.JdbcTemplate' (OnClassCondition)
      - @ConditionalOnSingleCandidate (types: javax.sql.DataSource; SearchStrategy: all) found a single bean 'dataSource' (OnBeanCondition)

   JdbcTemplateConfiguration matched:
      - @ConditionalOnMissingBean (types: org.springframework.jdbc.core.JdbcOperations; SearchStrategy: all) did not find any beans (OnBeanCondition)

   JpaBaseConfiguration#entityManagerFactory matched:
      - @ConditionalOnMissingBean (types: org.springframework.orm.jpa.LocalContainerEntityManagerFactoryBean,jakarta.persistence.EntityManagerFactory; SearchStrategy: all) did not find any beans (OnBeanCondition)

   JpaBaseConfiguration#entityManagerFactoryBuilder matched:
      - @ConditionalOnMissingBean (types: org.springframework.boot.orm.jpa.EntityManagerFactoryBuilder; SearchStrategy: all) did not find any beans (OnBeanCondition)

   JpaBaseConfiguration#jpaVendorAdapter matched:
      - @ConditionalOnMissingBean (types: org.springframework.orm.jpa.JpaVendorAdapter; SearchStrategy: all) did not find any beans (OnBeanCondition)

   JpaBaseConfiguration#transactionManager matched:
      - @ConditionalOnMissingBean (types: org.springframework.transaction.TransactionManager; SearchStrategy: all) did not find any beans (OnBeanCondition)

   JpaBaseConfiguration.PersistenceManagedTypesConfiguration matched:
      - @ConditionalOnMissingBean (types: org.springframework.orm.jpa.LocalContainerEntityManagerFactoryBean,jakarta.persistence.EntityManagerFactory; SearchStrategy: all) did not find any beans (OnBeanCondition)

   JpaBaseConfiguration.PersistenceManagedTypesConfiguration#persistenceManagedTypes matched:
      - @ConditionalOnMissingBean (types: org.springframework.orm.jpa.persistenceunit.PersistenceManagedTypes; SearchStrategy: all) did not find any beans (OnBeanCondition)

   JpaRepositoriesAutoConfiguration matched:
      - @ConditionalOnClass found required class 'org.springframework.data.jpa.repository.JpaRepository' (OnClassCondition)
      - @ConditionalOnProperty (spring.data.jpa.repositories.enabled=true) matched (OnPropertyCondition)
      - @ConditionalOnBean (types: javax.sql.DataSource; SearchStrategy: all) found bean 'dataSource'; @ConditionalOnMissingBean (types: org.springframework.data.jpa.repository.support.JpaRepositoryFactoryBean,org.springframework.data.jpa.repository.config.JpaRepositoryConfigExtension; SearchStrategy: all) did not find any beans (OnBeanCondition)

   JtaAutoConfiguration matched:
      - @ConditionalOnClass found required class 'jakarta.transaction.Transaction' (OnClassCondition)
      - @ConditionalOnProperty (spring.jta.enabled) matched (OnPropertyCondition)

   JvmMetricsAutoConfiguration matched:
      - @ConditionalOnClass found required class 'io.micrometer.core.instrument.MeterRegistry' (OnClassCondition)
      - @ConditionalOnBean (types: io.micrometer.core.instrument.MeterRegistry; SearchStrategy: all) found bean 'simpleMeterRegistry' (OnBeanCondition)

   JvmMetricsAutoConfiguration#classLoaderMetrics matched:
      - @ConditionalOnMissingBean (types: io.micrometer.core.instrument.binder.jvm.ClassLoaderMetrics; SearchStrategy: all) did not find any beans (OnBeanCondition)

   JvmMetricsAutoConfiguration#jvmCompilationMetrics matched:
      - @ConditionalOnMissingBean (types: io.micrometer.core.instrument.binder.jvm.JvmCompilationMetrics; SearchStrategy: all) did not find any beans (OnBeanCondition)

   JvmMetricsAutoConfiguration#jvmGcMetrics matched:
      - @ConditionalOnMissingBean (types: io.micrometer.core.instrument.binder.jvm.JvmGcMetrics; SearchStrategy: all) did not find any beans (OnBeanCondition)

   JvmMetricsAutoConfiguration#jvmHeapPressureMetrics matched:
      - @ConditionalOnMissingBean (types: io.micrometer.core.instrument.binder.jvm.JvmHeapPressureMetrics; SearchStrategy: all) did not find any beans (OnBeanCondition)

   JvmMetricsAutoConfiguration#jvmInfoMetrics matched:
      - @ConditionalOnMissingBean (types: io.micrometer.core.instrument.binder.jvm.JvmInfoMetrics; SearchStrategy: all) did not find any beans (OnBeanCondition)

   JvmMetricsAutoConfiguration#jvmMemoryMetrics matched:
      - @ConditionalOnMissingBean (types: io.micrometer.core.instrument.binder.jvm.JvmMemoryMetrics; SearchStrategy: all) did not find any beans (OnBeanCondition)

   JvmMetricsAutoConfiguration#jvmThreadMetrics matched:
      - @ConditionalOnMissingBean (types: io.micrometer.core.instrument.binder.jvm.JvmThreadMetrics; SearchStrategy: all) did not find any beans (OnBeanCondition)

   LifecycleAutoConfiguration#defaultLifecycleProcessor matched:
      - @ConditionalOnMissingBean (names: lifecycleProcessor; SearchStrategy: current) did not find any beans (OnBeanCondition)

   LogbackMetricsAutoConfiguration matched:
      - @ConditionalOnClass found required classes 'io.micrometer.core.instrument.MeterRegistry', 'ch.qos.logback.classic.LoggerContext', 'org.slf4j.LoggerFactory' (OnClassCondition)
      - LogbackLoggingCondition ILoggerFactory is a Logback LoggerContext (LogbackMetricsAutoConfiguration.LogbackLoggingCondition)
      - @ConditionalOnBean (types: io.micrometer.core.instrument.MeterRegistry; SearchStrategy: all) found bean 'simpleMeterRegistry' (OnBeanCondition)

   LogbackMetricsAutoConfiguration#logbackMetrics matched:
      - @ConditionalOnMissingBean (types: io.micrometer.core.instrument.binder.logging.LogbackMetrics; SearchStrategy: all) did not find any beans (OnBeanCondition)

   MailSenderAutoConfiguration matched:
      - @ConditionalOnClass found required classes 'jakarta.mail.internet.MimeMessage', 'jakarta.activation.MimeType', 'org.springframework.mail.MailSender' (OnClassCondition)
      - AnyNestedCondition 1 matched 1 did not; NestedCondition on MailSenderAutoConfiguration.MailSenderCondition.JndiNameProperty @ConditionalOnProperty (spring.mail.jndi-name) did not find property 'jndi-name'; NestedCondition on MailSenderAutoConfiguration.MailSenderCondition.HostProperty @ConditionalOnProperty (spring.mail.host) matched (MailSenderAutoConfiguration.MailSenderCondition)
      - @ConditionalOnMissingBean (types: org.springframework.mail.MailSender; SearchStrategy: all) did not find any beans (OnBeanCondition)

   MailSenderPropertiesConfiguration matched:
      - @ConditionalOnProperty (spring.mail.host) matched (OnPropertyCondition)

   MailSenderPropertiesConfiguration#mailSender matched:
      - @ConditionalOnMissingBean (types: org.springframework.mail.javamail.JavaMailSender; SearchStrategy: all) did not find any beans (OnBeanCondition)

   ManagementContextAutoConfiguration.SameManagementContextConfiguration matched:
      - Management Port actual port type (SAME) matched required type (OnManagementPortCondition)

   MetricsAutoConfiguration matched:
      - @ConditionalOnClass found required class 'io.micrometer.core.annotation.Timed' (OnClassCondition)

   MetricsAutoConfiguration#micrometerClock matched:
      - @ConditionalOnMissingBean (types: io.micrometer.core.instrument.Clock; SearchStrategy: all) did not find any beans (OnBeanCondition)

   MultipartAutoConfiguration matched:
      - @ConditionalOnClass found required classes 'jakarta.servlet.Servlet', 'org.springframework.web.multipart.support.StandardServletMultipartResolver', 'jakarta.servlet.MultipartConfigElement' (OnClassCondition)
      - found 'session' scope (OnWebApplicationCondition)
      - @ConditionalOnProperty (spring.servlet.multipart.enabled) matched (OnPropertyCondition)

   MultipartAutoConfiguration#multipartConfigElement matched:
      - @ConditionalOnMissingBean (types: jakarta.servlet.MultipartConfigElement; SearchStrategy: all) did not find any beans (OnBeanCondition)

   MultipartAutoConfiguration#multipartResolver matched:
      - @ConditionalOnMissingBean (types: org.springframework.web.multipart.MultipartResolver; SearchStrategy: all) did not find any beans (OnBeanCondition)

   NamedParameterJdbcTemplateConfiguration matched:
      - @ConditionalOnSingleCandidate (types: org.springframework.jdbc.core.JdbcTemplate; SearchStrategy: all) found a single bean 'jdbcTemplate'; @ConditionalOnMissingBean (types: org.springframework.jdbc.core.namedparam.NamedParameterJdbcOperations; SearchStrategy: all) did not find any beans (OnBeanCondition)

   NoOpCacheConfiguration matched:
      - Cache org.springframework.boot.autoconfigure.cache.NoOpCacheConfiguration automatic cache type (CacheCondition)

   ObservationAutoConfiguration matched:
      - @ConditionalOnClass found required class 'io.micrometer.observation.ObservationRegistry' (OnClassCondition)

   ObservationAutoConfiguration#observationRegistry matched:
      - @ConditionalOnMissingBean (types: io.micrometer.observation.ObservationRegistry; SearchStrategy: all) did not find any beans (OnBeanCondition)

   ObservationAutoConfiguration.MeterObservationHandlerConfiguration matched:
      - @ConditionalOnBean (types: io.micrometer.core.instrument.MeterRegistry; SearchStrategy: all) found bean 'simpleMeterRegistry'; @ConditionalOnMissingBean (types: io.micrometer.core.instrument.observation.MeterObservationHandler; SearchStrategy: all) did not find any beans (OnBeanCondition)

   ObservationAutoConfiguration.MeterObservationHandlerConfiguration.OnlyMetricsMeterObservationHandlerConfiguration matched:
      - @ConditionalOnMissingBean (types: io.micrometer.tracing.Tracer; SearchStrategy: all) did not find any beans (OnBeanCondition)

   ObservationAutoConfiguration.ObservedAspectConfiguration matched:
      - @ConditionalOnClass found required class 'org.aspectj.weaver.Advice' (OnClassCondition)

   ObservationAutoConfiguration.ObservedAspectConfiguration#observedAspect matched:
      - @ConditionalOnMissingBean (types: io.micrometer.observation.aop.ObservedAspect; SearchStrategy: all) did not find any beans (OnBeanCondition)

   ObservationAutoConfiguration.OnlyMetricsConfiguration matched:
      - @ConditionalOnClass found required class 'io.micrometer.core.instrument.MeterRegistry'; @ConditionalOnMissingClass did not find unwanted class 'io.micrometer.tracing.Tracer' (OnClassCondition)

   PersistenceExceptionTranslationAutoConfiguration matched:
      - @ConditionalOnClass found required class 'org.springframework.dao.annotation.PersistenceExceptionTranslationPostProcessor' (OnClassCondition)

   PersistenceExceptionTranslationAutoConfiguration#persistenceExceptionTranslationPostProcessor matched:
      - @ConditionalOnProperty (spring.dao.exceptiontranslation.enabled) matched (OnPropertyCondition)
      - @ConditionalOnMissingBean (types: org.springframework.dao.annotation.PersistenceExceptionTranslationPostProcessor; SearchStrategy: all) did not find any beans (OnBeanCondition)

   PropertyPlaceholderAutoConfiguration#propertySourcesPlaceholderConfigurer matched:
      - @ConditionalOnMissingBean (types: org.springframework.context.support.PropertySourcesPlaceholderConfigurer; SearchStrategy: current) did not find any beans (OnBeanCondition)

   RepositoryMetricsAutoConfiguration matched:
      - @ConditionalOnClass found required class 'org.springframework.data.repository.Repository' (OnClassCondition)
      - @ConditionalOnBean (types: io.micrometer.core.instrument.MeterRegistry; SearchStrategy: all) found bean 'simpleMeterRegistry' (OnBeanCondition)

   RepositoryMetricsAutoConfiguration#metricsRepositoryMethodInvocationListener matched:
      - @ConditionalOnMissingBean (types: org.springframework.boot.actuate.metrics.data.MetricsRepositoryMethodInvocationListener; SearchStrategy: all) did not find any beans (OnBeanCondition)

   RepositoryMetricsAutoConfiguration#repositoryTagsProvider matched:
      - @ConditionalOnMissingBean (types: org.springframework.boot.actuate.metrics.data.RepositoryTagsProvider; SearchStrategy: all) did not find any beans (OnBeanCondition)

   RestClientAutoConfiguration matched:
      - @ConditionalOnClass found required class 'org.springframework.web.client.RestClient' (OnClassCondition)
      - NoneNestedConditions 0 matched 1 did not; NestedCondition on NotReactiveWebApplicationCondition.ReactiveWebApplication did not find reactive web application classes (NotReactiveWebApplicationCondition)

   RestClientAutoConfiguration#httpMessageConvertersRestClientCustomizer matched:
      - @ConditionalOnMissingBean (types: org.springframework.boot.autoconfigure.web.client.HttpMessageConvertersRestClientCustomizer; SearchStrategy: all) did not find any beans (OnBeanCondition)

   RestClientAutoConfiguration#restClientBuilder matched:
      - @ConditionalOnMissingBean (types: org.springframework.web.client.RestClient$Builder; SearchStrategy: all) did not find any beans (OnBeanCondition)

   RestClientAutoConfiguration#restClientBuilderConfigurer matched:
      - @ConditionalOnMissingBean (types: org.springframework.boot.autoconfigure.web.client.RestClientBuilderConfigurer; SearchStrategy: all) did not find any beans (OnBeanCondition)

   RestClientAutoConfiguration#restClientSsl matched:
      - @ConditionalOnBean (types: org.springframework.boot.ssl.SslBundles; SearchStrategy: all) found bean 'sslBundleRegistry'; @ConditionalOnMissingBean (types: org.springframework.boot.autoconfigure.web.client.RestClientSsl; SearchStrategy: all) did not find any beans (OnBeanCondition)

   RestClientObservationConfiguration matched:
      - @ConditionalOnClass found required class 'org.springframework.web.client.RestClient' (OnClassCondition)
      - @ConditionalOnBean (types: org.springframework.web.client.RestClient$Builder; SearchStrategy: all) found bean 'restClientBuilder' (OnBeanCondition)

   RestTemplateAutoConfiguration matched:
      - @ConditionalOnClass found required class 'org.springframework.web.client.RestTemplate' (OnClassCondition)
      - NoneNestedConditions 0 matched 1 did not; NestedCondition on NotReactiveWebApplicationCondition.ReactiveWebApplication did not find reactive web application classes (NotReactiveWebApplicationCondition)

   RestTemplateAutoConfiguration#restTemplateBuilder matched:
      - @ConditionalOnMissingBean (types: org.springframework.boot.web.client.RestTemplateBuilder; SearchStrategy: all) did not find any beans (OnBeanCondition)

   RestTemplateObservationConfiguration matched:
      - @ConditionalOnClass found required class 'org.springframework.web.client.RestTemplate' (OnClassCondition)
      - @ConditionalOnBean (types: org.springframework.boot.web.client.RestTemplateBuilder; SearchStrategy: all) found bean 'restTemplateBuilder' (OnBeanCondition)

   ScheduledTasksObservabilityAutoConfiguration matched:
      - @ConditionalOnClass found required class 'org.springframework.scheduling.concurrent.ThreadPoolTaskScheduler' (OnClassCondition)
      - @ConditionalOnBean (types: io.micrometer.observation.ObservationRegistry; SearchStrategy: all) found bean 'observationRegistry' (OnBeanCondition)

   SecurityAutoConfiguration matched:
      - @ConditionalOnClass found required class 'org.springframework.security.authentication.DefaultAuthenticationEventPublisher' (OnClassCondition)

   SecurityAutoConfiguration#authenticationEventPublisher matched:
      - @ConditionalOnMissingBean (types: org.springframework.security.authentication.AuthenticationEventPublisher; SearchStrategy: all) did not find any beans (OnBeanCondition)

   SecurityFilterAutoConfiguration matched:
      - @ConditionalOnClass found required classes 'org.springframework.security.web.context.AbstractSecurityWebApplicationInitializer', 'org.springframework.security.config.http.SessionCreationPolicy' (OnClassCondition)
      - found 'session' scope (OnWebApplicationCondition)

   SecurityFilterAutoConfiguration#securityFilterChainRegistration matched:
      - @ConditionalOnBean (names: springSecurityFilterChain; SearchStrategy: all) found bean 'springSecurityFilterChain' (OnBeanCondition)

   SecurityRequestMatchersManagementContextConfiguration matched:
      - @ConditionalOnClass found required class 'org.springframework.security.web.util.matcher.RequestMatcher' (OnClassCondition)
      - found 'session' scope (OnWebApplicationCondition)

   SecurityRequestMatchersManagementContextConfiguration.MvcRequestMatcherConfiguration matched:
      - @ConditionalOnClass found required class 'org.springframework.web.servlet.DispatcherServlet' (OnClassCondition)
      - @ConditionalOnBean (types: org.springframework.boot.autoconfigure.web.servlet.DispatcherServletPath; SearchStrategy: all) found bean 'dispatcherServletRegistration' (OnBeanCondition)

   SecurityRequestMatchersManagementContextConfiguration.MvcRequestMatcherConfiguration#requestMatcherProvider matched:
      - @ConditionalOnClass found required class 'org.springframework.web.servlet.DispatcherServlet' (OnClassCondition)
      - @ConditionalOnMissingBean (types: org.springframework.boot.autoconfigure.security.servlet.RequestMatcherProvider; SearchStrategy: all) did not find any beans (OnBeanCondition)

   ServletEndpointManagementContextConfiguration matched:
      - found 'session' scope (OnWebApplicationCondition)

   ServletEndpointManagementContextConfiguration.WebMvcServletEndpointManagementContextConfiguration matched:
      - @ConditionalOnClass found required class 'org.springframework.web.servlet.DispatcherServlet' (OnClassCondition)

   ServletManagementContextAutoConfiguration matched:
      - @ConditionalOnClass found required class 'jakarta.servlet.Servlet' (OnClassCondition)
      - found 'session' scope (OnWebApplicationCondition)

   ServletWebServerFactoryAutoConfiguration matched:
      - @ConditionalOnClass found required class 'jakarta.servlet.ServletRequest' (OnClassCondition)
      - found 'session' scope (OnWebApplicationCondition)

   ServletWebServerFactoryAutoConfiguration#tomcatServletWebServerFactoryCustomizer matched:
      - @ConditionalOnClass found required class 'org.apache.catalina.startup.Tomcat' (OnClassCondition)

   ServletWebServerFactoryConfiguration.EmbeddedTomcat matched:
      - @ConditionalOnClass found required classes 'jakarta.servlet.Servlet', 'org.apache.catalina.startup.Tomcat', 'org.apache.coyote.UpgradeProtocol' (OnClassCondition)
      - @ConditionalOnMissingBean (types: org.springframework.boot.web.servlet.server.ServletWebServerFactory; SearchStrategy: current) did not find any beans (OnBeanCondition)

   SimpleCacheConfiguration matched:
      - Cache org.springframework.boot.autoconfigure.cache.SimpleCacheConfiguration automatic cache type (CacheCondition)

   SimpleMetricsExportAutoConfiguration matched:
      - @ConditionalOnEnabledMetricsExport management.defaults.metrics.export.enabled is considered true (OnMetricsExportEnabledCondition)
      - @ConditionalOnBean (types: io.micrometer.core.instrument.Clock; SearchStrategy: all) found bean 'micrometerClock'; @ConditionalOnMissingBean (types: io.micrometer.core.instrument.MeterRegistry; SearchStrategy: all) did not find any beans (OnBeanCondition)

   SimpleMetricsExportAutoConfiguration#simpleConfig matched:
      - @ConditionalOnMissingBean (types: io.micrometer.core.instrument.simple.SimpleConfig; SearchStrategy: all) did not find any beans (OnBeanCondition)

   SpringBootWebSecurityConfiguration matched:
      - found 'session' scope (OnWebApplicationCondition)

   SpringDataWebAutoConfiguration matched:
      - @ConditionalOnClass found required classes 'org.springframework.data.web.PageableHandlerMethodArgumentResolver', 'org.springframework.web.servlet.config.annotation.WebMvcConfigurer' (OnClassCondition)
      - found 'session' scope (OnWebApplicationCondition)
      - @ConditionalOnMissingBean (types: org.springframework.data.web.PageableHandlerMethodArgumentResolver; SearchStrategy: all) did not find any beans (OnBeanCondition)

   SpringDataWebAutoConfiguration#pageableCustomizer matched:
      - @ConditionalOnMissingBean (types: org.springframework.data.web.config.PageableHandlerMethodArgumentResolverCustomizer; SearchStrategy: all) did not find any beans (OnBeanCondition)

   SpringDataWebAutoConfiguration#sortCustomizer matched:
      - @ConditionalOnMissingBean (types: org.springframework.data.web.config.SortHandlerMethodArgumentResolverCustomizer; SearchStrategy: all) did not find any beans (OnBeanCondition)

   SpringDataWebAutoConfiguration#springDataWebSettings matched:
      - @ConditionalOnMissingBean (types: org.springframework.data.web.config.SpringDataWebSettings; SearchStrategy: all) did not find any beans (OnBeanCondition)

   SpringDocConfigProperties matched:
      - @ConditionalOnProperty (springdoc.api-docs.enabled) matched (OnPropertyCondition)
      - @ConditionalOnBean (types: org.springdoc.core.configuration.SpringDocConfiguration; SearchStrategy: all) found bean 'org.springdoc.core.configuration.SpringDocConfiguration' (OnBeanCondition)

   SpringDocConfiguration matched:
      - @ConditionalOnWebApplication (required) found 'session' scope (OnWebApplicationCondition)
      - @ConditionalOnProperty (springdoc.api-docs.enabled) matched (OnPropertyCondition)

   SpringDocConfiguration#fileSupportConverter matched:
      - @ConditionalOnMissingBean (types: org.springdoc.core.converters.FileSupportConverter; SearchStrategy: all) did not find any beans (OnBeanCondition)

   SpringDocConfiguration#globalOpenApiCustomizer matched:
      - @ConditionalOnMissingBean (names: globalOpenApiCustomizer; SearchStrategy: all) did not find any beans (OnBeanCondition)

   SpringDocConfiguration#initExtraSchemas matched:
      - @ConditionalOnProperty (springdoc.enable-extra-schemas) matched (OnPropertyCondition)

   SpringDocConfiguration#oas31ModelConverter matched:
      - @ConditionalOnMissingBean (types: org.springdoc.core.converters.OAS31ModelConverter; SearchStrategy: all) did not find any beans (OnBeanCondition)

   SpringDocConfiguration#openAPIBuilder matched:
      - @ConditionalOnMissingBean (types: org.springdoc.core.service.OpenAPIService; SearchStrategy: all) did not find any beans (OnBeanCondition)

   SpringDocConfiguration#operationBuilder matched:
      - @ConditionalOnMissingBean (types: org.springdoc.core.service.OperationService; SearchStrategy: all) did not find any beans (OnBeanCondition)

   SpringDocConfiguration#parameterBuilder matched:
      - @ConditionalOnMissingBean (types: org.springdoc.core.service.GenericParameterService; SearchStrategy: all) did not find any beans (OnBeanCondition)

   SpringDocConfiguration#parameterObjectNamingStrategyCustomizer matched:
      - @ConditionalOnMissingBean (types: org.springdoc.core.customizers.ParameterObjectNamingStrategyCustomizer; SearchStrategy: all) did not find any beans (OnBeanCondition)

   SpringDocConfiguration#polymorphicModelConverter matched:
      - @ConditionalOnProperty (springdoc.model-converters.polymorphic-converter.enabled) matched (OnPropertyCondition)
      - @ConditionalOnMissingBean (types: org.springdoc.core.converters.PolymorphicModelConverter; SearchStrategy: all) did not find any beans (OnBeanCondition)

   SpringDocConfiguration#requestBodyBuilder matched:
      - @ConditionalOnMissingBean (types: org.springdoc.core.service.RequestBodyService; SearchStrategy: all) did not find any beans (OnBeanCondition)

   SpringDocConfiguration#responseSupportConverter matched:
      - @ConditionalOnMissingBean (types: org.springdoc.core.converters.ResponseSupportConverter; SearchStrategy: all) did not find any beans (OnBeanCondition)

   SpringDocConfiguration#schemaPropertyDeprecatingConverter matched:
      - @ConditionalOnProperty (springdoc.model-converters.deprecating-converter.enabled) matched (OnPropertyCondition)
      - @ConditionalOnMissingBean (types: org.springdoc.core.converters.SchemaPropertyDeprecatingConverter; SearchStrategy: all) did not find any beans (OnBeanCondition)

   SpringDocConfiguration#securityParser matched:
      - @ConditionalOnMissingBean (types: org.springdoc.core.service.SecurityService; SearchStrategy: all) did not find any beans (OnBeanCondition)

   SpringDocConfiguration#springDocCustomizers matched:
      - @ConditionalOnMissingBean (types: org.springdoc.core.customizers.SpringDocCustomizers; SearchStrategy: all) did not find any beans (OnBeanCondition)

   SpringDocConfiguration#springDocProviders matched:
      - @ConditionalOnMissingBean (types: org.springdoc.core.providers.SpringDocProviders; SearchStrategy: all) did not find any beans (OnBeanCondition)

   SpringDocConfiguration#springdocObjectMapperProvider matched:
      - @ConditionalOnMissingBean (types: org.springdoc.core.providers.ObjectMapperProvider; SearchStrategy: all) did not find any beans (OnBeanCondition)

   SpringDocConfiguration.QuerydslProvider matched:
      - @ConditionalOnClass found required class 'org.springframework.data.querydsl.binding.QuerydslBindingsFactory' (OnClassCondition)

   SpringDocConfiguration.QuerydslProvider#queryDslQuerydslPredicateOperationCustomizer matched:
      - @ConditionalOnMissingBean (types: org.springdoc.core.customizers.QuerydslPredicateOperationCustomizer; SearchStrategy: all) did not find any beans (OnBeanCondition)

   SpringDocConfiguration.SpringDocSpringDataWebPropertiesProvider matched:
      - @ConditionalOnClass found required class 'org.springframework.boot.autoconfigure.data.web.SpringDataWebProperties' (OnClassCondition)

   SpringDocConfiguration.SpringDocSpringDataWebPropertiesProvider#springDataWebPropertiesProvider matched:
      - @ConditionalOnMissingBean (types: org.springdoc.core.providers.SpringDataWebPropertiesProvider; SearchStrategy: all) did not find any beans (OnBeanCondition)

   SpringDocConfiguration.WebConversionServiceConfiguration matched:
      - @ConditionalOnClass found required class 'org.springframework.boot.autoconfigure.web.format.WebConversionService' (OnClassCondition)

   SpringDocPageableConfiguration matched:
      - @ConditionalOnClass found required class 'org.springframework.data.domain.Pageable' (OnClassCondition)
      - @ConditionalOnWebApplication (required) found 'session' scope (OnWebApplicationCondition)
      - @ConditionalOnProperty (springdoc.api-docs.enabled) matched (OnPropertyCondition)
      - @ConditionalOnBean (types: org.springdoc.core.configuration.SpringDocConfiguration; SearchStrategy: all) found bean 'org.springdoc.core.configuration.SpringDocConfiguration' (OnBeanCondition)

   SpringDocPageableConfiguration#dataRestDelegatingMethodParameterCustomizer matched:
      - @ConditionalOnMissingBean (types: org.springdoc.core.customizers.DataRestDelegatingMethodParameterCustomizer; SearchStrategy: all) did not find any beans (OnBeanCondition)

   SpringDocPageableConfiguration#pageOpenAPIConverter matched:
      - @ConditionalOnClass found required classes 'org.springframework.data.web.PagedModel', 'org.springframework.data.web.config.SpringDataWebSettings' (OnClassCondition)
      - @ConditionalOnMissingBean (types: org.springdoc.core.converters.PageOpenAPIConverter; SearchStrategy: all) did not find any beans (OnBeanCondition)

   SpringDocPageableConfiguration#pageableOpenAPIConverter matched:
      - @ConditionalOnProperty (springdoc.model-converters.pageable-converter.enabled) matched (OnPropertyCondition)
      - @ConditionalOnMissingBean (types: org.springdoc.core.converters.PageableOpenAPIConverter; SearchStrategy: all) did not find any beans (OnBeanCondition)

   SpringDocSecurityConfiguration matched:
      - @ConditionalOnClass found required class 'org.springframework.security.web.SecurityFilterChain' (OnClassCondition)
      - @ConditionalOnWebApplication (required) found 'session' scope (OnWebApplicationCondition)
      - @ConditionalOnExpression (#{${springdoc.api-docs.enabled:true} and ${springdoc.enable-spring-security:true}}) resulted in true (OnExpressionCondition)
      - @ConditionalOnBean (types: org.springdoc.core.configuration.SpringDocConfiguration; SearchStrategy: all) found bean 'org.springdoc.core.configuration.SpringDocConfiguration' (OnBeanCondition)

   SpringDocSecurityConfiguration.SpringSecurityLoginEndpointConfiguration matched:
      - @ConditionalOnClass found required class 'jakarta.servlet.Filter' (OnClassCondition)

   SpringDocSortConfiguration matched:
      - @ConditionalOnClass found required class 'org.springframework.data.domain.Sort' (OnClassCondition)
      - @ConditionalOnWebApplication (required) found 'session' scope (OnWebApplicationCondition)
      - @ConditionalOnProperty (springdoc.api-docs.enabled) matched (OnPropertyCondition)
      - @ConditionalOnBean (types: org.springdoc.core.configuration.SpringDocConfiguration; SearchStrategy: all) found bean 'org.springdoc.core.configuration.SpringDocConfiguration' (OnBeanCondition)

   SpringDocSortConfiguration#sortOpenAPIConverter matched:
      - @ConditionalOnProperty (springdoc.sort-converter.enabled) matched (OnPropertyCondition)
      - @ConditionalOnMissingBean (types: org.springdoc.core.converters.SortOpenAPIConverter; SearchStrategy: all) did not find any beans (OnBeanCondition)

   SpringDocWebMvcConfiguration matched:
      - found 'session' scope (OnWebApplicationCondition)
      - @ConditionalOnProperty (springdoc.api-docs.enabled) matched (OnPropertyCondition)
      - @ConditionalOnBean (types: org.springdoc.core.configuration.SpringDocConfiguration; SearchStrategy: all) found bean 'org.springdoc.core.configuration.SpringDocConfiguration' (OnBeanCondition)

   SpringDocWebMvcConfiguration#openApiResource matched:
      - @ConditionalOnExpression (#{(${springdoc.use-management-port:false} == false ) and ${springdoc.enable-default-api-docs:true}}) resulted in true (OnExpressionCondition)
      - @ConditionalOnMissingBean (types: org.springdoc.webmvc.api.OpenApiWebMvcResource; SearchStrategy: all) did not find any beans (OnBeanCondition)

   SpringDocWebMvcConfiguration#requestBuilder matched:
      - @ConditionalOnMissingBean (types: org.springdoc.webmvc.core.service.RequestService; SearchStrategy: all) did not find any beans (OnBeanCondition)

   SpringDocWebMvcConfiguration#responseBuilder matched:
      - @ConditionalOnMissingBean (types: org.springdoc.core.service.GenericResponseService; SearchStrategy: all) did not find any beans (OnBeanCondition)

   SpringDocWebMvcConfiguration#springWebProvider matched:
      - @ConditionalOnMissingBean (types: org.springdoc.core.providers.SpringWebProvider; SearchStrategy: all) did not find any beans (OnBeanCondition)

   SpringDocWebMvcConfiguration.SpringDocWebMvcActuatorConfiguration matched:
      - @ConditionalOnClass found required class 'org.springframework.boot.actuate.endpoint.web.servlet.WebMvcEndpointHandlerMapping' (OnClassCondition)

   SpringDocWebMvcConfiguration.SpringDocWebMvcRouterConfiguration matched:
      - @ConditionalOnClass found required class 'org.springframework.web.servlet.function.RouterFunction' (OnClassCondition)

   SpringDocWebMvcConfiguration.SpringDocWebMvcRouterConfiguration#routerFunctionProvider matched:
      - @ConditionalOnMissingBean (types: org.springdoc.webmvc.core.providers.RouterFunctionWebMvcProvider; SearchStrategy: all) did not find any beans (OnBeanCondition)

   SqlInitializationAutoConfiguration matched:
      - @ConditionalOnProperty (spring.sql.init.enabled) matched (OnPropertyCondition)
      - NoneNestedConditions 0 matched 1 did not; NestedCondition on SqlInitializationAutoConfiguration.SqlInitializationModeCondition.ModeIsNever @ConditionalOnProperty (spring.sql.init.mode=never) did not find property 'mode' (SqlInitializationAutoConfiguration.SqlInitializationModeCondition)

   SslAutoConfiguration#sslBundleRegistry matched:
      - @ConditionalOnMissingBean (types: org.springframework.boot.ssl.SslBundleRegistry,org.springframework.boot.ssl.SslBundles; SearchStrategy: all) did not find any beans (OnBeanCondition)

   SslHealthContributorAutoConfiguration matched:
      - @ConditionalOnEnabledHealthIndicator management.health.defaults.enabled is considered true (OnEnabledHealthIndicatorCondition)

   SslHealthContributorAutoConfiguration#sslHealthIndicator matched:
      - @ConditionalOnMissingBean (names: sslHealthIndicator; SearchStrategy: all) did not find any beans (OnBeanCondition)

   SslHealthContributorAutoConfiguration#sslInfo matched:
      - @ConditionalOnMissingBean (types: org.springframework.boot.info.SslInfo; SearchStrategy: all) did not find any beans (OnBeanCondition)

   StartupTimeMetricsListenerAutoConfiguration matched:
      - @ConditionalOnClass found required class 'io.micrometer.core.instrument.MeterRegistry' (OnClassCondition)
      - @ConditionalOnBean (types: io.micrometer.core.instrument.MeterRegistry; SearchStrategy: all) found bean 'simpleMeterRegistry' (OnBeanCondition)

   StartupTimeMetricsListenerAutoConfiguration#startupTimeMetrics matched:
      - @ConditionalOnMissingBean (types: org.springframework.boot.actuate.metrics.startup.StartupTimeMetricsListener; SearchStrategy: all) did not find any beans (OnBeanCondition)

   SwaggerConfig matched:
      - found 'session' scope (OnWebApplicationCondition)
      - @ConditionalOnProperty (springdoc.swagger-ui.enabled) matched (OnPropertyCondition)
      - @ConditionalOnBean (types: org.springdoc.core.configuration.SpringDocConfiguration; SearchStrategy: all) found bean 'org.springdoc.core.configuration.SpringDocConfiguration' (OnBeanCondition)

   SwaggerConfig#indexPageTransformer matched:
      - @ConditionalOnMissingBean (types: org.springdoc.webmvc.ui.SwaggerIndexTransformer; SearchStrategy: all) did not find any beans (OnBeanCondition)

   SwaggerConfig#swaggerConfigResource matched:
      - @ConditionalOnProperty (springdoc.use-management-port=false) matched (OnPropertyCondition)
      - @ConditionalOnMissingBean (types: org.springdoc.webmvc.ui.SwaggerConfigResource; SearchStrategy: all) did not find any beans (OnBeanCondition)

   SwaggerConfig#swaggerResourceResolver matched:
      - @ConditionalOnMissingBean (types: org.springdoc.webmvc.ui.SwaggerResourceResolver; SearchStrategy: all) did not find any beans (OnBeanCondition)

   SwaggerConfig#swaggerWebMvcConfigurer matched:
      - @ConditionalOnMissingBean (types: org.springdoc.webmvc.ui.SwaggerWebMvcConfigurer; SearchStrategy: all) did not find any beans (OnBeanCondition)

   SwaggerConfig#swaggerWelcome matched:
      - @ConditionalOnProperty (springdoc.use-management-port=false) matched (OnPropertyCondition)
      - @ConditionalOnMissingBean (types: org.springdoc.webmvc.ui.SwaggerWelcomeWebMvc; SearchStrategy: all) did not find any beans (OnBeanCondition)

   SwaggerUiConfigProperties matched:
      - @ConditionalOnProperty (springdoc.swagger-ui.enabled) matched (OnPropertyCondition)
      - @ConditionalOnBean (types: org.springdoc.core.configuration.SpringDocConfiguration; SearchStrategy: all) found bean 'org.springdoc.core.configuration.SpringDocConfiguration' (OnBeanCondition)

   SwaggerUiOAuthProperties matched:
      - @ConditionalOnProperty (springdoc.swagger-ui.enabled) matched (OnPropertyCondition)
      - @ConditionalOnBean (types: org.springdoc.core.configuration.SpringDocConfiguration; SearchStrategy: all) found bean 'org.springdoc.core.configuration.SpringDocConfiguration' (OnBeanCondition)

   SystemMetricsAutoConfiguration matched:
      - @ConditionalOnClass found required class 'io.micrometer.core.instrument.MeterRegistry' (OnClassCondition)
      - @ConditionalOnBean (types: io.micrometer.core.instrument.MeterRegistry; SearchStrategy: all) found bean 'simpleMeterRegistry' (OnBeanCondition)

   SystemMetricsAutoConfiguration#diskSpaceMetrics matched:
      - @ConditionalOnMissingBean (types: org.springframework.boot.actuate.metrics.system.DiskSpaceMetricsBinder; SearchStrategy: all) did not find any beans (OnBeanCondition)

   SystemMetricsAutoConfiguration#fileDescriptorMetrics matched:
      - @ConditionalOnMissingBean (types: io.micrometer.core.instrument.binder.system.FileDescriptorMetrics; SearchStrategy: all) did not find any beans (OnBeanCondition)

   SystemMetricsAutoConfiguration#processorMetrics matched:
      - @ConditionalOnMissingBean (types: io.micrometer.core.instrument.binder.system.ProcessorMetrics; SearchStrategy: all) did not find any beans (OnBeanCondition)

   SystemMetricsAutoConfiguration#uptimeMetrics matched:
      - @ConditionalOnMissingBean (types: io.micrometer.core.instrument.binder.system.UptimeMetrics; SearchStrategy: all) did not find any beans (OnBeanCondition)

   TaskExecutionAutoConfiguration matched:
      - @ConditionalOnClass found required class 'org.springframework.scheduling.concurrent.ThreadPoolTaskExecutor' (OnClassCondition)

   TaskExecutorConfigurations.SimpleAsyncTaskExecutorBuilderConfiguration#simpleAsyncTaskExecutorBuilder matched:
      - @ConditionalOnMissingBean (types: org.springframework.boot.task.SimpleAsyncTaskExecutorBuilder; SearchStrategy: all) did not find any beans (OnBeanCondition)
      - @ConditionalOnThreading found PLATFORM (OnThreadingCondition)

   TaskExecutorConfigurations.ThreadPoolTaskExecutorBuilderConfiguration#threadPoolTaskExecutorBuilder matched:
      - @ConditionalOnMissingBean (types: org.springframework.boot.task.ThreadPoolTaskExecutorBuilder; SearchStrategy: all) did not find any beans (OnBeanCondition)

   TaskExecutorMetricsAutoConfiguration matched:
      - @ConditionalOnClass found required class 'io.micrometer.core.instrument.binder.jvm.ExecutorServiceMetrics' (OnClassCondition)
      - @ConditionalOnBean (types: java.util.concurrent.Executor,io.micrometer.core.instrument.MeterRegistry; SearchStrategy: all) found beans 'clientOutboundChannelExecutor', 'clientInboundChannelExecutor', 'simpleMeterRegistry', 'brokerChannelExecutor' (OnBeanCondition)

   TaskSchedulingAutoConfiguration matched:
      - @ConditionalOnClass found required class 'org.springframework.scheduling.concurrent.ThreadPoolTaskScheduler' (OnClassCondition)

   TaskSchedulingAutoConfiguration#scheduledBeanLazyInitializationExcludeFilter matched:
      - @ConditionalOnBean (names: org.springframework.context.annotation.internalScheduledAnnotationProcessor; SearchStrategy: all) found bean 'org.springframework.context.annotation.internalScheduledAnnotationProcessor' (OnBeanCondition)

   TaskSchedulingConfigurations.SimpleAsyncTaskSchedulerBuilderConfiguration#simpleAsyncTaskSchedulerBuilder matched:
      - @ConditionalOnMissingBean (types: org.springframework.boot.task.SimpleAsyncTaskSchedulerBuilder; SearchStrategy: all) did not find any beans (OnBeanCondition)
      - @ConditionalOnThreading found PLATFORM (OnThreadingCondition)

   TaskSchedulingConfigurations.ThreadPoolTaskSchedulerBuilderConfiguration#threadPoolTaskSchedulerBuilder matched:
      - @ConditionalOnMissingBean (types: org.springframework.boot.task.ThreadPoolTaskSchedulerBuilder; SearchStrategy: all) did not find any beans (OnBeanCondition)

   TomcatMetricsAutoConfiguration matched:
      - @ConditionalOnClass found required classes 'io.micrometer.core.instrument.binder.tomcat.TomcatMetrics', 'org.apache.catalina.Manager' (OnClassCondition)
      - @ConditionalOnWebApplication (required) found 'session' scope (OnWebApplicationCondition)

   TomcatMetricsAutoConfiguration#tomcatMetricsBinder matched:
      - @ConditionalOnBean (types: io.micrometer.core.instrument.MeterRegistry; SearchStrategy: all) found bean 'simpleMeterRegistry'; @ConditionalOnMissingBean (types: io.micrometer.core.instrument.binder.tomcat.TomcatMetrics,org.springframework.boot.actuate.metrics.web.tomcat.TomcatMetricsBinder; SearchStrategy: all) did not find any beans (OnBeanCondition)

   TransactionAutoConfiguration matched:
      - @ConditionalOnClass found required class 'org.springframework.transaction.PlatformTransactionManager' (OnClassCondition)

   TransactionAutoConfiguration.EnableTransactionManagementConfiguration matched:
      - @ConditionalOnBean (types: org.springframework.transaction.TransactionManager; SearchStrategy: all) found bean 'transactionManager'; @ConditionalOnMissingBean (types: org.springframework.transaction.annotation.AbstractTransactionManagementConfiguration; SearchStrategy: all) did not find any beans (OnBeanCondition)

   TransactionAutoConfiguration.EnableTransactionManagementConfiguration.CglibAutoProxyConfiguration matched:
      - @ConditionalOnProperty (spring.aop.proxy-target-class=true) matched (OnPropertyCondition)

   TransactionAutoConfiguration.TransactionTemplateConfiguration matched:
      - @ConditionalOnSingleCandidate (types: org.springframework.transaction.PlatformTransactionManager; SearchStrategy: all) found a single bean 'transactionManager' (OnBeanCondition)

   TransactionAutoConfiguration.TransactionTemplateConfiguration#transactionTemplate matched:
      - @ConditionalOnMissingBean (types: org.springframework.transaction.support.TransactionOperations; SearchStrategy: all) did not find any beans (OnBeanCondition)

   TransactionManagerCustomizationAutoConfiguration matched:
      - @ConditionalOnClass found required class 'org.springframework.transaction.PlatformTransactionManager' (OnClassCondition)

   TransactionManagerCustomizationAutoConfiguration#platformTransactionManagerCustomizers matched:
      - @ConditionalOnMissingBean (types: org.springframework.boot.autoconfigure.transaction.TransactionManagerCustomizers; SearchStrategy: all) did not find any beans (OnBeanCondition)

   ValidationAutoConfiguration matched:
      - @ConditionalOnClass found required class 'jakarta.validation.executable.ExecutableValidator' (OnClassCondition)
      - @ConditionalOnResource found location classpath:META-INF/services/jakarta.validation.spi.ValidationProvider (OnResourceCondition)

   ValidationAutoConfiguration#defaultValidator matched:
      - @ConditionalOnMissingBean (types: jakarta.validation.Validator; SearchStrategy: all) did not find any beans (OnBeanCondition)

   ValidationAutoConfiguration#methodValidationPostProcessor matched:
      - @ConditionalOnMissingBean (types: org.springframework.validation.beanvalidation.MethodValidationPostProcessor; SearchStrategy: current) did not find any beans (OnBeanCondition)

   WebEndpointAutoConfiguration matched:
      - @ConditionalOnWebApplication (required) found 'session' scope (OnWebApplicationCondition)

   WebEndpointAutoConfiguration#controllerEndpointDiscoverer matched:
      - @ConditionalOnMissingBean (types: org.springframework.boot.actuate.endpoint.web.annotation.ControllerEndpointsSupplier; SearchStrategy: all) did not find any beans (OnBeanCondition)

   WebEndpointAutoConfiguration#endpointMediaTypes matched:
      - @ConditionalOnMissingBean (types: org.springframework.boot.actuate.endpoint.web.EndpointMediaTypes; SearchStrategy: all) did not find any beans (OnBeanCondition)

   WebEndpointAutoConfiguration#pathMappedEndpoints matched:
      - @ConditionalOnMissingBean (types: org.springframework.boot.actuate.endpoint.web.PathMappedEndpoints; SearchStrategy: all) did not find any beans (OnBeanCondition)

   WebEndpointAutoConfiguration#webEndpointDiscoverer matched:
      - @ConditionalOnMissingBean (types: org.springframework.boot.actuate.endpoint.web.WebEndpointsSupplier; SearchStrategy: all) did not find any beans (OnBeanCondition)

   WebEndpointAutoConfiguration.WebEndpointServletConfiguration matched:
      - found 'session' scope (OnWebApplicationCondition)

   WebEndpointAutoConfiguration.WebEndpointServletConfiguration#servletEndpointDiscoverer matched:
      - @ConditionalOnMissingBean (types: org.springframework.boot.actuate.endpoint.web.annotation.ServletEndpointsSupplier; SearchStrategy: all) did not find any beans (OnBeanCondition)

   WebMvcAutoConfiguration matched:
      - @ConditionalOnClass found required classes 'jakarta.servlet.Servlet', 'org.springframework.web.servlet.DispatcherServlet', 'org.springframework.web.servlet.config.annotation.WebMvcConfigurer' (OnClassCondition)
      - found 'session' scope (OnWebApplicationCondition)
      - @ConditionalOnMissingBean (types: org.springframework.web.servlet.config.annotation.WebMvcConfigurationSupport; SearchStrategy: all) did not find any beans (OnBeanCondition)

   WebMvcAutoConfiguration#formContentFilter matched:
      - @ConditionalOnProperty (spring.mvc.formcontent.filter.enabled) matched (OnPropertyCondition)
      - @ConditionalOnMissingBean (types: org.springframework.web.filter.FormContentFilter; SearchStrategy: all) did not find any beans (OnBeanCondition)

   WebMvcAutoConfiguration.EnableWebMvcConfiguration#flashMapManager matched:
      - @ConditionalOnMissingBean (names: flashMapManager; SearchStrategy: all) did not find any beans (OnBeanCondition)

   WebMvcAutoConfiguration.EnableWebMvcConfiguration#localeResolver matched:
      - @ConditionalOnMissingBean (names: localeResolver; SearchStrategy: all) did not find any beans (OnBeanCondition)

   WebMvcAutoConfiguration.EnableWebMvcConfiguration#themeResolver matched:
      - @ConditionalOnMissingBean (names: themeResolver; SearchStrategy: all) did not find any beans (OnBeanCondition)

   WebMvcAutoConfiguration.EnableWebMvcConfiguration#viewNameTranslator matched:
      - @ConditionalOnMissingBean (names: viewNameTranslator; SearchStrategy: all) did not find any beans (OnBeanCondition)

   WebMvcAutoConfiguration.ResourceChainCustomizerConfiguration matched:
      - @ConditionalOnEnabledResourceChain found class org.webjars.WebJarVersionLocator (OnEnabledResourceChainCondition)

   WebMvcAutoConfiguration.WebMvcAutoConfigurationAdapter#defaultViewResolver matched:
      - @ConditionalOnMissingBean (types: org.springframework.web.servlet.view.InternalResourceViewResolver; SearchStrategy: all) did not find any beans (OnBeanCondition)

   WebMvcAutoConfiguration.WebMvcAutoConfigurationAdapter#requestContextFilter matched:
      - @ConditionalOnMissingBean (types: org.springframework.web.context.request.RequestContextListener,org.springframework.web.filter.RequestContextFilter; SearchStrategy: all) did not find any beans (OnBeanCondition)

   WebMvcAutoConfiguration.WebMvcAutoConfigurationAdapter#viewResolver matched:
      - @ConditionalOnBean (types: org.springframework.web.servlet.ViewResolver; SearchStrategy: all) found beans 'defaultViewResolver', 'beanNameViewResolver', 'mvcViewResolver'; @ConditionalOnMissingBean (names: viewResolver types: org.springframework.web.servlet.view.ContentNegotiatingViewResolver; SearchStrategy: all) did not find any beans (OnBeanCondition)

   WebMvcEndpointManagementContextConfiguration matched:
      - @ConditionalOnClass found required class 'org.springframework.web.servlet.DispatcherServlet' (OnClassCondition)
      - found 'session' scope (OnWebApplicationCondition)
      - @ConditionalOnBean (types: org.springframework.web.servlet.DispatcherServlet,org.springframework.boot.actuate.endpoint.web.WebEndpointsSupplier; SearchStrategy: all) found beans 'webEndpointDiscoverer', 'dispatcherServlet' (OnBeanCondition)

   WebMvcEndpointManagementContextConfiguration#controllerEndpointHandlerMapping matched:
      - @ConditionalOnMissingBean (types: org.springframework.boot.actuate.endpoint.web.servlet.ControllerEndpointHandlerMapping; SearchStrategy: all) did not find any beans (OnBeanCondition)

   WebMvcEndpointManagementContextConfiguration#endpointObjectMapperWebMvcConfigurer matched:
      - @ConditionalOnBean (types: org.springframework.boot.actuate.endpoint.jackson.EndpointObjectMapper; SearchStrategy: all) found bean 'endpointObjectMapper' (OnBeanCondition)

   WebMvcEndpointManagementContextConfiguration#webEndpointServletHandlerMapping matched:
      - @ConditionalOnMissingBean (types: org.springframework.boot.actuate.endpoint.web.servlet.WebMvcEndpointHandlerMapping; SearchStrategy: all) did not find any beans (OnBeanCondition)

   WebMvcObservationAutoConfiguration matched:
      - @ConditionalOnClass found required classes 'org.springframework.web.servlet.DispatcherServlet', 'io.micrometer.observation.Observation' (OnClassCondition)
      - found 'session' scope (OnWebApplicationCondition)
      - @ConditionalOnBean (types: io.micrometer.observation.ObservationRegistry; SearchStrategy: all) found bean 'observationRegistry' (OnBeanCondition)

   WebMvcObservationAutoConfiguration#webMvcObservationFilter matched:
      - @ConditionalOnMissingBean (types: org.springframework.web.filter.ServerHttpObservationFilter; SearchStrategy: all) did not find any beans (OnBeanCondition)

   WebMvcObservationAutoConfiguration.MeterFilterConfiguration matched:
      - @ConditionalOnClass found required class 'io.micrometer.core.instrument.MeterRegistry' (OnClassCondition)
      - @ConditionalOnBean (types: io.micrometer.core.instrument.MeterRegistry; SearchStrategy: all) found bean 'simpleMeterRegistry' (OnBeanCondition)

   WebSocketMessagingAutoConfiguration matched:
      - @ConditionalOnClass found required class 'org.springframework.web.socket.config.annotation.WebSocketMessageBrokerConfigurer' (OnClassCondition)
      - found 'session' scope (OnWebApplicationCondition)

   WebSocketMessagingAutoConfiguration.WebSocketMessageConverterConfiguration matched:
      - @ConditionalOnClass found required classes 'com.fasterxml.jackson.databind.ObjectMapper', 'org.springframework.messaging.simp.config.AbstractMessageBrokerConfiguration' (OnClassCondition)
      - @ConditionalOnBean (types: org.springframework.web.socket.config.annotation.DelegatingWebSocketMessageBrokerConfiguration,com.fasterxml.jackson.databind.ObjectMapper; SearchStrategy: all) found beans 'jacksonObjectMapper', 'org.springframework.web.socket.config.annotation.DelegatingWebSocketMessageBrokerConfiguration' (OnBeanCondition)

   WebSocketServletAutoConfiguration matched:
      - @ConditionalOnClass found required classes 'jakarta.servlet.Servlet', 'jakarta.websocket.server.ServerContainer' (OnClassCondition)
      - found 'session' scope (OnWebApplicationCondition)

   WebSocketServletAutoConfiguration.TomcatWebSocketConfiguration matched:
      - @ConditionalOnClass found required classes 'org.apache.catalina.startup.Tomcat', 'org.apache.tomcat.websocket.server.WsSci' (OnClassCondition)

   WebSocketServletAutoConfiguration.TomcatWebSocketConfiguration#websocketServletWebServerCustomizer matched:
      - @ConditionalOnMissingBean (names: websocketServletWebServerCustomizer; SearchStrategy: all) did not find any beans (OnBeanCondition)


Negative matches:
-----------------

   ActiveMQAutoConfiguration:
      Did not match:
         - @ConditionalOnClass did not find required class 'jakarta.jms.ConnectionFactory' (OnClassCondition)

   AopAutoConfiguration.AspectJAutoProxyingConfiguration.JdkDynamicAutoProxyConfiguration:
      Did not match:
         - @ConditionalOnProperty (spring.aop.proxy-target-class=false) did not find property 'proxy-target-class' (OnPropertyCondition)

   AopAutoConfiguration.ClassProxyingConfiguration:
      Did not match:
         - @ConditionalOnMissingClass found unwanted class 'org.aspectj.weaver.Advice' (OnClassCondition)

   AppOpticsMetricsExportAutoConfiguration:
      Did not match:
         - @ConditionalOnClass did not find required class 'io.micrometer.appoptics.AppOpticsMeterRegistry' (OnClassCondition)

   ArtemisAutoConfiguration:
      Did not match:
         - @ConditionalOnClass did not find required class 'jakarta.jms.ConnectionFactory' (OnClassCondition)

   AtlasMetricsExportAutoConfiguration:
      Did not match:
         - @ConditionalOnClass did not find required class 'io.micrometer.atlas.AtlasMeterRegistry' (OnClassCondition)

   AuditAutoConfiguration:
      Did not match:
         - @ConditionalOnBean (types: org.springframework.boot.actuate.audit.AuditEventRepository; SearchStrategy: all) did not find any beans of type org.springframework.boot.actuate.audit.AuditEventRepository (OnBeanCondition)
      Matched:
         - @ConditionalOnProperty (management.auditevents.enabled) matched (OnPropertyCondition)

   AuditEventsEndpointAutoConfiguration:
      Did not match:
         - @ConditionalOnAvailableEndpoint not exposed (OnAvailableEndpointCondition)

   AvailabilityHealthContributorAutoConfiguration#livenessStateHealthIndicator:
      Did not match:
         - @ConditionalOnProperty (management.health.livenessstate.enabled=true) did not find property 'enabled' (OnPropertyCondition)

   AvailabilityHealthContributorAutoConfiguration#readinessStateHealthIndicator:
      Did not match:
         - @ConditionalOnProperty (management.health.readinessstate.enabled=true) did not find property 'enabled' (OnPropertyCondition)

   AvailabilityProbesAutoConfiguration:
      Did not match:
         - Probes availability not running on a supported cloud platform (AvailabilityProbesAutoConfiguration.ProbesCondition)

   BatchAutoConfiguration:
      Did not match:
         - @ConditionalOnClass did not find required class 'org.springframework.batch.core.launch.JobLauncher' (OnClassCondition)

   BatchObservationAutoConfiguration:
      Did not match:
         - @ConditionalOnClass did not find required class 'org.springframework.batch.core.configuration.annotation.BatchObservabilityBeanPostProcessor' (OnClassCondition)

   BeansEndpointAutoConfiguration:
      Did not match:
         - @ConditionalOnAvailableEndpoint not exposed (OnAvailableEndpointCondition)

   BraveAutoConfiguration:
      Did not match:
         - @ConditionalOnClass did not find required class 'brave.Tracer' (OnClassCondition)

   Cache2kCacheConfiguration:
      Did not match:
         - @ConditionalOnClass did not find required class 'org.cache2k.Cache2kBuilder' (OnClassCondition)

   CacheAutoConfiguration:
      Did not match:
         - @ConditionalOnBean (types: org.springframework.cache.interceptor.CacheAspectSupport; SearchStrategy: all) did not find any beans of type org.springframework.cache.interceptor.CacheAspectSupport (OnBeanCondition)
      Matched:
         - @ConditionalOnClass found required class 'org.springframework.cache.CacheManager' (OnClassCondition)

   CacheAutoConfiguration.CacheManagerEntityManagerFactoryDependsOnPostProcessor:
      Did not match:
         - Ancestor org.springframework.boot.autoconfigure.cache.CacheAutoConfiguration did not match (ConditionEvaluationReport.AncestorsMatchedCondition)
      Matched:
         - @ConditionalOnClass found required class 'org.springframework.orm.jpa.LocalContainerEntityManagerFactoryBean' (OnClassCondition)

   CacheMeterBinderProvidersConfiguration.Cache2kCacheMeterBinderProviderConfiguration:
      Did not match:
         - @ConditionalOnClass did not find required classes 'org.cache2k.Cache2kBuilder', 'org.cache2k.extra.spring.SpringCache2kCache', 'org.cache2k.extra.micrometer.Cache2kCacheMetrics' (OnClassCondition)

   CacheMeterBinderProvidersConfiguration.CaffeineCacheMeterBinderProviderConfiguration:
      Did not match:
         - @ConditionalOnClass did not find required class 'com.github.benmanes.caffeine.cache.Cache' (OnClassCondition)

   CacheMeterBinderProvidersConfiguration.HazelcastCacheMeterBinderProviderConfiguration:
      Did not match:
         - @ConditionalOnClass did not find required classes 'com.hazelcast.spring.cache.HazelcastCache', 'com.hazelcast.core.Hazelcast' (OnClassCondition)

   CacheMeterBinderProvidersConfiguration.JCacheCacheMeterBinderProviderConfiguration:
      Did not match:
         - @ConditionalOnClass did not find required class 'javax.cache.CacheManager' (OnClassCondition)

   CacheMeterBinderProvidersConfiguration.RedisCacheMeterBinderProviderConfiguration:
      Did not match:
         - @ConditionalOnClass did not find required class 'org.springframework.data.redis.cache.RedisCache' (OnClassCondition)

   CacheMetricsAutoConfiguration:
      Did not match:
         - @ConditionalOnBean (types: org.springframework.cache.CacheManager; SearchStrategy: all) did not find any beans of type org.springframework.cache.CacheManager (OnBeanCondition)

   CachesEndpointAutoConfiguration:
      Did not match:
         - @ConditionalOnAvailableEndpoint not exposed (OnAvailableEndpointCondition)
      Matched:
         - @ConditionalOnClass found required class 'org.springframework.cache.CacheManager' (OnClassCondition)

   CaffeineCacheConfiguration:
      Did not match:
         - @ConditionalOnClass did not find required class 'com.github.benmanes.caffeine.cache.Caffeine' (OnClassCondition)

   CassandraAutoConfiguration:
      Did not match:
         - @ConditionalOnClass did not find required class 'com.datastax.oss.driver.api.core.CqlSession' (OnClassCondition)

   CassandraDataAutoConfiguration:
      Did not match:
         - @ConditionalOnClass did not find required class 'com.datastax.oss.driver.api.core.CqlSession' (OnClassCondition)

   CassandraHealthContributorAutoConfiguration:
      Did not match:
         - @ConditionalOnClass did not find required class 'com.datastax.oss.driver.api.core.CqlSession' (OnClassCondition)

   CassandraReactiveDataAutoConfiguration:
      Did not match:
         - @ConditionalOnClass did not find required class 'com.datastax.oss.driver.api.core.CqlSession' (OnClassCondition)

   CassandraReactiveHealthContributorAutoConfiguration:
      Did not match:
         - @ConditionalOnClass did not find required class 'com.datastax.oss.driver.api.core.CqlSession' (OnClassCondition)

   CassandraReactiveRepositoriesAutoConfiguration:
      Did not match:
         - @ConditionalOnClass did not find required class 'org.springframework.data.cassandra.ReactiveSession' (OnClassCondition)

   CassandraRepositoriesAutoConfiguration:
      Did not match:
         - @ConditionalOnClass did not find required class 'com.datastax.oss.driver.api.core.CqlSession' (OnClassCondition)

   ClientHttpConnectorAutoConfiguration:
      Did not match:
         - @ConditionalOnClass did not find required class 'org.springframework.web.reactive.function.client.WebClient' (OnClassCondition)

   CloudFoundryActuatorAutoConfiguration:
      Did not match:
         - @ConditionalOnCloudPlatform did not find CLOUD_FOUNDRY (OnCloudPlatformCondition)
      Matched:
         - @ConditionalOnClass found required class 'org.springframework.web.servlet.DispatcherServlet' (OnClassCondition)
         - found 'session' scope (OnWebApplicationCondition)
         - @ConditionalOnProperty (management.cloudfoundry.enabled) matched (OnPropertyCondition)

   CodecsAutoConfiguration:
      Did not match:
         - @ConditionalOnClass did not find required class 'org.springframework.web.reactive.function.client.WebClient' (OnClassCondition)

   CompositeMeterRegistryConfiguration:
      Did not match:
         - NoneNestedConditions 1 matched 1 did not; NestedCondition on CompositeMeterRegistryConfiguration.MultipleNonPrimaryMeterRegistriesCondition.SingleInjectableMeterRegistry @ConditionalOnSingleCandidate (types: io.micrometer.core.instrument.MeterRegistry; SearchStrategy: all) found a single bean 'simpleMeterRegistry'; NestedCondition on CompositeMeterRegistryConfiguration.MultipleNonPrimaryMeterRegistriesCondition.NoMeterRegistryCondition @ConditionalOnMissingBean (types: io.micrometer.core.instrument.MeterRegistry; SearchStrategy: all) found beans of type 'io.micrometer.core.instrument.MeterRegistry' simpleMeterRegistry (CompositeMeterRegistryConfiguration.MultipleNonPrimaryMeterRegistriesCondition)

   ConditionsReportEndpointAutoConfiguration:
      Did not match:
         - @ConditionalOnAvailableEndpoint not exposed (OnAvailableEndpointCondition)

   ConfigurationPropertiesReportEndpointAutoConfiguration:
      Did not match:
         - @ConditionalOnAvailableEndpoint not exposed (OnAvailableEndpointCondition)

   ConnectionFactoryHealthContributorAutoConfiguration:
      Did not match:
         - @ConditionalOnClass did not find required class 'io.r2dbc.spi.ConnectionFactory' (OnClassCondition)

   ConnectionPoolMetricsAutoConfiguration:
      Did not match:
         - @ConditionalOnClass did not find required class 'io.r2dbc.pool.ConnectionPool' (OnClassCondition)

   CouchbaseAutoConfiguration:
      Did not match:
         - @ConditionalOnClass did not find required class 'com.couchbase.client.java.Cluster' (OnClassCondition)

   CouchbaseCacheConfiguration:
      Did not match:
         - @ConditionalOnClass did not find required class 'com.couchbase.client.java.Cluster' (OnClassCondition)

   CouchbaseDataAutoConfiguration:
      Did not match:
         - @ConditionalOnClass did not find required class 'com.couchbase.client.java.Bucket' (OnClassCondition)

   CouchbaseHealthContributorAutoConfiguration:
      Did not match:
         - @ConditionalOnClass did not find required class 'com.couchbase.client.java.Cluster' (OnClassCondition)

   CouchbaseReactiveDataAutoConfiguration:
      Did not match:
         - @ConditionalOnClass did not find required class 'com.couchbase.client.java.Cluster' (OnClassCondition)

   CouchbaseReactiveHealthContributorAutoConfiguration:
      Did not match:
         - @ConditionalOnClass did not find required class 'com.couchbase.client.java.Cluster' (OnClassCondition)

   CouchbaseReactiveRepositoriesAutoConfiguration:
      Did not match:
         - @ConditionalOnClass did not find required class 'com.couchbase.client.java.Cluster' (OnClassCondition)

   CouchbaseRepositoriesAutoConfiguration:
      Did not match:
         - @ConditionalOnClass did not find required class 'com.couchbase.client.java.Bucket' (OnClassCondition)

   DataSourceAutoConfiguration.EmbeddedDatabaseConfiguration:
      Did not match:
         - EmbeddedDataSource spring.datasource.url is set (DataSourceAutoConfiguration.EmbeddedDatabaseCondition)

   DataSourceCheckpointRestoreConfiguration:
      Did not match:
         - @ConditionalOnClass did not find required class 'org.crac.Resource' (OnClassCondition)

   DataSourceConfiguration.Dbcp2:
      Did not match:
         - @ConditionalOnClass did not find required class 'org.apache.commons.dbcp2.BasicDataSource' (OnClassCondition)

   DataSourceConfiguration.Generic:
      Did not match:
         - @ConditionalOnProperty (spring.datasource.type) did not find property 'spring.datasource.type' (OnPropertyCondition)

   DataSourceConfiguration.OracleUcp:
      Did not match:
         - @ConditionalOnClass did not find required classes 'oracle.ucp.jdbc.PoolDataSourceImpl', 'oracle.jdbc.OracleConnection' (OnClassCondition)

   DataSourceConfiguration.Tomcat:
      Did not match:
         - @ConditionalOnClass did not find required class 'org.apache.tomcat.jdbc.pool.DataSource' (OnClassCondition)

   DataSourceJmxConfiguration.TomcatDataSourceJmxConfiguration:
      Did not match:
         - @ConditionalOnClass did not find required class 'org.apache.tomcat.jdbc.pool.DataSourceProxy' (OnClassCondition)

   DataSourcePoolMetadataProvidersConfiguration.CommonsDbcp2PoolDataSourceMetadataProviderConfiguration:
      Did not match:
         - @ConditionalOnClass did not find required class 'org.apache.commons.dbcp2.BasicDataSource' (OnClassCondition)

   DataSourcePoolMetadataProvidersConfiguration.OracleUcpPoolDataSourceMetadataProviderConfiguration:
      Did not match:
         - @ConditionalOnClass did not find required classes 'oracle.ucp.jdbc.PoolDataSource', 'oracle.jdbc.OracleConnection' (OnClassCondition)

   DataSourcePoolMetadataProvidersConfiguration.TomcatDataSourcePoolMetadataProviderConfiguration:
      Did not match:
         - @ConditionalOnClass did not find required class 'org.apache.tomcat.jdbc.pool.DataSource' (OnClassCondition)

   DataSourceTransactionManagerAutoConfiguration.JdbcTransactionManagerConfiguration#transactionManager:
      Did not match:
         - @ConditionalOnMissingBean (types: org.springframework.transaction.TransactionManager; SearchStrategy: all) found beans of type 'org.springframework.transaction.TransactionManager' transactionManager (OnBeanCondition)

   DatadogMetricsExportAutoConfiguration:
      Did not match:
         - @ConditionalOnClass did not find required class 'io.micrometer.datadog.DatadogMeterRegistry' (OnClassCondition)

   DispatcherServletAutoConfiguration.DispatcherServletConfiguration#multipartResolver:
      Did not match:
         - @ConditionalOnBean (types: org.springframework.web.multipart.MultipartResolver; SearchStrategy: all) did not find any beans of type org.springframework.web.multipart.MultipartResolver (OnBeanCondition)

   DynatraceMetricsExportAutoConfiguration:
      Did not match:
         - @ConditionalOnClass did not find required class 'io.micrometer.dynatrace.DynatraceMeterRegistry' (OnClassCondition)

   ElasticMetricsExportAutoConfiguration:
      Did not match:
         - @ConditionalOnClass did not find required class 'io.micrometer.elastic.ElasticMeterRegistry' (OnClassCondition)

   ElasticsearchClientAutoConfiguration:
      Did not match:
         - @ConditionalOnClass did not find required class 'co.elastic.clients.elasticsearch.ElasticsearchClient' (OnClassCondition)

   ElasticsearchDataAutoConfiguration:
      Did not match:
         - @ConditionalOnClass did not find required class 'org.springframework.data.elasticsearch.client.elc.ElasticsearchTemplate' (OnClassCondition)

   ElasticsearchReactiveHealthContributorAutoConfiguration:
      Did not match:
         - @ConditionalOnClass did not find required class 'reactor.core.publisher.Flux' (OnClassCondition)

   ElasticsearchRepositoriesAutoConfiguration:
      Did not match:
         - @ConditionalOnClass did not find required class 'org.springframework.data.elasticsearch.repository.ElasticsearchRepository' (OnClassCondition)

   ElasticsearchRestClientAutoConfiguration:
      Did not match:
         - @ConditionalOnClass did not find required class 'org.elasticsearch.client.RestClientBuilder' (OnClassCondition)

   ElasticsearchRestHealthContributorAutoConfiguration:
      Did not match:
         - @ConditionalOnClass did not find required class 'org.elasticsearch.client.RestClient' (OnClassCondition)

   EmbeddedLdapAutoConfiguration:
      Did not match:
         - @ConditionalOnClass did not find required class 'com.unboundid.ldap.listener.InMemoryDirectoryServer' (OnClassCondition)

   EmbeddedWebServerFactoryCustomizerAutoConfiguration.JettyWebServerFactoryCustomizerConfiguration:
      Did not match:
         - @ConditionalOnClass did not find required classes 'org.eclipse.jetty.server.Server', 'org.eclipse.jetty.util.Loader', 'org.eclipse.jetty.ee10.webapp.WebAppContext' (OnClassCondition)

   EmbeddedWebServerFactoryCustomizerAutoConfiguration.NettyWebServerFactoryCustomizerConfiguration:
      Did not match:
         - @ConditionalOnClass did not find required class 'reactor.netty.http.server.HttpServer' (OnClassCondition)

   EmbeddedWebServerFactoryCustomizerAutoConfiguration.TomcatWebServerFactoryCustomizerConfiguration#tomcatVirtualThreadsProtocolHandlerCustomizer:
      Did not match:
         - @ConditionalOnThreading did not find VIRTUAL (OnThreadingCondition)

   EmbeddedWebServerFactoryCustomizerAutoConfiguration.UndertowWebServerFactoryCustomizerConfiguration:
      Did not match:
         - @ConditionalOnClass did not find required classes 'io.undertow.Undertow', 'org.xnio.SslClientAuthMode' (OnClassCondition)

   EnvironmentEndpointAutoConfiguration:
      Did not match:
         - @ConditionalOnAvailableEndpoint not exposed (OnAvailableEndpointCondition)

   ErrorWebFluxAutoConfiguration:
      Did not match:
         - @ConditionalOnClass did not find required class 'org.springframework.web.reactive.config.WebFluxConfigurer' (OnClassCondition)

   FlywayAutoConfiguration:
      Did not match:
         - @ConditionalOnClass did not find required class 'org.flywaydb.core.Flyway' (OnClassCondition)

   FlywayEndpointAutoConfiguration:
      Did not match:
         - @ConditionalOnClass did not find required class 'org.flywaydb.core.Flyway' (OnClassCondition)

   FreeMarkerAutoConfiguration:
      Did not match:
         - @ConditionalOnClass did not find required class 'freemarker.template.Configuration' (OnClassCondition)

   GangliaMetricsExportAutoConfiguration:
      Did not match:
         - @ConditionalOnClass did not find required class 'io.micrometer.ganglia.GangliaMeterRegistry' (OnClassCondition)

   GraphQlAutoConfiguration:
      Did not match:
         - @ConditionalOnClass did not find required class 'graphql.GraphQL' (OnClassCondition)

   GraphQlObservationAutoConfiguration:
      Did not match:
         - @ConditionalOnClass did not find required class 'graphql.GraphQL' (OnClassCondition)

   GraphQlQueryByExampleAutoConfiguration:
      Did not match:
         - @ConditionalOnClass did not find required class 'graphql.GraphQL' (OnClassCondition)

   GraphQlQuerydslAutoConfiguration:
      Did not match:
         - @ConditionalOnClass did not find required class 'com.querydsl.core.Query' (OnClassCondition)

   GraphQlRSocketAutoConfiguration:
      Did not match:
         - @ConditionalOnClass did not find required class 'graphql.GraphQL' (OnClassCondition)

   GraphQlReactiveQueryByExampleAutoConfiguration:
      Did not match:
         - @ConditionalOnClass did not find required class 'graphql.GraphQL' (OnClassCondition)

   GraphQlReactiveQuerydslAutoConfiguration:
      Did not match:
         - @ConditionalOnClass did not find required class 'com.querydsl.core.Query' (OnClassCondition)

   GraphQlWebFluxAutoConfiguration:
      Did not match:
         - @ConditionalOnClass did not find required class 'graphql.GraphQL' (OnClassCondition)

   GraphQlWebFluxSecurityAutoConfiguration:
      Did not match:
         - @ConditionalOnClass did not find required class 'graphql.GraphQL' (OnClassCondition)

   GraphQlWebMvcAutoConfiguration:
      Did not match:
         - @ConditionalOnClass did not find required class 'graphql.GraphQL' (OnClassCondition)

   GraphQlWebMvcSecurityAutoConfiguration:
      Did not match:
         - @ConditionalOnClass did not find required class 'graphql.GraphQL' (OnClassCondition)

   GraphiteMetricsExportAutoConfiguration:
      Did not match:
         - @ConditionalOnClass did not find required class 'io.micrometer.graphite.GraphiteMeterRegistry' (OnClassCondition)

   GroovyTemplateAutoConfiguration:
      Did not match:
         - @ConditionalOnClass did not find required class 'groovy.text.markup.MarkupTemplateEngine' (OnClassCondition)

   GsonAutoConfiguration:
      Did not match:
         - @ConditionalOnClass did not find required class 'com.google.gson.Gson' (OnClassCondition)

   GsonHttpMessageConvertersConfiguration:
      Did not match:
         - @ConditionalOnClass did not find required class 'com.google.gson.Gson' (OnClassCondition)

   HazelcastAutoConfiguration:
      Did not match:
         - @ConditionalOnClass did not find required class 'com.hazelcast.core.HazelcastInstance' (OnClassCondition)

   HazelcastCacheConfiguration:
      Did not match:
         - @ConditionalOnClass did not find required class 'com.hazelcast.core.HazelcastInstance' (OnClassCondition)

   HazelcastHealthContributorAutoConfiguration:
      Did not match:
         - @ConditionalOnClass did not find required class 'com.hazelcast.core.HazelcastInstance' (OnClassCondition)

   HazelcastJpaDependencyAutoConfiguration:
      Did not match:
         - @ConditionalOnClass did not find required class 'com.hazelcast.core.HazelcastInstance' (OnClassCondition)

   HealthEndpointReactiveWebExtensionConfiguration:
      Did not match:
         - did not find reactive web application classes (OnWebApplicationCondition)

   HealthEndpointWebExtensionConfiguration.JerseyAdditionalHealthEndpointPathsConfiguration:
      Did not match:
         - @ConditionalOnClass did not find required class 'org.glassfish.jersey.server.ResourceConfig' (OnClassCondition)

   HeapDumpWebEndpointAutoConfiguration:
      Did not match:
         - @ConditionalOnAvailableEndpoint not exposed (OnAvailableEndpointCondition)

   HibernateMetricsAutoConfiguration:
      Did not match:
         - @ConditionalOnClass did not find required class 'org.hibernate.stat.HibernateMetrics' (OnClassCondition)

   HttpExchangesAutoConfiguration:
      Did not match:
         - @ConditionalOnBean (types: org.springframework.boot.actuate.web.exchanges.HttpExchangeRepository; SearchStrategy: all) did not find any beans of type org.springframework.boot.actuate.web.exchanges.HttpExchangeRepository (OnBeanCondition)
      Matched:
         - @ConditionalOnWebApplication (required) found 'session' scope (OnWebApplicationCondition)
         - @ConditionalOnProperty (management.httpexchanges.recording.enabled) matched (OnPropertyCondition)

   HttpExchangesAutoConfiguration.ReactiveHttpExchangesConfiguration:
      Did not match:
         - did not find reactive web application classes (OnWebApplicationCondition)
         - Ancestor org.springframework.boot.actuate.autoconfigure.web.exchanges.HttpExchangesAutoConfiguration did not match (ConditionEvaluationReport.AncestorsMatchedCondition)

   HttpExchangesAutoConfiguration.ServletHttpExchangesConfiguration:
      Did not match:
         - Ancestor org.springframework.boot.actuate.autoconfigure.web.exchanges.HttpExchangesAutoConfiguration did not match (ConditionEvaluationReport.AncestorsMatchedCondition)
      Matched:
         - found 'session' scope (OnWebApplicationCondition)

   HttpExchangesEndpointAutoConfiguration:
      Did not match:
         - @ConditionalOnAvailableEndpoint not exposed (OnAvailableEndpointCondition)

   HttpHandlerAutoConfiguration:
      Did not match:
         - @ConditionalOnClass did not find required class 'org.springframework.web.reactive.DispatcherHandler' (OnClassCondition)

   HumioMetricsExportAutoConfiguration:
      Did not match:
         - @ConditionalOnClass did not find required class 'io.micrometer.humio.HumioMeterRegistry' (OnClassCondition)

   HypermediaAutoConfiguration:
      Did not match:
         - @ConditionalOnClass did not find required class 'org.springframework.hateoas.EntityModel' (OnClassCondition)

   InfinispanCacheConfiguration:
      Did not match:
         - @ConditionalOnClass did not find required class 'org.infinispan.spring.embedded.provider.SpringEmbeddedCacheManager' (OnClassCondition)

   InfluxMetricsExportAutoConfiguration:
      Did not match:
         - @ConditionalOnClass did not find required class 'io.micrometer.influx.InfluxMeterRegistry' (OnClassCondition)

   InfoContributorAutoConfiguration#buildInfoContributor:
      Did not match:
         - @ConditionalOnSingleCandidate (types: org.springframework.boot.info.BuildProperties; SearchStrategy: all) did not find any beans (OnBeanCondition)
      Matched:
         - @ConditionalOnEnabledInfoContributor management.info.defaults.enabled is considered true (OnEnabledInfoContributorCondition)

   InfoContributorAutoConfiguration#envInfoContributor:
      Did not match:
         - @ConditionalOnEnabledInfoContributor management.info.env.enabled is not true (OnEnabledInfoContributorCondition)

   InfoContributorAutoConfiguration#gitInfoContributor:
      Did not match:
         - @ConditionalOnSingleCandidate (types: org.springframework.boot.info.GitProperties; SearchStrategy: all) did not find any beans (OnBeanCondition)
      Matched:
         - @ConditionalOnEnabledInfoContributor management.info.defaults.enabled is considered true (OnEnabledInfoContributorCondition)

   InfoContributorAutoConfiguration#javaInfoContributor:
      Did not match:
         - @ConditionalOnEnabledInfoContributor management.info.java.enabled is not true (OnEnabledInfoContributorCondition)

   InfoContributorAutoConfiguration#osInfoContributor:
      Did not match:
         - @ConditionalOnEnabledInfoContributor management.info.os.enabled is not true (OnEnabledInfoContributorCondition)

   InfoContributorAutoConfiguration#processInfoContributor:
      Did not match:
         - @ConditionalOnEnabledInfoContributor management.info.process.enabled is not true (OnEnabledInfoContributorCondition)

   InfoContributorAutoConfiguration#sslInfo:
      Did not match:
         - @ConditionalOnEnabledInfoContributor management.info.ssl.enabled is not true (OnEnabledInfoContributorCondition)
      Matched:
         - @ConditionalOnMissingBean (types: org.springframework.boot.info.SslInfo; SearchStrategy: all) did not find any beans (OnBeanCondition)

   InfoContributorAutoConfiguration#sslInfoContributor:
      Did not match:
         - @ConditionalOnEnabledInfoContributor management.info.ssl.enabled is not true (OnEnabledInfoContributorCondition)

   IntegrationAutoConfiguration:
      Did not match:
         - @ConditionalOnClass did not find required class 'org.springframework.integration.config.EnableIntegration' (OnClassCondition)

   IntegrationGraphEndpointAutoConfiguration:
      Did not match:
         - @ConditionalOnClass did not find required class 'org.springframework.integration.graph.IntegrationGraphServer' (OnClassCondition)

   JCacheCacheConfiguration:
      Did not match:
         - @ConditionalOnClass did not find required class 'javax.cache.Caching' (OnClassCondition)

   JacksonHttpMessageConvertersConfiguration.MappingJackson2XmlHttpMessageConverterConfiguration:
      Did not match:
         - @ConditionalOnClass did not find required class 'com.fasterxml.jackson.dataformat.xml.XmlMapper' (OnClassCondition)

   JdbcRepositoriesAutoConfiguration:
      Did not match:
         - @ConditionalOnClass did not find required class 'org.springframework.data.jdbc.repository.config.AbstractJdbcConfiguration' (OnClassCondition)

   JerseyAutoConfiguration:
      Did not match:
         - @ConditionalOnClass did not find required class 'org.glassfish.jersey.server.spring.SpringComponentProvider' (OnClassCondition)

   JerseySameManagementContextConfiguration:
      Did not match:
         - @ConditionalOnClass did not find required class 'org.glassfish.jersey.server.ResourceConfig' (OnClassCondition)

   JerseyServerMetricsAutoConfiguration:
      Did not match:
         - @ConditionalOnClass did not find required class 'org.glassfish.jersey.micrometer.server.ObservationApplicationEventListener' (OnClassCondition)

   JerseyWebEndpointManagementContextConfiguration:
      Did not match:
         - @ConditionalOnClass did not find required class 'org.glassfish.jersey.server.ResourceConfig' (OnClassCondition)

   JettyMetricsAutoConfiguration:
      Did not match:
         - @ConditionalOnClass did not find required class 'org.eclipse.jetty.server.Server' (OnClassCondition)

   JmsAutoConfiguration:
      Did not match:
         - @ConditionalOnClass did not find required class 'jakarta.jms.Message' (OnClassCondition)

   JmsHealthContributorAutoConfiguration:
      Did not match:
         - @ConditionalOnClass did not find required class 'jakarta.jms.ConnectionFactory' (OnClassCondition)

   JmxAutoConfiguration:
      Did not match:
         - @ConditionalOnProperty (spring.jmx.enabled=true) did not find property 'enabled' (OnPropertyCondition)
      Matched:
         - @ConditionalOnClass found required class 'org.springframework.jmx.export.MBeanExporter' (OnClassCondition)

   JmxEndpointAutoConfiguration:
      Did not match:
         - @ConditionalOnProperty (spring.jmx.enabled=true) did not find property 'enabled' (OnPropertyCondition)

   JmxMetricsExportAutoConfiguration:
      Did not match:
         - @ConditionalOnClass did not find required class 'io.micrometer.jmx.JmxMeterRegistry' (OnClassCondition)

   JndiConnectionFactoryAutoConfiguration:
      Did not match:
         - @ConditionalOnClass did not find required class 'org.springframework.jms.core.JmsTemplate' (OnClassCondition)

   JndiDataSourceAutoConfiguration:
      Did not match:
         - @ConditionalOnProperty (spring.datasource.jndi-name) did not find property 'jndi-name' (OnPropertyCondition)
      Matched:
         - @ConditionalOnClass found required classes 'javax.sql.DataSource', 'org.springframework.jdbc.datasource.embedded.EmbeddedDatabaseType' (OnClassCondition)

   JndiJtaConfiguration:
      Did not match:
         - @ConditionalOnJndi JNDI environment is not available (OnJndiCondition)
      Matched:
         - @ConditionalOnClass found required class 'org.springframework.transaction.jta.JtaTransactionManager' (OnClassCondition)

   JooqAutoConfiguration:
      Did not match:
         - @ConditionalOnClass did not find required class 'org.jooq.DSLContext' (OnClassCondition)

   JpaBaseConfiguration.JpaWebConfiguration:
      Did not match:
         - @ConditionalOnProperty (spring.jpa.open-in-view=true) found different value in property 'open-in-view' (OnPropertyCondition)
      Matched:
         - @ConditionalOnClass found required class 'org.springframework.web.servlet.config.annotation.WebMvcConfigurer' (OnClassCondition)
         - found 'session' scope (OnWebApplicationCondition)

   JpaRepositoriesAutoConfiguration#entityManagerFactoryBootstrapExecutorCustomizer:
      Did not match:
         - AnyNestedCondition 0 matched 2 did not; NestedCondition on JpaRepositoriesAutoConfiguration.BootstrapExecutorCondition.LazyBootstrapMode @ConditionalOnProperty (spring.data.jpa.repositories.bootstrap-mode=lazy) did not find property 'bootstrap-mode'; NestedCondition on JpaRepositoriesAutoConfiguration.BootstrapExecutorCondition.DeferredBootstrapMode @ConditionalOnProperty (spring.data.jpa.repositories.bootstrap-mode=deferred) did not find property 'bootstrap-mode' (JpaRepositoriesAutoConfiguration.BootstrapExecutorCondition)

   JsonbAutoConfiguration:
      Did not match:
         - @ConditionalOnClass did not find required class 'jakarta.json.bind.Jsonb' (OnClassCondition)

   JsonbHttpMessageConvertersConfiguration:
      Did not match:
         - @ConditionalOnClass did not find required class 'jakarta.json.bind.Jsonb' (OnClassCondition)

   KafkaAutoConfiguration:
      Did not match:
         - @ConditionalOnClass did not find required class 'org.springframework.kafka.core.KafkaTemplate' (OnClassCondition)

   KafkaMetricsAutoConfiguration:
      Did not match:
         - @ConditionalOnClass did not find required class 'org.springframework.kafka.core.ProducerFactory' (OnClassCondition)

   KairosMetricsExportAutoConfiguration:
      Did not match:
         - @ConditionalOnClass did not find required class 'io.micrometer.kairos.KairosMeterRegistry' (OnClassCondition)

   LdapAutoConfiguration:
      Did not match:
         - @ConditionalOnClass did not find required class 'org.springframework.ldap.core.ContextSource' (OnClassCondition)

   LdapHealthContributorAutoConfiguration:
      Did not match:
         - @ConditionalOnClass did not find required class 'org.springframework.ldap.core.LdapOperations' (OnClassCondition)

   LdapRepositoriesAutoConfiguration:
      Did not match:
         - @ConditionalOnClass did not find required class 'org.springframework.data.ldap.repository.LdapRepository' (OnClassCondition)

   LettuceMetricsAutoConfiguration:
      Did not match:
         - @ConditionalOnClass did not find required class 'io.lettuce.core.metrics.MicrometerCommandLatencyRecorder' (OnClassCondition)

   LiquibaseAutoConfiguration:
      Did not match:
         - @ConditionalOnClass did not find required class 'liquibase.change.DatabaseChange' (OnClassCondition)

   LiquibaseEndpointAutoConfiguration:
      Did not match:
         - @ConditionalOnClass did not find required class 'liquibase.integration.spring.SpringLiquibase' (OnClassCondition)

   Log4J2MetricsAutoConfiguration:
      Did not match:
         - @ConditionalOnClass did not find required class 'org.apache.logging.log4j.core.LoggerContext' (OnClassCondition)

   LogFileWebEndpointAutoConfiguration:
      Did not match:
         - @ConditionalOnAvailableEndpoint not exposed (OnAvailableEndpointCondition)

   LoggersEndpointAutoConfiguration:
      Did not match:
         - @ConditionalOnAvailableEndpoint not exposed (OnAvailableEndpointCondition)

   MailHealthContributorAutoConfiguration:
      Did not match:
         - @ConditionalOnEnabledHealthIndicator management.health.mail.enabled is false (OnEnabledHealthIndicatorCondition)
      Matched:
         - @ConditionalOnClass found required class 'org.springframework.mail.javamail.JavaMailSenderImpl' (OnClassCondition)

   MailSenderJndiConfiguration:
      Did not match:
         - @ConditionalOnProperty (spring.mail.jndi-name) did not find property 'jndi-name' (OnPropertyCondition)
      Matched:
         - @ConditionalOnClass found required class 'jakarta.mail.Session' (OnClassCondition)

   MailSenderValidatorAutoConfiguration:
      Did not match:
         - @ConditionalOnProperty (spring.mail.test-connection) did not find property 'test-connection' (OnPropertyCondition)

   ManagementContextAutoConfiguration.DifferentManagementContextConfiguration:
      Did not match:
         - Management Port actual port type (SAME) did not match required type (DIFFERENT) (OnManagementPortCondition)

   ManagementWebSecurityAutoConfiguration:
      Did not match:
         - AllNestedConditions 1 matched 1 did not; NestedCondition on DefaultWebSecurityCondition.Beans @ConditionalOnMissingBean (types: org.springframework.security.web.SecurityFilterChain; SearchStrategy: all) found beans of type 'org.springframework.security.web.SecurityFilterChain' securityFilterChain; NestedCondition on DefaultWebSecurityCondition.Classes @ConditionalOnClass found required classes 'org.springframework.security.web.SecurityFilterChain', 'org.springframework.security.config.annotation.web.builders.HttpSecurity' (DefaultWebSecurityCondition)
      Matched:
         - found 'session' scope (OnWebApplicationCondition)

   MappingsEndpointAutoConfiguration:
      Did not match:
         - @ConditionalOnAvailableEndpoint not exposed (OnAvailableEndpointCondition)

   MessageSourceAutoConfiguration:
      Did not match:
         - ResourceBundle did not find bundle with basename messages (MessageSourceAutoConfiguration.ResourceBundleCondition)

   MetricsAspectsAutoConfiguration:
      Did not match:
         - AnyNestedCondition 0 matched 2 did not; NestedCondition on MetricsAspectsAutoConfiguration.ObservationAnnotationsEnabledCondition.ManagementObservationsEnabledCondition @ConditionalOnProperty (management.observations.annotations.enabled=true) did not find property 'enabled'; NestedCondition on MetricsAspectsAutoConfiguration.ObservationAnnotationsEnabledCondition.MicrometerObservationsEnabledCondition @ConditionalOnProperty (micrometer.observations.annotations.enabled=true) did not find property 'enabled' (MetricsAspectsAutoConfiguration.ObservationAnnotationsEnabledCondition)
      Matched:
         - @ConditionalOnClass found required classes 'io.micrometer.core.instrument.MeterRegistry', 'org.aspectj.weaver.Advice' (OnClassCondition)

   MetricsEndpointAutoConfiguration:
      Did not match:
         - @ConditionalOnAvailableEndpoint not exposed (OnAvailableEndpointCondition)
      Matched:
         - @ConditionalOnClass found required class 'io.micrometer.core.annotation.Timed' (OnClassCondition)

   MicrometerTracingAutoConfiguration:
      Did not match:
         - @ConditionalOnClass did not find required class 'io.micrometer.tracing.Tracer' (OnClassCondition)

   MongoAutoConfiguration:
      Did not match:
         - @ConditionalOnClass did not find required class 'com.mongodb.client.MongoClient' (OnClassCondition)

   MongoDataAutoConfiguration:
      Did not match:
         - @ConditionalOnClass did not find required class 'com.mongodb.client.MongoClient' (OnClassCondition)

   MongoHealthContributorAutoConfiguration:
      Did not match:
         - @ConditionalOnClass did not find required class 'org.springframework.data.mongodb.core.MongoTemplate' (OnClassCondition)

   MongoMetricsAutoConfiguration:
      Did not match:
         - @ConditionalOnClass did not find required class 'com.mongodb.MongoClientSettings' (OnClassCondition)

   MongoReactiveAutoConfiguration:
      Did not match:
         - @ConditionalOnClass did not find required class 'com.mongodb.reactivestreams.client.MongoClient' (OnClassCondition)

   MongoReactiveDataAutoConfiguration:
      Did not match:
         - @ConditionalOnClass did not find required class 'com.mongodb.reactivestreams.client.MongoClient' (OnClassCondition)

   MongoReactiveHealthContributorAutoConfiguration:
      Did not match:
         - @ConditionalOnClass did not find required class 'reactor.core.publisher.Flux' (OnClassCondition)

   MongoReactiveRepositoriesAutoConfiguration:
      Did not match:
         - @ConditionalOnClass did not find required class 'com.mongodb.reactivestreams.client.MongoClient' (OnClassCondition)

   MongoRepositoriesAutoConfiguration:
      Did not match:
         - @ConditionalOnClass did not find required class 'com.mongodb.client.MongoClient' (OnClassCondition)

   MultipleOpenApiSupportConfiguration:
      Did not match:
         - AnyNestedCondition 0 matched 2 did not; NestedCondition on MultipleOpenApiSupportCondition.OnActuatorDifferentPort found non-matching nested conditions Management Port actual port type (SAME) did not match required type (DIFFERENT), @ConditionalOnProperty (springdoc.show-actuator) did not find property 'springdoc.show-actuator'; NestedCondition on MultipleOpenApiSupportCondition.OnMultipleOpenApiSupportCondition AnyNestedCondition 0 matched 3 did not; NestedCondition on MultipleOpenApiGroupsCondition.OnListGroupedOpenApiBean @ConditionalOnBean (types: org.springdoc.core.models.GroupedOpenApi; SearchStrategy: all) did not find any beans of type org.springdoc.core.models.GroupedOpenApi; NestedCondition on MultipleOpenApiGroupsCondition.OnGroupConfigProperty @ConditionalOnProperty (springdoc.group-configs[0].group) did not find property 'springdoc.group-configs[0].group'; NestedCondition on MultipleOpenApiGroupsCondition.OnGroupedOpenApiBean @ConditionalOnBean (types: org.springdoc.core.models.GroupedOpenApi; SearchStrategy: all) did not find any beans of type org.springdoc.core.models.GroupedOpenApi (MultipleOpenApiSupportCondition)
      Matched:
         - found 'session' scope (OnWebApplicationCondition)
         - @ConditionalOnProperty (springdoc.api-docs.enabled) matched (OnPropertyCondition)

   MultipleOpenApiSupportConfiguration.SpringDocWebMvcActuatorDifferentConfiguration:
      Did not match:
         - Management Port actual port type (SAME) did not match required type (DIFFERENT) (OnManagementPortCondition)
         - Ancestor org.springdoc.webmvc.core.configuration.MultipleOpenApiSupportConfiguration did not match (ConditionEvaluationReport.AncestorsMatchedCondition)
      Matched:
         - @ConditionalOnClass found required class 'org.springframework.boot.actuate.endpoint.web.servlet.WebMvcEndpointHandlerMapping' (OnClassCondition)

   MustacheAutoConfiguration:
      Did not match:
         - @ConditionalOnClass did not find required class 'com.samskivert.mustache.Mustache' (OnClassCondition)

   Neo4jAutoConfiguration:
      Did not match:
         - @ConditionalOnClass did not find required class 'org.neo4j.driver.Driver' (OnClassCondition)

   Neo4jDataAutoConfiguration:
      Did not match:
         - @ConditionalOnClass did not find required class 'org.neo4j.driver.Driver' (OnClassCondition)

   Neo4jHealthContributorAutoConfiguration:
      Did not match:
         - @ConditionalOnClass did not find required class 'org.neo4j.driver.Driver' (OnClassCondition)

   Neo4jReactiveDataAutoConfiguration:
      Did not match:
         - @ConditionalOnClass did not find required class 'org.neo4j.driver.Driver' (OnClassCondition)

   Neo4jReactiveRepositoriesAutoConfiguration:
      Did not match:
         - @ConditionalOnClass did not find required class 'org.neo4j.driver.Driver' (OnClassCondition)

   Neo4jRepositoriesAutoConfiguration:
      Did not match:
         - @ConditionalOnClass did not find required class 'org.neo4j.driver.Driver' (OnClassCondition)

   NettyAutoConfiguration:
      Did not match:
         - @ConditionalOnClass did not find required class 'io.netty.util.NettyRuntime' (OnClassCondition)

   NewRelicMetricsExportAutoConfiguration:
      Did not match:
         - @ConditionalOnClass did not find required class 'io.micrometer.newrelic.NewRelicMeterRegistry' (OnClassCondition)

   NoOpMeterRegistryConfiguration:
      Did not match:
         - @ConditionalOnMissingBean (types: io.micrometer.core.instrument.MeterRegistry; SearchStrategy: all) found beans of type 'io.micrometer.core.instrument.MeterRegistry' simpleMeterRegistry (OnBeanCondition)

   NoopTracerAutoConfiguration:
      Did not match:
         - @ConditionalOnClass did not find required class 'io.micrometer.tracing.Tracer' (OnClassCondition)

   OAuth2AuthorizationServerAutoConfiguration:
      Did not match:
         - @ConditionalOnClass did not find required class 'org.springframework.security.oauth2.server.authorization.OAuth2Authorization' (OnClassCondition)

   OAuth2AuthorizationServerJwtAutoConfiguration:
      Did not match:
         - @ConditionalOnClass did not find required class 'com.nimbusds.jose.jwk.source.JWKSource' (OnClassCondition)

   OAuth2ClientAutoConfiguration:
      Did not match:
         - @ConditionalOnClass did not find required class 'org.springframework.security.oauth2.client.registration.ClientRegistration' (OnClassCondition)

   OAuth2ResourceServerAutoConfiguration:
      Did not match:
         - @ConditionalOnClass did not find required class 'org.springframework.security.oauth2.server.resource.authentication.BearerTokenAuthenticationToken' (OnClassCondition)

   ObservationAutoConfiguration.MeterObservationHandlerConfiguration.TracingAndMetricsObservationHandlerConfiguration:
      Did not match:
         - @ConditionalOnBean did not find required type 'io.micrometer.tracing.Tracer' (OnBeanCondition)
         - @ConditionalOnBean (types: io.micrometer.tracing.Tracer; SearchStrategy: all) did not find any beans of type io.micrometer.tracing.Tracer (OnBeanCondition)

   ObservationAutoConfiguration.MetricsWithTracingConfiguration:
      Did not match:
         - @ConditionalOnClass did not find required class 'io.micrometer.tracing.Tracer' (OnClassCondition)

   ObservationAutoConfiguration.OnlyTracingConfiguration:
      Did not match:
         - @ConditionalOnClass did not find required class 'io.micrometer.tracing.Tracer' (OnClassCondition)

   OpenTelemetryAutoConfiguration:
      Did not match:
         - @ConditionalOnClass did not find required class 'io.opentelemetry.sdk.OpenTelemetrySdk' (OnClassCondition)

   OpenTelemetryLoggingAutoConfiguration:
      Did not match:
         - @ConditionalOnClass did not find required class 'io.opentelemetry.api.OpenTelemetry' (OnClassCondition)

   OpenTelemetryTracingAutoConfiguration:
      Did not match:
         - @ConditionalOnClass did not find required class 'io.micrometer.tracing.otel.bridge.OtelTracer' (OnClassCondition)

   OtlpLoggingAutoConfiguration:
      Did not match:
         - @ConditionalOnClass did not find required class 'io.opentelemetry.api.OpenTelemetry' (OnClassCondition)

   OtlpMetricsExportAutoConfiguration:
      Did not match:
         - @ConditionalOnClass did not find required class 'io.micrometer.registry.otlp.OtlpMeterRegistry' (OnClassCondition)

   OtlpTracingAutoConfiguration:
      Did not match:
         - @ConditionalOnClass did not find required class 'io.micrometer.tracing.otel.bridge.OtelTracer' (OnClassCondition)

   ProjectInfoAutoConfiguration#buildProperties:
      Did not match:
         - @ConditionalOnResource did not find resource '${spring.info.build.location:classpath:META-INF/build-info.properties}' (OnResourceCondition)

   ProjectInfoAutoConfiguration#gitProperties:
      Did not match:
         - GitResource did not find git info at classpath:git.properties (ProjectInfoAutoConfiguration.GitResourceAvailableCondition)

   PrometheusExemplarsAutoConfiguration:
      Did not match:
         - @ConditionalOnClass did not find required class 'io.micrometer.tracing.Tracer' (OnClassCondition)

   PrometheusMetricsExportAutoConfiguration:
      Did not match:
         - @ConditionalOnClass did not find required class 'io.micrometer.prometheusmetrics.PrometheusMeterRegistry' (OnClassCondition)

   PrometheusSimpleclientExemplarsAutoConfiguration:
      Did not match:
         - @ConditionalOnClass did not find required class 'io.micrometer.tracing.Tracer' (OnClassCondition)

   PrometheusSimpleclientMetricsExportAutoConfiguration:
      Did not match:
         - @ConditionalOnClass did not find required class 'io.micrometer.prometheus.PrometheusMeterRegistry' (OnClassCondition)

   PulsarAutoConfiguration:
      Did not match:
         - @ConditionalOnClass did not find required class 'org.apache.pulsar.client.api.PulsarClient' (OnClassCondition)

   PulsarReactiveAutoConfiguration:
      Did not match:
         - @ConditionalOnClass did not find required class 'org.apache.pulsar.client.api.PulsarClient' (OnClassCondition)

   QuartzAutoConfiguration:
      Did not match:
         - @ConditionalOnClass did not find required class 'org.quartz.Scheduler' (OnClassCondition)

   QuartzEndpointAutoConfiguration:
      Did not match:
         - @ConditionalOnClass did not find required class 'org.quartz.Scheduler' (OnClassCondition)

   R2dbcAutoConfiguration:
      Did not match:
         - @ConditionalOnClass did not find required class 'io.r2dbc.spi.ConnectionFactory' (OnClassCondition)

   R2dbcDataAutoConfiguration:
      Did not match:
         - @ConditionalOnClass did not find required class 'org.springframework.data.r2dbc.core.R2dbcEntityTemplate' (OnClassCondition)

   R2dbcInitializationConfiguration:
      Did not match:
         - @ConditionalOnClass did not find required classes 'io.r2dbc.spi.ConnectionFactory', 'org.springframework.r2dbc.connection.init.DatabasePopulator' (OnClassCondition)

   R2dbcObservationAutoConfiguration:
      Did not match:
         - @ConditionalOnClass did not find required class 'io.r2dbc.proxy.ProxyConnectionFactory' (OnClassCondition)

   R2dbcProxyAutoConfiguration:
      Did not match:
         - @ConditionalOnClass did not find required class 'io.r2dbc.proxy.ProxyConnectionFactory' (OnClassCondition)

   R2dbcRepositoriesAutoConfiguration:
      Did not match:
         - @ConditionalOnClass did not find required class 'io.r2dbc.spi.ConnectionFactory' (OnClassCondition)

   R2dbcTransactionManagerAutoConfiguration:
      Did not match:
         - @ConditionalOnClass did not find required class 'org.springframework.r2dbc.connection.R2dbcTransactionManager' (OnClassCondition)

   RSocketGraphQlClientAutoConfiguration:
      Did not match:
         - @ConditionalOnClass did not find required class 'graphql.GraphQL' (OnClassCondition)

   RSocketMessagingAutoConfiguration:
      Did not match:
         - @ConditionalOnClass did not find required class 'io.rsocket.RSocket' (OnClassCondition)

   RSocketRequesterAutoConfiguration:
      Did not match:
         - @ConditionalOnClass did not find required class 'io.rsocket.RSocket' (OnClassCondition)

   RSocketSecurityAutoConfiguration:
      Did not match:
         - @ConditionalOnClass did not find required class 'org.springframework.security.rsocket.core.SecuritySocketAcceptorInterceptor' (OnClassCondition)

   RSocketServerAutoConfiguration:
      Did not match:
         - @ConditionalOnClass did not find required class 'io.rsocket.core.RSocketServer' (OnClassCondition)

   RSocketStrategiesAutoConfiguration:
      Did not match:
         - @ConditionalOnClass did not find required class 'io.netty.buffer.PooledByteBufAllocator' (OnClassCondition)

   RabbitAutoConfiguration:
      Did not match:
         - @ConditionalOnClass did not find required class 'com.rabbitmq.client.Channel' (OnClassCondition)

   RabbitHealthContributorAutoConfiguration:
      Did not match:
         - @ConditionalOnClass did not find required class 'org.springframework.amqp.rabbit.core.RabbitTemplate' (OnClassCondition)

   RabbitMetricsAutoConfiguration:
      Did not match:
         - @ConditionalOnClass did not find required class 'com.rabbitmq.client.ConnectionFactory' (OnClassCondition)

   ReactiveCloudFoundryActuatorAutoConfiguration:
      Did not match:
         - @ConditionalOnWebApplication did not find reactive web application classes (OnWebApplicationCondition)

   ReactiveElasticsearchClientAutoConfiguration:
      Did not match:
         - @ConditionalOnClass did not find required class 'co.elastic.clients.transport.ElasticsearchTransport' (OnClassCondition)

   ReactiveElasticsearchRepositoriesAutoConfiguration:
      Did not match:
         - @ConditionalOnClass did not find required class 'reactor.core.publisher.Mono' (OnClassCondition)

   ReactiveHealthEndpointConfiguration:
      Did not match:
         - @ConditionalOnClass did not find required class 'reactor.core.publisher.Flux' (OnClassCondition)

   ReactiveManagementContextAutoConfiguration:
      Did not match:
         - @ConditionalOnClass did not find required class 'reactor.core.publisher.Flux' (OnClassCondition)

   ReactiveManagementWebSecurityAutoConfiguration:
      Did not match:
         - @ConditionalOnWebApplication did not find reactive web application classes (OnWebApplicationCondition)

   ReactiveMultipartAutoConfiguration:
      Did not match:
         - @ConditionalOnClass did not find required class 'org.springframework.web.reactive.config.WebFluxConfigurer' (OnClassCondition)

   ReactiveOAuth2ClientAutoConfiguration:
      Did not match:
         - @ConditionalOnClass did not find required class 'reactor.core.publisher.Flux' (OnClassCondition)

   ReactiveOAuth2ResourceServerAutoConfiguration:
      Did not match:
         - @ConditionalOnWebApplication did not find reactive web application classes (OnWebApplicationCondition)

   ReactiveSecurityAutoConfiguration:
      Did not match:
         - @ConditionalOnClass did not find required class 'reactor.core.publisher.Flux' (OnClassCondition)

   ReactiveUserDetailsServiceAutoConfiguration:
      Did not match:
         - AnyNestedCondition 0 matched 2 did not; NestedCondition on ReactiveUserDetailsServiceAutoConfiguration.RSocketEnabledOrReactiveWebApplication.ReactiveWebApplicationCondition did not find reactive web application classes; NestedCondition on ReactiveUserDetailsServiceAutoConfiguration.RSocketEnabledOrReactiveWebApplication.RSocketSecurityEnabledCondition @ConditionalOnBean (types: org.springframework.messaging.rsocket.annotation.support.RSocketMessageHandler; SearchStrategy: all) did not find any beans of type org.springframework.messaging.rsocket.annotation.support.RSocketMessageHandler (ReactiveUserDetailsServiceAutoConfiguration.RSocketEnabledOrReactiveWebApplication)
      Matched:
         - @ConditionalOnClass found required class 'org.springframework.security.authentication.ReactiveAuthenticationManager' (OnClassCondition)
         - AnyNestedCondition 1 matched 2 did not; NestedCondition on ReactiveUserDetailsServiceAutoConfiguration.MissingAlternativeOrUserPropertiesConfigured.PasswordConfigured @ConditionalOnProperty (spring.security.user.password) did not find property 'password'; NestedCondition on ReactiveUserDetailsServiceAutoConfiguration.MissingAlternativeOrUserPropertiesConfigured.NameConfigured @ConditionalOnProperty (spring.security.user.name) did not find property 'name'; NestedCondition on ReactiveUserDetailsServiceAutoConfiguration.MissingAlternativeOrUserPropertiesConfigured.MissingAlternative @ConditionalOnMissingClass did not find unwanted classes 'org.springframework.security.oauth2.client.registration.ClientRegistrationRepository', 'org.springframework.security.oauth2.server.resource.introspection.ReactiveOpaqueTokenIntrospector' (ReactiveUserDetailsServiceAutoConfiguration.MissingAlternativeOrUserPropertiesConfigured)

   ReactiveWebServerFactoryAutoConfiguration:
      Did not match:
         - @ConditionalOnWebApplication did not find reactive web application classes (OnWebApplicationCondition)

   ReactorAutoConfiguration:
      Did not match:
         - @ConditionalOnClass did not find required class 'reactor.core.publisher.Hooks' (OnClassCondition)

   RedisAutoConfiguration:
      Did not match:
         - @ConditionalOnClass did not find required class 'org.springframework.data.redis.core.RedisOperations' (OnClassCondition)

   RedisCacheConfiguration:
      Did not match:
         - @ConditionalOnClass did not find required class 'org.springframework.data.redis.connection.RedisConnectionFactory' (OnClassCondition)

   RedisHealthContributorAutoConfiguration:
      Did not match:
         - @ConditionalOnClass did not find required class 'org.springframework.data.redis.connection.RedisConnectionFactory' (OnClassCondition)

   RedisReactiveAutoConfiguration:
      Did not match:
         - @ConditionalOnClass did not find required class 'reactor.core.publisher.Flux' (OnClassCondition)

   RedisReactiveHealthContributorAutoConfiguration:
      Did not match:
         - @ConditionalOnClass did not find required class 'reactor.core.publisher.Flux' (OnClassCondition)

   RedisRepositoriesAutoConfiguration:
      Did not match:
         - @ConditionalOnClass did not find required class 'org.springframework.data.redis.repository.configuration.EnableRedisRepositories' (OnClassCondition)

   RepositoryRestMvcAutoConfiguration:
      Did not match:
         - @ConditionalOnClass did not find required class 'org.springframework.data.rest.webmvc.config.RepositoryRestMvcConfiguration' (OnClassCondition)

   Saml2RelyingPartyAutoConfiguration:
      Did not match:
         - @ConditionalOnClass did not find required class 'org.springframework.security.saml2.provider.service.registration.RelyingPartyRegistrationRepository' (OnClassCondition)

   SbomEndpointAutoConfiguration:
      Did not match:
         - @ConditionalOnAvailableEndpoint not exposed (OnAvailableEndpointCondition)

   ScheduledTasksEndpointAutoConfiguration:
      Did not match:
         - @ConditionalOnAvailableEndpoint not exposed (OnAvailableEndpointCondition)

   SecurityDataConfiguration:
      Did not match:
         - @ConditionalOnClass did not find required class 'org.springframework.security.data.repository.query.SecurityEvaluationContextExtension' (OnClassCondition)

   SecurityRequestMatchersManagementContextConfiguration.JerseyRequestMatcherConfiguration:
      Did not match:
         - @ConditionalOnClass did not find required class 'org.glassfish.jersey.server.ResourceConfig' (OnClassCondition)

   SendGridAutoConfiguration:
      Did not match:
         - @ConditionalOnClass did not find required class 'com.sendgrid.SendGrid' (OnClassCondition)

   ServletEndpointManagementContextConfiguration.JerseyServletEndpointManagementContextConfiguration:
      Did not match:
         - @ConditionalOnClass did not find required class 'org.glassfish.jersey.server.ResourceConfig' (OnClassCondition)

   ServletManagementContextAutoConfiguration.ApplicationContextFilterConfiguration:
      Did not match:
         - @ConditionalOnProperty (management.server.add-application-context-header=true) did not find property 'add-application-context-header' (OnPropertyCondition)

   ServletWebServerFactoryAutoConfiguration.ForwardedHeaderFilterConfiguration:
      Did not match:
         - @ConditionalOnProperty (server.forward-headers-strategy=framework) did not find property 'server.forward-headers-strategy' (OnPropertyCondition)

   ServletWebServerFactoryConfiguration.EmbeddedJetty:
      Did not match:
         - @ConditionalOnClass did not find required classes 'org.eclipse.jetty.server.Server', 'org.eclipse.jetty.util.Loader', 'org.eclipse.jetty.ee10.webapp.WebAppContext' (OnClassCondition)

   ServletWebServerFactoryConfiguration.EmbeddedUndertow:
      Did not match:
         - @ConditionalOnClass did not find required classes 'io.undertow.Undertow', 'org.xnio.SslClientAuthMode' (OnClassCondition)

   SessionAutoConfiguration:
      Did not match:
         - @ConditionalOnClass did not find required class 'org.springframework.session.Session' (OnClassCondition)

   SessionsEndpointAutoConfiguration:
      Did not match:
         - @ConditionalOnClass did not find required class 'org.springframework.session.Session' (OnClassCondition)

   ShutdownEndpointAutoConfiguration:
      Did not match:
         - @ConditionalOnAvailableEndpoint the configured access for endpoint 'shutdown' is NONE (OnAvailableEndpointCondition)

   SignalFxMetricsExportAutoConfiguration:
      Did not match:
         - @ConditionalOnClass did not find required class 'io.micrometer.signalfx.SignalFxMeterRegistry' (OnClassCondition)

   SpringApplicationAdminJmxAutoConfiguration:
      Did not match:
         - @ConditionalOnProperty (spring.application.admin.enabled=true) did not find property 'enabled' (OnPropertyCondition)

   SpringBootWebSecurityConfiguration.SecurityFilterChainConfiguration:
      Did not match:
         - AllNestedConditions 1 matched 1 did not; NestedCondition on DefaultWebSecurityCondition.Beans @ConditionalOnMissingBean (types: org.springframework.security.web.SecurityFilterChain; SearchStrategy: all) found beans of type 'org.springframework.security.web.SecurityFilterChain' securityFilterChain; NestedCondition on DefaultWebSecurityCondition.Classes @ConditionalOnClass found required classes 'org.springframework.security.web.SecurityFilterChain', 'org.springframework.security.config.annotation.web.builders.HttpSecurity' (DefaultWebSecurityCondition)

   SpringBootWebSecurityConfiguration.WebSecurityEnablerConfiguration:
      Did not match:
         - @ConditionalOnMissingBean (names: springSecurityFilterChain; SearchStrategy: all) found beans named springSecurityFilterChain (OnBeanCondition)
      Matched:
         - @ConditionalOnClass found required class 'org.springframework.security.config.annotation.web.configuration.EnableWebSecurity' (OnClassCondition)

   SpringDocConfiguration#propertiesResolverForSchema:
      Did not match:
         - @ConditionalOnProperty (springdoc.api-docs.resolve-schema-properties) did not find property 'springdoc.api-docs.resolve-schema-properties' (OnPropertyCondition)

   SpringDocConfiguration#propertyCustomizingConverter:
      Did not match:
         - @ConditionalOnBean (types: org.springdoc.core.customizers.PropertyCustomizer; SearchStrategy: all) did not find any beans of type org.springdoc.core.customizers.PropertyCustomizer (OnBeanCondition)

   SpringDocConfiguration#springdocBeanFactoryPostProcessor:
      Did not match:
         - AnyNestedCondition 0 matched 2 did not; NestedCondition on CacheOrGroupedOpenApiCondition.OnCacheDisabled found non-matching nested conditions @ConditionalOnProperty (springdoc.cache.disabled) did not find property 'springdoc.cache.disabled'; NestedCondition on CacheOrGroupedOpenApiCondition.OnMultipleOpenApiSupportCondition AnyNestedCondition 0 matched 2 did not; NestedCondition on MultipleOpenApiSupportCondition.OnActuatorDifferentPort found non-matching nested conditions Management Port actual port type (SAME) did not match required type (DIFFERENT), @ConditionalOnProperty (springdoc.show-actuator) did not find property 'springdoc.show-actuator'; NestedCondition on MultipleOpenApiSupportCondition.OnMultipleOpenApiSupportCondition AnyNestedCondition 0 matched 3 did not; NestedCondition on MultipleOpenApiGroupsCondition.OnListGroupedOpenApiBean @ConditionalOnBean (types: org.springdoc.core.models.GroupedOpenApi; SearchStrategy: all) did not find any beans of type org.springdoc.core.models.GroupedOpenApi; NestedCondition on MultipleOpenApiGroupsCondition.OnGroupConfigProperty @ConditionalOnProperty (springdoc.group-configs[0].group) did not find property 'springdoc.group-configs[0].group'; NestedCondition on MultipleOpenApiGroupsCondition.OnGroupedOpenApiBean @ConditionalOnBean (types: org.springdoc.core.models.GroupedOpenApi; SearchStrategy: all) did not find any beans of type org.springdoc.core.models.GroupedOpenApi (CacheOrGroupedOpenApiCondition)
      Matched:
         - @ConditionalOnClass found required class 'org.springframework.boot.context.properties.bind.BindResult' (OnClassCondition)

   SpringDocConfiguration#springdocBeanFactoryPostProcessor2:
      Did not match:
         - @ConditionalOnMissingClass found unwanted class 'org.springframework.boot.context.properties.bind.BindResult' (OnClassCondition)

   SpringDocConfiguration.SpringDocActuatorConfiguration:
      Did not match:
         - @ConditionalOnProperty (springdoc.show-actuator) did not find property 'springdoc.show-actuator' (OnPropertyCondition)
      Matched:
         - @ConditionalOnClass found required class 'org.springframework.boot.actuate.autoconfigure.endpoint.web.WebEndpointProperties' (OnClassCondition)

   SpringDocConfiguration.SpringDocRepositoryRestConfiguration:
      Did not match:
         - @ConditionalOnClass did not find required class 'org.springframework.data.rest.core.config.RepositoryRestConfiguration' (OnClassCondition)

   SpringDocConfiguration.SpringDocWebFluxSupportConfiguration:
      Did not match:
         - @ConditionalOnClass did not find required class 'reactor.core.publisher.Flux' (OnClassCondition)

   SpringDocDataRestConfiguration:
      Did not match:
         - @ConditionalOnClass did not find required class 'org.springframework.data.rest.core.config.RepositoryRestConfiguration' (OnClassCondition)

   SpringDocFunctionCatalogConfiguration:
      Did not match:
         - @ConditionalOnClass did not find required class 'org.springframework.cloud.function.web.function.FunctionEndpointInitializer' (OnClassCondition)

   SpringDocGroovyConfiguration:
      Did not match:
         - @ConditionalOnClass did not find required class 'groovy.lang.MetaClass' (OnClassCondition)

   SpringDocHateoasConfiguration:
      Did not match:
         - @ConditionalOnClass did not find required class 'org.springframework.hateoas.server.LinkRelationProvider' (OnClassCondition)

   SpringDocJacksonKotlinModuleConfiguration:
      Did not match:
         - @ConditionalOnClass did not find required class 'com.fasterxml.jackson.module.kotlin.KotlinModule' (OnClassCondition)

   SpringDocJavadocConfiguration:
      Did not match:
         - @ConditionalOnClass did not find required class 'com.github.therapi.runtimejavadoc.CommentFormatter' (OnClassCondition)

   SpringDocKotlinConfiguration:
      Did not match:
         - @ConditionalOnClass did not find required class 'kotlin.coroutines.Continuation' (OnClassCondition)

   SpringDocKotlinxConfiguration:
      Did not match:
         - @ConditionalOnClass did not find required class 'kotlinx.coroutines.flow.Flow' (OnClassCondition)

   SpringDocSecurityConfiguration.SpringDocSecurityOAuth2ClientConfiguration:
      Did not match:
         - @ConditionalOnClass did not find required class 'org.springframework.security.oauth2.client.annotation.RegisteredOAuth2AuthorizedClient' (OnClassCondition)

   SpringDocSecurityConfiguration.SpringDocSecurityOAuth2Configuration:
      Did not match:
         - @ConditionalOnClass did not find required class 'org.springframework.security.oauth2.server.authorization.OAuth2AuthorizationService' (OnClassCondition)

   SpringDocSecurityConfiguration.SpringSecurityLoginEndpointConfiguration#springSecurityLoginEndpointCustomizer:
      Did not match:
         - @ConditionalOnProperty (springdoc.show-login-endpoint) did not find property 'springdoc.show-login-endpoint' (OnPropertyCondition)

   SpringDocSortConfiguration#dataRestDelegatingMethodParameterCustomizer:
      Did not match:
         - @ConditionalOnMissingBean (types: org.springdoc.core.customizers.DataRestDelegatingMethodParameterCustomizer; SearchStrategy: all) found beans of type 'org.springdoc.core.customizers.DataRestDelegatingMethodParameterCustomizer' dataRestDelegatingMethodParameterCustomizer (OnBeanCondition)

   SpringDocWebMvcConfiguration.SpringDocWebMvcActuatorConfiguration#actuatorProvider:
      Did not match:
         - @ConditionalOnExpression (#{${springdoc.show-actuator:false} or ${springdoc.use-management-port:false}}) resulted in false (OnExpressionCondition)

   SpringDocWebMvcConfiguration.SpringDocWebMvcActuatorConfiguration#openApiActuatorResource:
      Did not match:
         - @ConditionalOnExpression (#{${springdoc.use-management-port:false} and ${springdoc.enable-default-api-docs:true}}) resulted in false (OnExpressionCondition)

   StackdriverMetricsExportAutoConfiguration:
      Did not match:
         - @ConditionalOnClass did not find required class 'io.micrometer.stackdriver.StackdriverMeterRegistry' (OnClassCondition)

   StartupEndpointAutoConfiguration:
      Did not match:
         - ApplicationStartup configured applicationStartup is of type class org.springframework.core.metrics.DefaultApplicationStartup, expected BufferingApplicationStartup. (StartupEndpointAutoConfiguration.ApplicationStartupCondition)

   StatsdMetricsExportAutoConfiguration:
      Did not match:
         - @ConditionalOnClass did not find required class 'io.micrometer.statsd.StatsdMeterRegistry' (OnClassCondition)

   SwaggerConfig#springWebProvider:
      Did not match:
         - @ConditionalOnMissingBean (types: org.springdoc.core.providers.SpringWebProvider; SearchStrategy: all) found beans of type 'org.springdoc.core.providers.SpringWebProvider' springWebProvider (OnBeanCondition)

   SwaggerConfig#swaggerUiHome:
      Did not match:
         - @ConditionalOnProperty (springdoc.swagger-ui.use-root-path=true) did not find property 'springdoc.swagger-ui.use-root-path' (OnPropertyCondition)

   SwaggerConfig.SwaggerActuatorWelcomeConfiguration:
      Did not match:
         - @ConditionalOnProperty (springdoc.use-management-port) did not find property 'springdoc.use-management-port' (OnPropertyCondition)
      Matched:
         - @ConditionalOnClass found required class 'org.springframework.boot.actuate.endpoint.web.servlet.WebMvcEndpointHandlerMapping' (OnClassCondition)

   TaskExecutorConfigurations.SimpleAsyncTaskExecutorBuilderConfiguration#simpleAsyncTaskExecutorBuilderVirtualThreads:
      Did not match:
         - @ConditionalOnMissingBean (types: org.springframework.boot.task.SimpleAsyncTaskExecutorBuilder; SearchStrategy: all) found beans of type 'org.springframework.boot.task.SimpleAsyncTaskExecutorBuilder' simpleAsyncTaskExecutorBuilder (OnBeanCondition)

   TaskExecutorConfigurations.TaskExecutorConfiguration:
      Did not match:
         - @ConditionalOnMissingBean (types: java.util.concurrent.Executor; SearchStrategy: all) found beans of type 'java.util.concurrent.Executor' clientInboundChannelExecutor, clientOutboundChannelExecutor, brokerChannelExecutor (OnBeanCondition)

   TaskSchedulingConfigurations.SimpleAsyncTaskSchedulerBuilderConfiguration#simpleAsyncTaskSchedulerBuilderVirtualThreads:
      Did not match:
         - @ConditionalOnMissingBean (types: org.springframework.boot.task.SimpleAsyncTaskSchedulerBuilder; SearchStrategy: all) found beans of type 'org.springframework.boot.task.SimpleAsyncTaskSchedulerBuilder' simpleAsyncTaskSchedulerBuilder (OnBeanCondition)

   TaskSchedulingConfigurations.TaskSchedulerConfiguration:
      Did not match:
         - @ConditionalOnMissingBean (types: org.springframework.scheduling.TaskScheduler,java.util.concurrent.ScheduledExecutorService; SearchStrategy: all) found beans of type 'org.springframework.scheduling.TaskScheduler' messageBrokerTaskScheduler (OnBeanCondition)

   ThreadDumpEndpointAutoConfiguration:
      Did not match:
         - @ConditionalOnAvailableEndpoint not exposed (OnAvailableEndpointCondition)

   ThymeleafAutoConfiguration:
      Did not match:
         - @ConditionalOnClass did not find required class 'org.thymeleaf.spring6.SpringTemplateEngine' (OnClassCondition)

   TransactionAutoConfiguration#transactionalOperator:
      Did not match:
         - @ConditionalOnSingleCandidate (types: org.springframework.transaction.ReactiveTransactionManager; SearchStrategy: all) did not find any beans (OnBeanCondition)

   TransactionAutoConfiguration.AspectJTransactionManagementConfiguration:
      Did not match:
         - @ConditionalOnBean (types: org.springframework.transaction.aspectj.AbstractTransactionAspect; SearchStrategy: all) did not find any beans of type org.springframework.transaction.aspectj.AbstractTransactionAspect (OnBeanCondition)

   TransactionAutoConfiguration.EnableTransactionManagementConfiguration.JdkDynamicAutoProxyConfiguration:
      Did not match:
         - @ConditionalOnProperty (spring.aop.proxy-target-class=false) did not find property 'proxy-target-class' (OnPropertyCondition)

   UserDetailsServiceAutoConfiguration:
      Did not match:
         - @ConditionalOnMissingBean (types: org.springframework.security.authentication.AuthenticationManager,org.springframework.security.authentication.AuthenticationProvider,org.springframework.security.core.userdetails.UserDetailsService,org.springframework.security.authentication.AuthenticationManagerResolver,org.springframework.security.oauth2.jwt.JwtDecoder; SearchStrategy: all) found beans of type 'org.springframework.security.authentication.AuthenticationManager' authenticationManager and found beans of type 'org.springframework.security.core.userdetails.UserDetailsService' customUserDetailsService (OnBeanCondition)
      Matched:
         - @ConditionalOnClass found required class 'org.springframework.security.authentication.AuthenticationManager' (OnClassCondition)
         - found 'session' scope (OnWebApplicationCondition)
         - AnyNestedCondition 1 matched 2 did not; NestedCondition on UserDetailsServiceAutoConfiguration.MissingAlternativeOrUserPropertiesConfigured.PasswordConfigured @ConditionalOnProperty (spring.security.user.password) did not find property 'password'; NestedCondition on UserDetailsServiceAutoConfiguration.MissingAlternativeOrUserPropertiesConfigured.NameConfigured @ConditionalOnProperty (spring.security.user.name) did not find property 'name'; NestedCondition on UserDetailsServiceAutoConfiguration.MissingAlternativeOrUserPropertiesConfigured.MissingAlternative @ConditionalOnMissingClass did not find unwanted classes 'org.springframework.security.oauth2.client.registration.ClientRegistrationRepository', 'org.springframework.security.oauth2.server.resource.introspection.OpaqueTokenIntrospector', 'org.springframework.security.saml2.provider.service.registration.RelyingPartyRegistrationRepository' (UserDetailsServiceAutoConfiguration.MissingAlternativeOrUserPropertiesConfigured)

   WavefrontAutoConfiguration:
      Did not match:
         - @ConditionalOnClass did not find required class 'com.wavefront.sdk.common.application.ApplicationTags' (OnClassCondition)

   WavefrontMetricsExportAutoConfiguration:
      Did not match:
         - @ConditionalOnClass did not find required class 'com.wavefront.sdk.common.WavefrontSender' (OnClassCondition)

   WavefrontTracingAutoConfiguration:
      Did not match:
         - @ConditionalOnClass did not find required class 'com.wavefront.sdk.common.WavefrontSender' (OnClassCondition)

   WebClientAutoConfiguration:
      Did not match:
         - @ConditionalOnClass did not find required class 'org.springframework.web.reactive.function.client.WebClient' (OnClassCondition)

   WebClientObservationConfiguration:
      Did not match:
         - @ConditionalOnClass did not find required class 'org.springframework.web.reactive.function.client.WebClient' (OnClassCondition)

   WebFluxAutoConfiguration:
      Did not match:
         - @ConditionalOnClass did not find required class 'org.springframework.web.reactive.config.WebFluxConfigurer' (OnClassCondition)

   WebFluxEndpointManagementContextConfiguration:
      Did not match:
         - @ConditionalOnClass did not find required class 'org.springframework.web.reactive.DispatcherHandler' (OnClassCondition)

   WebFluxObservationAutoConfiguration:
      Did not match:
         - @ConditionalOnWebApplication did not find reactive web application classes (OnWebApplicationCondition)

   WebMvcAutoConfiguration#hiddenHttpMethodFilter:
      Did not match:
         - @ConditionalOnProperty (spring.mvc.hiddenmethod.filter.enabled) did not find property 'enabled' (OnPropertyCondition)

   WebMvcAutoConfiguration.ProblemDetailsErrorHandlingConfiguration:
      Did not match:
         - @ConditionalOnProperty (spring.mvc.problemdetails.enabled=true) did not find property 'enabled' (OnPropertyCondition)

   WebMvcAutoConfiguration.WebMvcAutoConfigurationAdapter#beanNameViewResolver:
      Did not match:
         - @ConditionalOnMissingBean (types: org.springframework.web.servlet.view.BeanNameViewResolver; SearchStrategy: all) found beans of type 'org.springframework.web.servlet.view.BeanNameViewResolver' beanNameViewResolver (OnBeanCondition)

   WebMvcEndpointManagementContextConfiguration#managementHealthEndpointWebMvcHandlerMapping:
      Did not match:
         - Management Port actual port type (SAME) did not match required type (DIFFERENT) (OnManagementPortCondition)

   WebServiceTemplateAutoConfiguration:
      Did not match:
         - @ConditionalOnClass did not find required class 'org.springframework.oxm.Marshaller' (OnClassCondition)

   WebServicesAutoConfiguration:
      Did not match:
         - @ConditionalOnClass did not find required class 'org.springframework.ws.transport.http.MessageDispatcherServlet' (OnClassCondition)

   WebSessionIdResolverAutoConfiguration:
      Did not match:
         - @ConditionalOnClass did not find required class 'reactor.core.publisher.Mono' (OnClassCondition)

   WebSocketReactiveAutoConfiguration:
      Did not match:
         - @ConditionalOnWebApplication did not find reactive web application classes (OnWebApplicationCondition)

   WebSocketServletAutoConfiguration.JettyWebSocketConfiguration:
      Did not match:
         - @ConditionalOnClass did not find required class 'org.eclipse.jetty.ee10.websocket.jakarta.server.config.JakartaWebSocketServletContainerInitializer' (OnClassCondition)

   WebSocketServletAutoConfiguration.UndertowWebSocketConfiguration:
      Did not match:
         - @ConditionalOnClass did not find required class 'io.undertow.websockets.jsr.Bootstrap' (OnClassCondition)

   XADataSourceAutoConfiguration:
      Did not match:
         - @ConditionalOnBean (types: org.springframework.boot.jdbc.XADataSourceWrapper; SearchStrategy: all) did not find any beans of type org.springframework.boot.jdbc.XADataSourceWrapper (OnBeanCondition)
      Matched:
         - @ConditionalOnClass found required classes 'javax.sql.DataSource', 'jakarta.transaction.TransactionManager', 'org.springframework.jdbc.datasource.embedded.EmbeddedDatabaseType' (OnClassCondition)

   ZipkinAutoConfiguration:
      Did not match:
         - @ConditionalOnClass did not find required class 'zipkin2.reporter.Encoding' (OnClassCondition)


Exclusions:
-----------

    None


Unconditional classes:
----------------------

    org.springframework.boot.autoconfigure.context.ConfigurationPropertiesAutoConfiguration

    org.springframework.boot.actuate.autoconfigure.availability.AvailabilityHealthContributorAutoConfiguration

    org.springframework.boot.autoconfigure.ssl.SslAutoConfiguration

    org.springframework.boot.actuate.autoconfigure.info.InfoContributorAutoConfiguration

    org.springframework.boot.autoconfigure.context.PropertyPlaceholderAutoConfiguration

    org.springframework.boot.autoconfigure.context.LifecycleAutoConfiguration

    org.springframework.boot.actuate.autoconfigure.metrics.integration.IntegrationMetricsAutoConfiguration

    org.springframework.boot.actuate.autoconfigure.endpoint.EndpointAutoConfiguration

    org.springframework.boot.actuate.autoconfigure.web.server.ManagementContextAutoConfiguration

    org.springframework.boot.actuate.autoconfigure.health.HealthContributorAutoConfiguration

    org.springframework.boot.actuate.autoconfigure.endpoint.jackson.JacksonEndpointAutoConfiguration

    org.springdoc.core.configuration.SpringDocSpecPropertiesConfiguration

    org.springframework.boot.autoconfigure.availability.ApplicationAvailabilityAutoConfiguration

    org.springframework.boot.autoconfigure.info.ProjectInfoAutoConfiguration



2026-05-28T14:42:49.502+05:30  INFO 25372 --- [thundercore-erp] [           main] com.thundercore.erp.ErpApplication       : Started ErpApplication in 28.724 seconds (process running for 34.354)
2026-05-28T14:42:49.658+05:30 DEBUG 25372 --- [thundercore-erp] [           main] o.s.b.a.ApplicationAvailabilityBean      : Application availability state LivenessState changed to CORRECT
2026-05-28T14:42:49.975+05:30 DEBUG 25372 --- [thundercore-erp] [           main] org.hibernate.SQL                        : 
    select
        u1_0.id,
        u1_0.active,
        u1_0.created_at,
        u1_0.email,
        u1_0.first_name,
        u1_0.last_name,
        u1_0.password,
        u1_0.role,
        u1_0.updated_at 
    from
        users u1_0 
    where
        u1_0.email=?
2026-05-28T14:42:50.399+05:30 DEBUG 25372 --- [thundercore-erp] [           main] org.hibernate.SQL                        : 
    insert 
    into
        users
        (active, created_at, email, first_name, last_name, password, role, updated_at, id) 
    values
        (?, ?, ?, ?, ?, ?, ?, ?, default)
2026-05-28T14:42:50.631+05:30  INFO 25372 --- [thundercore-erp] [           main] com.thundercore.erp.DataInitializer      : Demo user created: admin@thundercore.com (role=SUPER_ADMIN)
2026-05-28T14:42:50.637+05:30 DEBUG 25372 --- [thundercore-erp] [           main] org.hibernate.SQL                        : 
    select
        u1_0.id,
        u1_0.active,
        u1_0.created_at,
        u1_0.email,
        u1_0.first_name,
        u1_0.last_name,
        u1_0.password,
        u1_0.role,
        u1_0.updated_at 
    from
        users u1_0 
    where
        u1_0.email=?
2026-05-28T14:42:50.753+05:30 DEBUG 25372 --- [thundercore-erp] [           main] org.hibernate.SQL                        : 
    insert 
    into
        users
        (active, created_at, email, first_name, last_name, password, role, updated_at, id) 
    values
        (?, ?, ?, ?, ?, ?, ?, ?, default)
2026-05-28T14:42:50.760+05:30  INFO 25372 --- [thundercore-erp] [           main] com.thundercore.erp.DataInitializer      : Demo user created: manager@thundercore.com (role=MANAGER)
2026-05-28T14:42:50.765+05:30 DEBUG 25372 --- [thundercore-erp] [           main] org.hibernate.SQL                        : 
    select
        u1_0.id,
        u1_0.active,
        u1_0.created_at,
        u1_0.email,
        u1_0.first_name,
        u1_0.last_name,
        u1_0.password,
        u1_0.role,
        u1_0.updated_at 
    from
        users u1_0 
    where
        u1_0.email=?
2026-05-28T14:42:50.875+05:30 DEBUG 25372 --- [thundercore-erp] [           main] org.hibernate.SQL                        : 
    insert 
    into
        users
        (active, created_at, email, first_name, last_name, password, role, updated_at, id) 
    values
        (?, ?, ?, ?, ?, ?, ?, ?, default)
2026-05-28T14:42:50.881+05:30  INFO 25372 --- [thundercore-erp] [           main] com.thundercore.erp.DataInitializer      : Demo user created: staff@thundercore.com (role=STAFF)
2026-05-28T14:42:50.886+05:30 DEBUG 25372 --- [thundercore-erp] [           main] o.s.b.a.ApplicationAvailabilityBean      : Application availability state ReadinessState changed to ACCEPTING_TRAFFIC
2026-05-28T14:43:49.209+05:30  INFO 25372 --- [thundercore-erp] [MessageBroker-1] o.s.w.s.c.WebSocketMessageBrokerStats    : WebSocketSession[0 current WS(0)-HttpStream(0)-HttpPoll(0), 0 total, 0 closed abnormally (0 connect failure, 0 send limit, 0 transport error)], stompSubProtocol[processed CONNECT(0)-CONNECTED(0)-DISCONNECT(0)], stompBrokerRelay[null], inboundChannel[pool size = 0, active threads = 0, queued tasks = 0, completed tasks = 0], outboundChannel[pool size = 0, active threads = 0, queued tasks = 0, completed tasks = 0], sockJsScheduler[pool size = 2, active threads = 1, queued tasks = 1, completed tasks = 0]
2026-05-28T14:44:06.110+05:30  INFO 25372 --- [thundercore-erp] [nio-8080-exec-1] o.a.c.c.C.[Tomcat].[localhost].[/]       : Initializing Spring DispatcherServlet 'dispatcherServlet'
2026-05-28T14:44:06.112+05:30  INFO 25372 --- [thundercore-erp] [nio-8080-exec-1] o.s.web.servlet.DispatcherServlet        : Initializing Servlet 'dispatcherServlet'
2026-05-28T14:44:06.113+05:30 DEBUG 25372 --- [thundercore-erp] [nio-8080-exec-1] o.s.web.servlet.DispatcherServlet        : Detected StandardServletMultipartResolver
2026-05-28T14:44:06.114+05:30 DEBUG 25372 --- [thundercore-erp] [nio-8080-exec-1] o.s.web.servlet.DispatcherServlet        : Detected AcceptHeaderLocaleResolver
2026-05-28T14:44:06.116+05:30 DEBUG 25372 --- [thundercore-erp] [nio-8080-exec-1] o.s.web.servlet.DispatcherServlet        : Detected FixedThemeResolver
2026-05-28T14:44:06.120+05:30 DEBUG 25372 --- [thundercore-erp] [nio-8080-exec-1] o.s.web.servlet.DispatcherServlet        : Detected org.springframework.web.servlet.view.DefaultRequestToViewNameTranslator@720a86ef
2026-05-28T14:44:06.122+05:30 DEBUG 25372 --- [thundercore-erp] [nio-8080-exec-1] o.s.web.servlet.DispatcherServlet        : Detected org.springframework.web.servlet.support.SessionFlashMapManager@e74903f
2026-05-28T14:44:06.123+05:30 DEBUG 25372 --- [thundercore-erp] [nio-8080-exec-1] o.s.web.servlet.DispatcherServlet        : enableLoggingRequestDetails='false': request parameters and headers will be masked to prevent unsafe logging of potentially sensitive data
2026-05-28T14:44:06.125+05:30  INFO 25372 --- [thundercore-erp] [nio-8080-exec-1] o.s.web.servlet.DispatcherServlet        : Completed initialization in 11 ms
2026-05-28T14:44:06.628+05:30 DEBUG 25372 --- [thundercore-erp] [nio-8080-exec-1] o.s.web.servlet.DispatcherServlet        : POST "/api/auth/login", parameters={}
2026-05-28T14:44:06.631+05:30 DEBUG 25372 --- [thundercore-erp] [nio-8080-exec-1] s.w.s.m.m.a.RequestMappingHandlerMapping : Mapped to com.thundercore.erp.auth.controller.AuthController#login(AuthRequest)
2026-05-28T14:44:06.882+05:30 DEBUG 25372 --- [thundercore-erp] [nio-8080-exec-1] m.m.a.RequestResponseBodyMethodProcessor : Read "application/json;charset=UTF-8" to [AuthRequest(email=admin@thundercore.com, password=Admin@123)]
2026-05-28T14:44:07.081+05:30 DEBUG 25372 --- [thundercore-erp] [nio-8080-exec-1] org.hibernate.SQL                        : 
    select
        u1_0.id,
        u1_0.active,
        u1_0.created_at,
        u1_0.email,
        u1_0.first_name,
        u1_0.last_name,
        u1_0.password,
        u1_0.role,
        u1_0.updated_at 
    from
        users u1_0 
    where
        u1_0.email=?
2026-05-28T14:44:07.205+05:30 DEBUG 25372 --- [thundercore-erp] [nio-8080-exec-1] org.hibernate.SQL                        : 
    select
        u1_0.id,
        u1_0.active,
        u1_0.created_at,
        u1_0.email,
        u1_0.first_name,
        u1_0.last_name,
        u1_0.password,
        u1_0.role,
        u1_0.updated_at 
    from
        users u1_0 
    where
        u1_0.email=?
2026-05-28T14:44:07.525+05:30 DEBUG 25372 --- [thundercore-erp] [nio-8080-exec-1] org.hibernate.SQL                        : 
    select
        u1_0.id,
        u1_0.active,
        u1_0.created_at,
        u1_0.email,
        u1_0.first_name,
        u1_0.last_name,
        u1_0.password,
        u1_0.role,
        u1_0.updated_at 
    from
        users u1_0 
    where
        u1_0.email=?
2026-05-28T14:44:07.529+05:30  INFO 25372 --- [thundercore-erp] [nio-8080-exec-1] c.t.erp.auth.controller.AuthController   : Successful login: admin@thundercore.com (role=SUPER_ADMIN)
2026-05-28T14:44:07.633+05:30 DEBUG 25372 --- [thundercore-erp] [nio-8080-exec-1] o.s.w.s.m.m.a.HttpEntityMethodProcessor  : Using 'application/json', given [application/json, text/plain, */*] and supported [application/json, application/*+json, application/yaml]
2026-05-28T14:44:07.637+05:30 DEBUG 25372 --- [thundercore-erp] [nio-8080-exec-1] o.s.w.s.m.m.a.HttpEntityMethodProcessor  : Writing [AuthResponse(token=eyJhbGciOiJIUzM4NCJ9.eyJzdWIiOiJhZG1pbkB0aHVuZGVyY29yZS5jb20iLCJpYXQiOjE3Nzk5NTk2 (truncated)...]
2026-05-28T14:44:07.652+05:30 DEBUG 25372 --- [thundercore-erp] [nio-8080-exec-1] o.s.web.servlet.DispatcherServlet        : Completed 200 OK
2026-05-28T14:44:07.753+05:30 DEBUG 25372 --- [thundercore-erp] [nio-8080-exec-6] o.s.web.servlet.DispatcherServlet        : GET "/ws/info?t=1779959647732", parameters={masked}
2026-05-28T14:44:07.756+05:30 DEBUG 25372 --- [thundercore-erp] [nio-8080-exec-6] o.s.w.s.s.s.WebSocketHandlerMapping      : Mapped to org.springframework.web.socket.sockjs.support.SockJsHttpRequestHandler@714f3e27
2026-05-28T14:44:07.762+05:30 DEBUG 25372 --- [thundercore-erp] [nio-8080-exec-6] o.s.w.s.s.t.h.DefaultSockJsService       : Processing transport request: GET http://localhost:8080/ws/info?t=1779959647732
2026-05-28T14:44:07.765+05:30 DEBUG 25372 --- [thundercore-erp] [nio-8080-exec-6] o.s.web.servlet.DispatcherServlet        : Completed 200 OK
2026-05-28T14:44:07.792+05:30 DEBUG 25372 --- [thundercore-erp] [nio-8080-exec-5] o.s.web.servlet.DispatcherServlet        : GET "/ws/443/oe1wezyt/websocket", parameters={}
2026-05-28T14:44:07.795+05:30 DEBUG 25372 --- [thundercore-erp] [nio-8080-exec-5] o.s.w.s.s.s.WebSocketHandlerMapping      : Mapped to org.springframework.web.socket.sockjs.support.SockJsHttpRequestHandler@714f3e27
2026-05-28T14:44:07.798+05:30 DEBUG 25372 --- [thundercore-erp] [nio-8080-exec-5] o.s.w.s.s.t.h.DefaultSockJsService       : Processing transport request: GET http://localhost:8080/ws/443/oe1wezyt/websocket
2026-05-28T14:44:07.878+05:30 DEBUG 25372 --- [thundercore-erp] [nio-8080-exec-2] org.hibernate.SQL                        : 
    select
        u1_0.id,
        u1_0.active,
        u1_0.created_at,
        u1_0.email,
        u1_0.first_name,
        u1_0.last_name,
        u1_0.password,
        u1_0.role,
        u1_0.updated_at 
    from
        users u1_0 
    where
        u1_0.email=?
2026-05-28T14:44:07.878+05:30 DEBUG 25372 --- [thundercore-erp] [nio-8080-exec-3] org.hibernate.SQL                        : 
    select
        u1_0.id,
        u1_0.active,
        u1_0.created_at,
        u1_0.email,
        u1_0.first_name,
        u1_0.last_name,
        u1_0.password,
        u1_0.role,
        u1_0.updated_at 
    from
        users u1_0 
    where
        u1_0.email=?
2026-05-28T14:44:07.889+05:30 DEBUG 25372 --- [thundercore-erp] [nio-8080-exec-2] o.s.web.servlet.DispatcherServlet        : GET "/api/notifications/me", parameters={}
2026-05-28T14:44:07.889+05:30 DEBUG 25372 --- [thundercore-erp] [nio-8080-exec-3] o.s.web.servlet.DispatcherServlet        : GET "/api/dashboard/stats", parameters={}
2026-05-28T14:44:07.891+05:30 DEBUG 25372 --- [thundercore-erp] [nio-8080-exec-2] s.w.s.m.m.a.RequestMappingHandlerMapping : Mapped to com.thundercore.erp.notification.controller.NotificationController#getMyNotifications(Authentication)
2026-05-28T14:44:07.892+05:30 DEBUG 25372 --- [thundercore-erp] [nio-8080-exec-3] s.w.s.m.m.a.RequestMappingHandlerMapping : Mapped to com.thundercore.erp.dashboard.controller.DashboardController#getStats()
2026-05-28T14:44:07.897+05:30 DEBUG 25372 --- [thundercore-erp] [nio-8080-exec-2] org.hibernate.SQL                        : 
    select
        u1_0.id,
        u1_0.active,
        u1_0.created_at,
        u1_0.email,
        u1_0.first_name,
        u1_0.last_name,
        u1_0.password,
        u1_0.role,
        u1_0.updated_at 
    from
        users u1_0 
    where
        u1_0.email=?
2026-05-28T14:44:07.977+05:30 DEBUG 25372 --- [thundercore-erp] [nio-8080-exec-3] org.hibernate.SQL                        : 
    select
        p1_0.id,
        p1_0.category,
        p1_0.created_at,
        p1_0.description,
        p1_0.name,
        p1_0.quantity,
        p1_0.reorder_threshold,
        p1_0.sku,
        p1_0.supplier,
        p1_0.unit_price,
        p1_0.updated_at 
    from
        products p1_0
2026-05-28T14:44:07.980+05:30 DEBUG 25372 --- [thundercore-erp] [nio-8080-exec-2] org.hibernate.SQL                        : 
    select
        n1_0.id,
        n1_0.created_at,
        n1_0.is_read,
        n1_0.message,
        n1_0.title,
        n1_0.user_id 
    from
        notifications n1_0 
    left join
        users u1_0 
            on u1_0.id=n1_0.user_id 
    where
        u1_0.id=? 
    order by
        n1_0.created_at desc
2026-05-28T14:44:07.984+05:30 DEBUG 25372 --- [thundercore-erp] [nio-8080-exec-3] org.hibernate.SQL                        : 
    select
        i1_0.id,
        i1_0.created_at,
        i1_0.customer_email,
        i1_0.customer_name,
        i1_0.invoice_number,
        i1_0.net_amount,
        i1_0.notes,
        i1_0.status,
        i1_0.tax_amount,
        i1_0.total_amount,
        i1_0.updated_at 
    from
        invoices i1_0
2026-05-28T14:44:08.020+05:30 DEBUG 25372 --- [thundercore-erp] [nio-8080-exec-5] o.s.web.servlet.DispatcherServlet        : Completed 101 SWITCHING_PROTOCOLS
2026-05-28T14:44:08.054+05:30 DEBUG 25372 --- [thundercore-erp] [nio-8080-exec-2] o.s.w.s.m.m.a.HttpEntityMethodProcessor  : Using 'application/json', given [application/json, text/plain, */*] and supported [application/json, application/*+json, application/yaml]
2026-05-28T14:44:08.057+05:30 DEBUG 25372 --- [thundercore-erp] [nio-8080-exec-2] o.s.w.s.m.m.a.HttpEntityMethodProcessor  : Writing [ApiResponse(success=true, message=Notifications retrieved, data=[])]
2026-05-28T14:44:08.062+05:30 DEBUG 25372 --- [thundercore-erp] [nio-8080-exec-2] o.s.web.servlet.DispatcherServlet        : Completed 200 OK
2026-05-28T14:44:08.069+05:30 DEBUG 25372 --- [thundercore-erp] [nio-8080-exec-3] org.hibernate.SQL                        : 
    select
        count(*) 
    from
        products p1_0
2026-05-28T14:44:08.080+05:30 DEBUG 25372 --- [thundercore-erp] [nio-8080-exec-7] org.hibernate.SQL                        : 
    select
        u1_0.id,
        u1_0.active,
        u1_0.created_at,
        u1_0.email,
        u1_0.first_name,
        u1_0.last_name,
        u1_0.password,
        u1_0.role,
        u1_0.updated_at 
    from
        users u1_0 
    where
        u1_0.email=?
2026-05-28T14:44:08.086+05:30 DEBUG 25372 --- [thundercore-erp] [nio-8080-exec-7] o.s.web.servlet.DispatcherServlet        : GET "/api/notifications/me", parameters={}
2026-05-28T14:44:08.089+05:30 DEBUG 25372 --- [thundercore-erp] [nio-8080-exec-7] s.w.s.m.m.a.RequestMappingHandlerMapping : Mapped to com.thundercore.erp.notification.controller.NotificationController#getMyNotifications(Authentication)
2026-05-28T14:44:08.093+05:30 DEBUG 25372 --- [thundercore-erp] [nio-8080-exec-7] org.hibernate.SQL                        : 
    select
        u1_0.id,
        u1_0.active,
        u1_0.created_at,
        u1_0.email,
        u1_0.first_name,
        u1_0.last_name,
        u1_0.password,
        u1_0.role,
        u1_0.updated_at 
    from
        users u1_0 
    where
        u1_0.email=?
2026-05-28T14:44:08.098+05:30 DEBUG 25372 --- [thundercore-erp] [nio-8080-exec-7] org.hibernate.SQL                        : 
    select
        n1_0.id,
        n1_0.created_at,
        n1_0.is_read,
        n1_0.message,
        n1_0.title,
        n1_0.user_id 
    from
        notifications n1_0 
    left join
        users u1_0 
            on u1_0.id=n1_0.user_id 
    where
        u1_0.id=? 
    order by
        n1_0.created_at desc
2026-05-28T14:44:08.101+05:30 DEBUG 25372 --- [thundercore-erp] [nio-8080-exec-7] o.s.w.s.m.m.a.HttpEntityMethodProcessor  : Using 'application/json', given [application/json, text/plain, */*] and supported [application/json, application/*+json, application/yaml]
2026-05-28T14:44:08.103+05:30 DEBUG 25372 --- [thundercore-erp] [nio-8080-exec-7] o.s.w.s.m.m.a.HttpEntityMethodProcessor  : Writing [ApiResponse(success=true, message=Notifications retrieved, data=[])]
2026-05-28T14:44:08.105+05:30 DEBUG 25372 --- [thundercore-erp] [nio-8080-exec-7] o.s.web.servlet.DispatcherServlet        : Completed 200 OK
2026-05-28T14:44:08.122+05:30 DEBUG 25372 --- [thundercore-erp] [nio-8080-exec-3] org.hibernate.SQL                        : 
    select
        count(*) 
    from
        employees e1_0
2026-05-28T14:44:08.128+05:30 DEBUG 25372 --- [thundercore-erp] [nio-8080-exec-3] org.hibernate.SQL                        : 
    select
        count(*) 
    from
        invoices i1_0
2026-05-28T14:44:08.131+05:30 DEBUG 25372 --- [thundercore-erp] [nio-8080-exec-5] s.w.s.h.LoggingWebSocketHandlerDecorator : New WebSocketServerSockJsSession[id=oe1wezyt]
2026-05-28T14:44:08.135+05:30 DEBUG 25372 --- [thundercore-erp] [nio-8080-exec-3] org.hibernate.SQL                        : 
    select
        count(*) 
    from
        users u1_0
2026-05-28T14:44:08.140+05:30 DEBUG 25372 --- [thundercore-erp] [nio-8080-exec-3] org.hibernate.SQL                        : 
    select
        count(*) 
    from
        customers c1_0
2026-05-28T14:44:08.146+05:30 DEBUG 25372 --- [thundercore-erp] [nio-8080-exec-3] org.hibernate.SQL                        : 
    select
        count(*) 
    from
        sale_orders so1_0
2026-05-28T14:44:08.177+05:30 DEBUG 25372 --- [thundercore-erp] [nio-8080-exec-3] org.hibernate.SQL                        : 
    select
        coalesce(sum(i1_0.net_amount), 0) 
    from
        invoices i1_0 
    where
        i1_0.status=?
2026-05-28T14:44:08.256+05:30 DEBUG 25372 --- [thundercore-erp] [nio-8080-exec-3] org.hibernate.SQL                        : 
    select
        count(i1_0.id) 
    from
        invoices i1_0 
    where
        i1_0.status=?
2026-05-28T14:44:08.259+05:30 DEBUG 25372 --- [thundercore-erp] [nio-8080-exec-5] org.hibernate.SQL                        : 
    select
        u1_0.id,
        u1_0.active,
        u1_0.created_at,
        u1_0.email,
        u1_0.first_name,
        u1_0.last_name,
        u1_0.password,
        u1_0.role,
        u1_0.updated_at 
    from
        users u1_0 
    where
        u1_0.email=?
2026-05-28T14:44:08.270+05:30 DEBUG 25372 --- [thundercore-erp] [nio-8080-exec-3] o.s.w.s.m.m.a.HttpEntityMethodProcessor  : Using 'application/json', given [application/json, text/plain, */*] and supported [application/json, application/*+json, application/yaml]
2026-05-28T14:44:08.272+05:30 DEBUG 25372 --- [thundercore-erp] [nio-8080-exec-3] o.s.w.s.m.m.a.HttpEntityMethodProcessor  : Writing [ApiResponse(success=true, message=Dashboard stats retrieved, data={totalProducts=0, totalEmployees=0 (truncated)...]
2026-05-28T14:44:08.272+05:30 DEBUG 25372 --- [thundercore-erp] [nboundChannel-2] org.springframework.web.SimpLogging      : Processing CONNECT user=admin@thundercore.com session=oe1wezyt
2026-05-28T14:44:08.285+05:30 DEBUG 25372 --- [thundercore-erp] [nio-8080-exec-3] o.s.web.servlet.DispatcherServlet        : Completed 200 OK
2026-05-28T14:44:08.303+05:30 DEBUG 25372 --- [thundercore-erp] [nio-8080-exec-8] org.hibernate.SQL                        : 
    select
        u1_0.id,
        u1_0.active,
        u1_0.created_at,
        u1_0.email,
        u1_0.first_name,
        u1_0.last_name,
        u1_0.password,
        u1_0.role,
        u1_0.updated_at 
    from
        users u1_0 
    where
        u1_0.email=?
2026-05-28T14:44:08.311+05:30 DEBUG 25372 --- [thundercore-erp] [nio-8080-exec-8] o.s.web.servlet.DispatcherServlet        : GET "/api/dashboard/stats", parameters={}
2026-05-28T14:44:08.313+05:30 DEBUG 25372 --- [thundercore-erp] [nio-8080-exec-8] s.w.s.m.m.a.RequestMappingHandlerMapping : Mapped to com.thundercore.erp.dashboard.controller.DashboardController#getStats()
2026-05-28T14:44:08.318+05:30 DEBUG 25372 --- [thundercore-erp] [nio-8080-exec-8] org.hibernate.SQL                        : 
    select
        p1_0.id,
        p1_0.category,
        p1_0.created_at,
        p1_0.description,
        p1_0.name,
        p1_0.quantity,
        p1_0.reorder_threshold,
        p1_0.sku,
        p1_0.supplier,
        p1_0.unit_price,
        p1_0.updated_at 
    from
        products p1_0
2026-05-28T14:44:08.325+05:30 DEBUG 25372 --- [thundercore-erp] [nio-8080-exec-8] org.hibernate.SQL                        : 
    select
        i1_0.id,
        i1_0.created_at,
        i1_0.customer_email,
        i1_0.customer_name,
        i1_0.invoice_number,
        i1_0.net_amount,
        i1_0.notes,
        i1_0.status,
        i1_0.tax_amount,
        i1_0.total_amount,
        i1_0.updated_at 
    from
        invoices i1_0
2026-05-28T14:44:08.331+05:30 DEBUG 25372 --- [thundercore-erp] [nio-8080-exec-8] org.hibernate.SQL                        : 
    select
        count(*) 
    from
        products p1_0
2026-05-28T14:44:08.335+05:30 DEBUG 25372 --- [thundercore-erp] [nio-8080-exec-8] org.hibernate.SQL                        : 
    select
        count(*) 
    from
        employees e1_0
2026-05-28T14:44:08.339+05:30 DEBUG 25372 --- [thundercore-erp] [nio-8080-exec-8] org.hibernate.SQL                        : 
    select
        count(*) 
    from
        invoices i1_0
2026-05-28T14:44:08.343+05:30 DEBUG 25372 --- [thundercore-erp] [nio-8080-exec-8] org.hibernate.SQL                        : 
    select
        count(*) 
    from
        users u1_0
2026-05-28T14:44:08.348+05:30 DEBUG 25372 --- [thundercore-erp] [nio-8080-exec-8] org.hibernate.SQL                        : 
    select
        count(*) 
    from
        customers c1_0
2026-05-28T14:44:08.348+05:30 DEBUG 25372 --- [thundercore-erp] [nboundChannel-6] org.springframework.web.SimpLogging      : Processing SUBSCRIBE destination=/queue/notifications-useroe1wezyt subscriptionId=sub-0 session=oe1wezyt user=admin@thundercore.com payload=byte[0]
2026-05-28T14:44:08.349+05:30 DEBUG 25372 --- [thundercore-erp] [nboundChannel-8] org.springframework.web.SimpLogging      : Processing SUBSCRIBE /topic/dashboard id=sub-1 session=oe1wezyt
2026-05-28T14:44:08.353+05:30 DEBUG 25372 --- [thundercore-erp] [nio-8080-exec-8] org.hibernate.SQL                        : 
    select
        count(*) 
    from
        sale_orders so1_0
2026-05-28T14:44:08.356+05:30 DEBUG 25372 --- [thundercore-erp] [nio-8080-exec-8] org.hibernate.SQL                        : 
    select
        coalesce(sum(i1_0.net_amount), 0) 
    from
        invoices i1_0 
    where
        i1_0.status=?
2026-05-28T14:44:08.360+05:30 DEBUG 25372 --- [thundercore-erp] [nio-8080-exec-8] org.hibernate.SQL                        : 
    select
        count(i1_0.id) 
    from
        invoices i1_0 
    where
        i1_0.status=?
2026-05-28T14:44:08.365+05:30 DEBUG 25372 --- [thundercore-erp] [nio-8080-exec-8] o.s.w.s.m.m.a.HttpEntityMethodProcessor  : Using 'application/json', given [application/json, text/plain, */*] and supported [application/json, application/*+json, application/yaml]
2026-05-28T14:44:08.367+05:30 DEBUG 25372 --- [thundercore-erp] [nio-8080-exec-8] o.s.w.s.m.m.a.HttpEntityMethodProcessor  : Writing [ApiResponse(success=true, message=Dashboard stats retrieved, data={totalProducts=0, totalEmployees=0 (truncated)...]
2026-05-28T14:44:08.370+05:30 DEBUG 25372 --- [thundercore-erp] [nio-8080-exec-8] o.s.web.servlet.DispatcherServlet        : Completed 200 OK
2026-05-28T14:44:10.230+05:30 DEBUG 25372 --- [thundercore-erp] [nio-8080-exec-9] s.w.s.h.LoggingWebSocketHandlerDecorator : WebSocketServerSockJsSession[id=oe1wezyt] closed with CloseStatus[code=1001, reason=null]
2026-05-28T14:44:10.233+05:30 DEBUG 25372 --- [thundercore-erp] [nio-8080-exec-9] o.s.w.s.m.SubProtocolWebSocketHandler    : Clearing session oe1wezyt
2026-05-28T14:44:10.245+05:30 DEBUG 25372 --- [thundercore-erp] [boundChannel-11] org.springframework.web.SimpLogging      : Processing DISCONNECT session=oe1wezyt
2026-05-28T14:44:10.249+05:30 DEBUG 25372 --- [thundercore-erp] [tboundChannel-2] o.s.w.s.m.SubProtocolWebSocketHandler    : No session for GenericMessage [payload=byte[0], headers={simpMessageType=DISCONNECT_ACK, simpDisconnectMessage=GenericMessage [payload=byte[0], headers={simpMessageType=DISCONNECT, stompCommand=DISCONNECT, simpSessionAttributes={org.springframework.messaging.simp.SimpAttributes.COMPLETED=true}, simpUser=UsernamePasswordAuthenticationToken [Principal=org.springframework.security.core.userdetails.User [Username=admin@thundercore.com, Password=[PROTECTED], Enabled=true, AccountNonExpired=true, CredentialsNonExpired=true, AccountNonLocked=true, Granted Authorities=[ROLE_SUPER_ADMIN]], Credentials=[PROTECTED], Authenticated=true, Details=null, Granted Authorities=[ROLE_SUPER_ADMIN]], simpSessionId=oe1wezyt}], simpUser=UsernamePasswordAuthenticationToken [Principal=org.springframework.security.core.userdetails.User [Username=admin@thundercore.com, Password=[PROTECTED], Enabled=true, AccountNonExpired=true, CredentialsNonExpired=true, AccountNonLocked=true, Granted Authorities=[ROLE_SUPER_ADMIN]], Credentials=[PROTECTED], Authenticated=true, Details=null, Granted Authorities=[ROLE_SUPER_ADMIN]], simpSessionId=oe1wezyt}]
2026-05-28T14:44:11.860+05:30 DEBUG 25372 --- [thundercore-erp] [io-8080-exec-10] o.s.web.servlet.DispatcherServlet        : POST "/api/auth/login", parameters={}
2026-05-28T14:44:11.862+05:30 DEBUG 25372 --- [thundercore-erp] [io-8080-exec-10] s.w.s.m.m.a.RequestMappingHandlerMapping : Mapped to com.thundercore.erp.auth.controller.AuthController#login(AuthRequest)
2026-05-28T14:44:11.864+05:30 DEBUG 25372 --- [thundercore-erp] [io-8080-exec-10] m.m.a.RequestResponseBodyMethodProcessor : Read "application/json;charset=UTF-8" to [AuthRequest(email=manager@thundercore.com, password=Manager@123)]
2026-05-28T14:44:11.870+05:30 DEBUG 25372 --- [thundercore-erp] [io-8080-exec-10] org.hibernate.SQL                        : 
    select
        u1_0.id,
        u1_0.active,
        u1_0.created_at,
        u1_0.email,
        u1_0.first_name,
        u1_0.last_name,
        u1_0.password,
        u1_0.role,
        u1_0.updated_at 
    from
        users u1_0 
    where
        u1_0.email=?
2026-05-28T14:44:11.961+05:30 DEBUG 25372 --- [thundercore-erp] [io-8080-exec-10] org.hibernate.SQL                        : 
    select
        u1_0.id,
        u1_0.active,
        u1_0.created_at,
        u1_0.email,
        u1_0.first_name,
        u1_0.last_name,
        u1_0.password,
        u1_0.role,
        u1_0.updated_at 
    from
        users u1_0 
    where
        u1_0.email=?
2026-05-28T14:44:11.968+05:30 DEBUG 25372 --- [thundercore-erp] [io-8080-exec-10] org.hibernate.SQL                        : 
    select
        u1_0.id,
        u1_0.active,
        u1_0.created_at,
        u1_0.email,
        u1_0.first_name,
        u1_0.last_name,
        u1_0.password,
        u1_0.role,
        u1_0.updated_at 
    from
        users u1_0 
    where
        u1_0.email=?
2026-05-28T14:44:11.972+05:30  INFO 25372 --- [thundercore-erp] [io-8080-exec-10] c.t.erp.auth.controller.AuthController   : Successful login: manager@thundercore.com (role=MANAGER)
2026-05-28T14:44:11.974+05:30 DEBUG 25372 --- [thundercore-erp] [io-8080-exec-10] o.s.w.s.m.m.a.HttpEntityMethodProcessor  : Using 'application/json', given [application/json, text/plain, */*] and supported [application/json, application/*+json, application/yaml]
2026-05-28T14:44:11.976+05:30 DEBUG 25372 --- [thundercore-erp] [io-8080-exec-10] o.s.w.s.m.m.a.HttpEntityMethodProcessor  : Writing [AuthResponse(token=eyJhbGciOiJIUzM4NCJ9.eyJzdWIiOiJtYW5hZ2VyQHRodW5kZXJjb3JlLmNvbSIsImlhdCI6MTc3OTk1 (truncated)...]
2026-05-28T14:44:11.978+05:30 DEBUG 25372 --- [thundercore-erp] [io-8080-exec-10] o.s.web.servlet.DispatcherServlet        : Completed 200 OK
2026-05-28T14:44:12.034+05:30 DEBUG 25372 --- [thundercore-erp] [nio-8080-exec-1] org.hibernate.SQL                        : 
    select
        u1_0.id,
        u1_0.active,
        u1_0.created_at,
        u1_0.email,
        u1_0.first_name,
        u1_0.last_name,
        u1_0.password,
        u1_0.role,
        u1_0.updated_at 
    from
        users u1_0 
    where
        u1_0.email=?
2026-05-28T14:44:12.034+05:30 DEBUG 25372 --- [thundercore-erp] [nio-8080-exec-6] org.hibernate.SQL                        : 
    select
        u1_0.id,
        u1_0.active,
        u1_0.created_at,
        u1_0.email,
        u1_0.first_name,
        u1_0.last_name,
        u1_0.password,
        u1_0.role,
        u1_0.updated_at 
    from
        users u1_0 
    where
        u1_0.email=?
2026-05-28T14:44:12.045+05:30 DEBUG 25372 --- [thundercore-erp] [nio-8080-exec-6] o.s.web.servlet.DispatcherServlet        : GET "/api/notifications/me", parameters={}
2026-05-28T14:44:12.045+05:30 DEBUG 25372 --- [thundercore-erp] [nio-8080-exec-1] o.s.web.servlet.DispatcherServlet        : GET "/api/dashboard/stats", parameters={}
2026-05-28T14:44:12.048+05:30 DEBUG 25372 --- [thundercore-erp] [nio-8080-exec-6] s.w.s.m.m.a.RequestMappingHandlerMapping : Mapped to com.thundercore.erp.notification.controller.NotificationController#getMyNotifications(Authentication)
2026-05-28T14:44:12.048+05:30 DEBUG 25372 --- [thundercore-erp] [nio-8080-exec-1] s.w.s.m.m.a.RequestMappingHandlerMapping : Mapped to com.thundercore.erp.dashboard.controller.DashboardController#getStats()
2026-05-28T14:44:12.052+05:30 DEBUG 25372 --- [thundercore-erp] [nio-8080-exec-2] o.s.web.servlet.DispatcherServlet        : GET "/ws/info?t=1779959652040", parameters={masked}
2026-05-28T14:44:12.055+05:30 DEBUG 25372 --- [thundercore-erp] [nio-8080-exec-1] org.hibernate.SQL                        : 
    select
        p1_0.id,
        p1_0.category,
        p1_0.created_at,
        p1_0.description,
        p1_0.name,
        p1_0.quantity,
        p1_0.reorder_threshold,
        p1_0.sku,
        p1_0.supplier,
        p1_0.unit_price,
        p1_0.updated_at 
    from
        products p1_0
2026-05-28T14:44:12.055+05:30 DEBUG 25372 --- [thundercore-erp] [nio-8080-exec-2] o.s.w.s.s.s.WebSocketHandlerMapping      : Mapped to org.springframework.web.socket.sockjs.support.SockJsHttpRequestHandler@714f3e27
2026-05-28T14:44:12.054+05:30 DEBUG 25372 --- [thundercore-erp] [nio-8080-exec-6] org.hibernate.SQL                        : 
    select
        u1_0.id,
        u1_0.active,
        u1_0.created_at,
        u1_0.email,
        u1_0.first_name,
        u1_0.last_name,
        u1_0.password,
        u1_0.role,
        u1_0.updated_at 
    from
        users u1_0 
    where
        u1_0.email=?
2026-05-28T14:44:12.057+05:30 DEBUG 25372 --- [thundercore-erp] [nio-8080-exec-2] o.s.w.s.s.t.h.DefaultSockJsService       : Processing transport request: GET http://localhost:8080/ws/info?t=1779959652040
2026-05-28T14:44:12.059+05:30 DEBUG 25372 --- [thundercore-erp] [nio-8080-exec-2] o.s.web.servlet.DispatcherServlet        : Completed 200 OK
2026-05-28T14:44:12.060+05:30 DEBUG 25372 --- [thundercore-erp] [nio-8080-exec-1] org.hibernate.SQL                        : 
    select
        i1_0.id,
        i1_0.created_at,
        i1_0.customer_email,
        i1_0.customer_name,
        i1_0.invoice_number,
        i1_0.net_amount,
        i1_0.notes,
        i1_0.status,
        i1_0.tax_amount,
        i1_0.total_amount,
        i1_0.updated_at 
    from
        invoices i1_0
2026-05-28T14:44:12.063+05:30 DEBUG 25372 --- [thundercore-erp] [nio-8080-exec-6] org.hibernate.SQL                        : 
    select
        n1_0.id,
        n1_0.created_at,
        n1_0.is_read,
        n1_0.message,
        n1_0.title,
        n1_0.user_id 
    from
        notifications n1_0 
    left join
        users u1_0 
            on u1_0.id=n1_0.user_id 
    where
        u1_0.id=? 
    order by
        n1_0.created_at desc
2026-05-28T14:44:12.065+05:30 DEBUG 25372 --- [thundercore-erp] [nio-8080-exec-1] org.hibernate.SQL                        : 
    select
        count(*) 
    from
        products p1_0
2026-05-28T14:44:12.068+05:30 DEBUG 25372 --- [thundercore-erp] [nio-8080-exec-6] o.s.w.s.m.m.a.HttpEntityMethodProcessor  : Using 'application/json', given [application/json, text/plain, */*] and supported [application/json, application/*+json, application/yaml]
2026-05-28T14:44:12.069+05:30 DEBUG 25372 --- [thundercore-erp] [nio-8080-exec-1] org.hibernate.SQL                        : 
    select
        count(*) 
    from
        employees e1_0
2026-05-28T14:44:12.070+05:30 DEBUG 25372 --- [thundercore-erp] [nio-8080-exec-6] o.s.w.s.m.m.a.HttpEntityMethodProcessor  : Writing [ApiResponse(success=true, message=Notifications retrieved, data=[])]
2026-05-28T14:44:12.074+05:30 DEBUG 25372 --- [thundercore-erp] [nio-8080-exec-6] o.s.web.servlet.DispatcherServlet        : Completed 200 OK
2026-05-28T14:44:12.074+05:30 DEBUG 25372 --- [thundercore-erp] [nio-8080-exec-1] org.hibernate.SQL                        : 
    select
        count(*) 
    from
        invoices i1_0
2026-05-28T14:44:12.080+05:30 DEBUG 25372 --- [thundercore-erp] [nio-8080-exec-1] org.hibernate.SQL                        : 
    select
        count(*) 
    from
        users u1_0
2026-05-28T14:44:12.084+05:30 DEBUG 25372 --- [thundercore-erp] [nio-8080-exec-1] org.hibernate.SQL                        : 
    select
        count(*) 
    from
        customers c1_0
2026-05-28T14:44:12.088+05:30 DEBUG 25372 --- [thundercore-erp] [nio-8080-exec-7] o.s.web.servlet.DispatcherServlet        : GET "/ws/198/tx4dvmuf/websocket", parameters={}
2026-05-28T14:44:12.090+05:30 DEBUG 25372 --- [thundercore-erp] [nio-8080-exec-1] org.hibernate.SQL                        : 
    select
        count(*) 
    from
        sale_orders so1_0
2026-05-28T14:44:12.091+05:30 DEBUG 25372 --- [thundercore-erp] [nio-8080-exec-7] o.s.w.s.s.s.WebSocketHandlerMapping      : Mapped to org.springframework.web.socket.sockjs.support.SockJsHttpRequestHandler@714f3e27
2026-05-28T14:44:12.093+05:30 DEBUG 25372 --- [thundercore-erp] [nio-8080-exec-5] org.hibernate.SQL                        : 
    select
        u1_0.id,
        u1_0.active,
        u1_0.created_at,
        u1_0.email,
        u1_0.first_name,
        u1_0.last_name,
        u1_0.password,
        u1_0.role,
        u1_0.updated_at 
    from
        users u1_0 
    where
        u1_0.email=?
2026-05-28T14:44:12.093+05:30 DEBUG 25372 --- [thundercore-erp] [nio-8080-exec-7] o.s.w.s.s.t.h.DefaultSockJsService       : Processing transport request: GET http://localhost:8080/ws/198/tx4dvmuf/websocket
2026-05-28T14:44:12.094+05:30 DEBUG 25372 --- [thundercore-erp] [nio-8080-exec-1] org.hibernate.SQL                        : 
    select
        coalesce(sum(i1_0.net_amount), 0) 
    from
        invoices i1_0 
    where
        i1_0.status=?
2026-05-28T14:44:12.097+05:30 DEBUG 25372 --- [thundercore-erp] [nio-8080-exec-7] o.s.web.servlet.DispatcherServlet        : Completed 101 SWITCHING_PROTOCOLS
2026-05-28T14:44:12.100+05:30 DEBUG 25372 --- [thundercore-erp] [nio-8080-exec-1] org.hibernate.SQL                        : 
    select
        count(i1_0.id) 
    from
        invoices i1_0 
    where
        i1_0.status=?
2026-05-28T14:44:12.101+05:30 DEBUG 25372 --- [thundercore-erp] [nio-8080-exec-5] o.s.web.servlet.DispatcherServlet        : GET "/api/notifications/me", parameters={}
2026-05-28T14:44:12.101+05:30 DEBUG 25372 --- [thundercore-erp] [nio-8080-exec-7] s.w.s.h.LoggingWebSocketHandlerDecorator : New WebSocketServerSockJsSession[id=tx4dvmuf]
2026-05-28T14:44:12.104+05:30 DEBUG 25372 --- [thundercore-erp] [nio-8080-exec-5] s.w.s.m.m.a.RequestMappingHandlerMapping : Mapped to com.thundercore.erp.notification.controller.NotificationController#getMyNotifications(Authentication)
2026-05-28T14:44:12.105+05:30 DEBUG 25372 --- [thundercore-erp] [nio-8080-exec-1] o.s.w.s.m.m.a.HttpEntityMethodProcessor  : Using 'application/json', given [application/json, text/plain, */*] and supported [application/json, application/*+json, application/yaml]
2026-05-28T14:44:12.109+05:30 DEBUG 25372 --- [thundercore-erp] [nio-8080-exec-1] o.s.w.s.m.m.a.HttpEntityMethodProcessor  : Writing [ApiResponse(success=true, message=Dashboard stats retrieved, data={totalProducts=0, totalEmployees=0 (truncated)...]
2026-05-28T14:44:12.111+05:30 DEBUG 25372 --- [thundercore-erp] [nio-8080-exec-5] org.hibernate.SQL                        : 
    select
        u1_0.id,
        u1_0.active,
        u1_0.created_at,
        u1_0.email,
        u1_0.first_name,
        u1_0.last_name,
        u1_0.password,
        u1_0.role,
        u1_0.updated_at 
    from
        users u1_0 
    where
        u1_0.email=?
2026-05-28T14:44:12.113+05:30 DEBUG 25372 --- [thundercore-erp] [nio-8080-exec-1] o.s.web.servlet.DispatcherServlet        : Completed 200 OK
2026-05-28T14:44:12.116+05:30 DEBUG 25372 --- [thundercore-erp] [nio-8080-exec-3] org.hibernate.SQL                        : 
    select
        u1_0.id,
        u1_0.active,
        u1_0.created_at,
        u1_0.email,
        u1_0.first_name,
        u1_0.last_name,
        u1_0.password,
        u1_0.role,
        u1_0.updated_at 
    from
        users u1_0 
    where
        u1_0.email=?
2026-05-28T14:44:12.120+05:30 DEBUG 25372 --- [thundercore-erp] [nio-8080-exec-5] org.hibernate.SQL                        : 
    select
        n1_0.id,
        n1_0.created_at,
        n1_0.is_read,
        n1_0.message,
        n1_0.title,
        n1_0.user_id 
    from
        notifications n1_0 
    left join
        users u1_0 
            on u1_0.id=n1_0.user_id 
    where
        u1_0.id=? 
    order by
        n1_0.created_at desc
2026-05-28T14:44:12.125+05:30 DEBUG 25372 --- [thundercore-erp] [boundChannel-14] org.springframework.web.SimpLogging      : Processing CONNECT user=manager@thundercore.com session=tx4dvmuf
2026-05-28T14:44:12.125+05:30 DEBUG 25372 --- [thundercore-erp] [nio-8080-exec-5] o.s.w.s.m.m.a.HttpEntityMethodProcessor  : Using 'application/json', given [application/json, text/plain, */*] and supported [application/json, application/*+json, application/yaml]
2026-05-28T14:44:12.128+05:30 DEBUG 25372 --- [thundercore-erp] [nio-8080-exec-5] o.s.w.s.m.m.a.HttpEntityMethodProcessor  : Writing [ApiResponse(success=true, message=Notifications retrieved, data=[])]
2026-05-28T14:44:12.129+05:30 DEBUG 25372 --- [thundercore-erp] [nio-8080-exec-4] org.hibernate.SQL                        : 
    select
        u1_0.id,
        u1_0.active,
        u1_0.created_at,
        u1_0.email,
        u1_0.first_name,
        u1_0.last_name,
        u1_0.password,
        u1_0.role,
        u1_0.updated_at 
    from
        users u1_0 
    where
        u1_0.email=?
2026-05-28T14:44:12.131+05:30 DEBUG 25372 --- [thundercore-erp] [nio-8080-exec-5] o.s.web.servlet.DispatcherServlet        : Completed 200 OK
2026-05-28T14:44:12.137+05:30 DEBUG 25372 --- [thundercore-erp] [nio-8080-exec-4] o.s.web.servlet.DispatcherServlet        : GET "/api/dashboard/stats", parameters={}
2026-05-28T14:44:12.139+05:30 DEBUG 25372 --- [thundercore-erp] [nio-8080-exec-4] s.w.s.m.m.a.RequestMappingHandlerMapping : Mapped to com.thundercore.erp.dashboard.controller.DashboardController#getStats()
2026-05-28T14:44:12.143+05:30 DEBUG 25372 --- [thundercore-erp] [nio-8080-exec-4] org.hibernate.SQL                        : 
    select
        p1_0.id,
        p1_0.category,
        p1_0.created_at,
        p1_0.description,
        p1_0.name,
        p1_0.quantity,
        p1_0.reorder_threshold,
        p1_0.sku,
        p1_0.supplier,
        p1_0.unit_price,
        p1_0.updated_at 
    from
        products p1_0
2026-05-28T14:44:12.149+05:30 DEBUG 25372 --- [thundercore-erp] [nio-8080-exec-4] org.hibernate.SQL                        : 
    select
        i1_0.id,
        i1_0.created_at,
        i1_0.customer_email,
        i1_0.customer_name,
        i1_0.invoice_number,
        i1_0.net_amount,
        i1_0.notes,
        i1_0.status,
        i1_0.tax_amount,
        i1_0.total_amount,
        i1_0.updated_at 
    from
        invoices i1_0
2026-05-28T14:44:12.154+05:30 DEBUG 25372 --- [thundercore-erp] [nio-8080-exec-4] org.hibernate.SQL                        : 
    select
        count(*) 
    from
        products p1_0
2026-05-28T14:44:12.158+05:30 DEBUG 25372 --- [thundercore-erp] [nboundChannel-3] org.springframework.web.SimpLogging      : Processing SUBSCRIBE destination=/queue/notifications-usertx4dvmuf subscriptionId=sub-0 session=tx4dvmuf user=manager@thundercore.com payload=byte[0]
2026-05-28T14:44:12.158+05:30 DEBUG 25372 --- [thundercore-erp] [nboundChannel-2] org.springframework.web.SimpLogging      : Processing SUBSCRIBE /topic/dashboard id=sub-1 session=tx4dvmuf
2026-05-28T14:44:12.160+05:30 DEBUG 25372 --- [thundercore-erp] [nio-8080-exec-4] org.hibernate.SQL                        : 
    select
        count(*) 
    from
        employees e1_0
2026-05-28T14:44:12.166+05:30 DEBUG 25372 --- [thundercore-erp] [nio-8080-exec-4] org.hibernate.SQL                        : 
    select
        count(*) 
    from
        invoices i1_0
2026-05-28T14:44:12.170+05:30 DEBUG 25372 --- [thundercore-erp] [nio-8080-exec-4] org.hibernate.SQL                        : 
    select
        count(*) 
    from
        users u1_0
2026-05-28T14:44:12.173+05:30 DEBUG 25372 --- [thundercore-erp] [nio-8080-exec-4] org.hibernate.SQL                        : 
    select
        count(*) 
    from
        customers c1_0
2026-05-28T14:44:12.176+05:30 DEBUG 25372 --- [thundercore-erp] [nio-8080-exec-4] org.hibernate.SQL                        : 
    select
        count(*) 
    from
        sale_orders so1_0
2026-05-28T14:44:12.180+05:30 DEBUG 25372 --- [thundercore-erp] [nio-8080-exec-4] org.hibernate.SQL                        : 
    select
        coalesce(sum(i1_0.net_amount), 0) 
    from
        invoices i1_0 
    where
        i1_0.status=?
2026-05-28T14:44:12.185+05:30 DEBUG 25372 --- [thundercore-erp] [nio-8080-exec-4] org.hibernate.SQL                        : 
    select
        count(i1_0.id) 
    from
        invoices i1_0 
    where
        i1_0.status=?
2026-05-28T14:44:12.189+05:30 DEBUG 25372 --- [thundercore-erp] [nio-8080-exec-4] o.s.w.s.m.m.a.HttpEntityMethodProcessor  : Using 'application/json', given [application/json, text/plain, */*] and supported [application/json, application/*+json, application/yaml]
2026-05-28T14:44:12.191+05:30 DEBUG 25372 --- [thundercore-erp] [nio-8080-exec-4] o.s.w.s.m.m.a.HttpEntityMethodProcessor  : Writing [ApiResponse(success=true, message=Dashboard stats retrieved, data={totalProducts=0, totalEmployees=0 (truncated)...]
2026-05-28T14:44:12.195+05:30 DEBUG 25372 --- [thundercore-erp] [nio-8080-exec-4] o.s.web.servlet.DispatcherServlet        : Completed 200 OK
2026-05-28T14:44:14.531+05:30 DEBUG 25372 --- [thundercore-erp] [nio-8080-exec-9] s.w.s.h.LoggingWebSocketHandlerDecorator : WebSocketServerSockJsSession[id=tx4dvmuf] closed with CloseStatus[code=1001, reason=null]
2026-05-28T14:44:14.534+05:30 DEBUG 25372 --- [thundercore-erp] [nio-8080-exec-9] o.s.w.s.m.SubProtocolWebSocketHandler    : Clearing session tx4dvmuf
2026-05-28T14:44:14.536+05:30 DEBUG 25372 --- [thundercore-erp] [nboundChannel-7] org.springframework.web.SimpLogging      : Processing DISCONNECT session=tx4dvmuf
2026-05-28T14:44:14.540+05:30 DEBUG 25372 --- [thundercore-erp] [tboundChannel-4] o.s.w.s.m.SubProtocolWebSocketHandler    : No session for GenericMessage [payload=byte[0], headers={simpMessageType=DISCONNECT_ACK, simpDisconnectMessage=GenericMessage [payload=byte[0], headers={simpMessageType=DISCONNECT, stompCommand=DISCONNECT, simpSessionAttributes={org.springframework.messaging.simp.SimpAttributes.COMPLETED=true}, simpUser=UsernamePasswordAuthenticationToken [Principal=org.springframework.security.core.userdetails.User [Username=manager@thundercore.com, Password=[PROTECTED], Enabled=true, AccountNonExpired=true, CredentialsNonExpired=true, AccountNonLocked=true, Granted Authorities=[ROLE_MANAGER]], Credentials=[PROTECTED], Authenticated=true, Details=null, Granted Authorities=[ROLE_MANAGER]], simpSessionId=tx4dvmuf}], simpUser=UsernamePasswordAuthenticationToken [Principal=org.springframework.security.core.userdetails.User [Username=manager@thundercore.com, Password=[PROTECTED], Enabled=true, AccountNonExpired=true, CredentialsNonExpired=true, AccountNonLocked=true, Granted Authorities=[ROLE_MANAGER]], Credentials=[PROTECTED], Authenticated=true, Details=null, Granted Authorities=[ROLE_MANAGER]], simpSessionId=tx4dvmuf}]
2026-05-28T14:44:16.087+05:30 DEBUG 25372 --- [thundercore-erp] [io-8080-exec-10] o.s.web.servlet.DispatcherServlet        : POST "/api/auth/login", parameters={}
2026-05-28T14:44:16.090+05:30 DEBUG 25372 --- [thundercore-erp] [io-8080-exec-10] s.w.s.m.m.a.RequestMappingHandlerMapping : Mapped to com.thundercore.erp.auth.controller.AuthController#login(AuthRequest)
2026-05-28T14:44:16.092+05:30 DEBUG 25372 --- [thundercore-erp] [io-8080-exec-10] m.m.a.RequestResponseBodyMethodProcessor : Read "application/json;charset=UTF-8" to [AuthRequest(email=staff@thundercore.com, password=Staff@123)]
2026-05-28T14:44:16.096+05:30 DEBUG 25372 --- [thundercore-erp] [io-8080-exec-10] org.hibernate.SQL                        : 
    select
        u1_0.id,
        u1_0.active,
        u1_0.created_at,
        u1_0.email,
        u1_0.first_name,
        u1_0.last_name,
        u1_0.password,
        u1_0.role,
        u1_0.updated_at 
    from
        users u1_0 
    where
        u1_0.email=?
2026-05-28T14:44:16.193+05:30 DEBUG 25372 --- [thundercore-erp] [io-8080-exec-10] org.hibernate.SQL                        : 
    select
        u1_0.id,
        u1_0.active,
        u1_0.created_at,
        u1_0.email,
        u1_0.first_name,
        u1_0.last_name,
        u1_0.password,
        u1_0.role,
        u1_0.updated_at 
    from
        users u1_0 
    where
        u1_0.email=?
2026-05-28T14:44:16.199+05:30 DEBUG 25372 --- [thundercore-erp] [io-8080-exec-10] org.hibernate.SQL                        : 
    select
        u1_0.id,
        u1_0.active,
        u1_0.created_at,
        u1_0.email,
        u1_0.first_name,
        u1_0.last_name,
        u1_0.password,
        u1_0.role,
        u1_0.updated_at 
    from
        users u1_0 
    where
        u1_0.email=?
2026-05-28T14:44:16.202+05:30  INFO 25372 --- [thundercore-erp] [io-8080-exec-10] c.t.erp.auth.controller.AuthController   : Successful login: staff@thundercore.com (role=STAFF)
2026-05-28T14:44:16.205+05:30 DEBUG 25372 --- [thundercore-erp] [io-8080-exec-10] o.s.w.s.m.m.a.HttpEntityMethodProcessor  : Using 'application/json', given [application/json, text/plain, */*] and supported [application/json, application/*+json, application/yaml]
2026-05-28T14:44:16.206+05:30 DEBUG 25372 --- [thundercore-erp] [io-8080-exec-10] o.s.w.s.m.m.a.HttpEntityMethodProcessor  : Writing [AuthResponse(token=eyJhbGciOiJIUzM4NCJ9.eyJzdWIiOiJzdGFmZkB0aHVuZGVyY29yZS5jb20iLCJpYXQiOjE3Nzk5NTk2 (truncated)...]
2026-05-28T14:44:16.209+05:30 DEBUG 25372 --- [thundercore-erp] [io-8080-exec-10] o.s.web.servlet.DispatcherServlet        : Completed 200 OK
2026-05-28T14:44:16.261+05:30 DEBUG 25372 --- [thundercore-erp] [nio-8080-exec-2] org.hibernate.SQL                        : 
    select
        u1_0.id,
        u1_0.active,
        u1_0.created_at,
        u1_0.email,
        u1_0.first_name,
        u1_0.last_name,
        u1_0.password,
        u1_0.role,
        u1_0.updated_at 
    from
        users u1_0 
    where
        u1_0.email=?
2026-05-28T14:44:16.261+05:30 DEBUG 25372 --- [thundercore-erp] [nio-8080-exec-6] org.hibernate.SQL                        : 
    select
        u1_0.id,
        u1_0.active,
        u1_0.created_at,
        u1_0.email,
        u1_0.first_name,
        u1_0.last_name,
        u1_0.password,
        u1_0.role,
        u1_0.updated_at 
    from
        users u1_0 
    where
        u1_0.email=?
2026-05-28T14:44:16.271+05:30 DEBUG 25372 --- [thundercore-erp] [nio-8080-exec-2] o.s.web.servlet.DispatcherServlet        : GET "/api/dashboard/stats", parameters={}
2026-05-28T14:44:16.273+05:30 DEBUG 25372 --- [thundercore-erp] [nio-8080-exec-2] s.w.s.m.m.a.RequestMappingHandlerMapping : Mapped to com.thundercore.erp.dashboard.controller.DashboardController#getStats()
2026-05-28T14:44:16.274+05:30 DEBUG 25372 --- [thundercore-erp] [nio-8080-exec-6] o.s.web.servlet.DispatcherServlet        : GET "/api/notifications/me", parameters={}
2026-05-28T14:44:16.277+05:30 DEBUG 25372 --- [thundercore-erp] [nio-8080-exec-6] s.w.s.m.m.a.RequestMappingHandlerMapping : Mapped to com.thundercore.erp.notification.controller.NotificationController#getMyNotifications(Authentication)
2026-05-28T14:44:16.277+05:30 DEBUG 25372 --- [thundercore-erp] [nio-8080-exec-2] org.hibernate.SQL                        : 
    select
        p1_0.id,
        p1_0.category,
        p1_0.created_at,
        p1_0.description,
        p1_0.name,
        p1_0.quantity,
        p1_0.reorder_threshold,
        p1_0.sku,
        p1_0.supplier,
        p1_0.unit_price,
        p1_0.updated_at 
    from
        products p1_0
2026-05-28T14:44:16.277+05:30 DEBUG 25372 --- [thundercore-erp] [nio-8080-exec-7] o.s.web.servlet.DispatcherServlet        : GET "/ws/info?t=1779959656267", parameters={masked}
2026-05-28T14:44:16.281+05:30 DEBUG 25372 --- [thundercore-erp] [nio-8080-exec-6] org.hibernate.SQL                        : 
    select
        u1_0.id,
        u1_0.active,
        u1_0.created_at,
        u1_0.email,
        u1_0.first_name,
        u1_0.last_name,
        u1_0.password,
        u1_0.role,
        u1_0.updated_at 
    from
        users u1_0 
    where
        u1_0.email=?
2026-05-28T14:44:16.282+05:30 DEBUG 25372 --- [thundercore-erp] [nio-8080-exec-2] org.hibernate.SQL                        : 
    select
        i1_0.id,
        i1_0.created_at,
        i1_0.customer_email,
        i1_0.customer_name,
        i1_0.invoice_number,
        i1_0.net_amount,
        i1_0.notes,
        i1_0.status,
        i1_0.tax_amount,
        i1_0.total_amount,
        i1_0.updated_at 
    from
        invoices i1_0
2026-05-28T14:44:16.282+05:30 DEBUG 25372 --- [thundercore-erp] [nio-8080-exec-7] o.s.w.s.s.s.WebSocketHandlerMapping      : Mapped to org.springframework.web.socket.sockjs.support.SockJsHttpRequestHandler@714f3e27
2026-05-28T14:44:16.286+05:30 DEBUG 25372 --- [thundercore-erp] [nio-8080-exec-7] o.s.w.s.s.t.h.DefaultSockJsService       : Processing transport request: GET http://localhost:8080/ws/info?t=1779959656267
2026-05-28T14:44:16.287+05:30 DEBUG 25372 --- [thundercore-erp] [nio-8080-exec-6] org.hibernate.SQL                        : 
    select
        n1_0.id,
        n1_0.created_at,
        n1_0.is_read,
        n1_0.message,
        n1_0.title,
        n1_0.user_id 
    from
        notifications n1_0 
    left join
        users u1_0 
            on u1_0.id=n1_0.user_id 
    where
        u1_0.id=? 
    order by
        n1_0.created_at desc
2026-05-28T14:44:16.287+05:30 DEBUG 25372 --- [thundercore-erp] [nio-8080-exec-2] org.hibernate.SQL                        : 
    select
        count(*) 
    from
        products p1_0
2026-05-28T14:44:16.289+05:30 DEBUG 25372 --- [thundercore-erp] [nio-8080-exec-7] o.s.web.servlet.DispatcherServlet        : Completed 200 OK
2026-05-28T14:44:16.292+05:30 DEBUG 25372 --- [thundercore-erp] [nio-8080-exec-6] o.s.w.s.m.m.a.HttpEntityMethodProcessor  : Using 'application/json', given [application/json, text/plain, */*] and supported [application/json, application/*+json, application/yaml]
2026-05-28T14:44:16.292+05:30 DEBUG 25372 --- [thundercore-erp] [nio-8080-exec-2] org.hibernate.SQL                        : 
    select
        count(*) 
    from
        employees e1_0
2026-05-28T14:44:16.293+05:30 DEBUG 25372 --- [thundercore-erp] [nio-8080-exec-6] o.s.w.s.m.m.a.HttpEntityMethodProcessor  : Writing [ApiResponse(success=true, message=Notifications retrieved, data=[])]
2026-05-28T14:44:16.297+05:30 DEBUG 25372 --- [thundercore-erp] [nio-8080-exec-2] org.hibernate.SQL                        : 
    select
        count(*) 
    from
        invoices i1_0
2026-05-28T14:44:16.298+05:30 DEBUG 25372 --- [thundercore-erp] [nio-8080-exec-6] o.s.web.servlet.DispatcherServlet        : Completed 200 OK
2026-05-28T14:44:16.302+05:30 DEBUG 25372 --- [thundercore-erp] [nio-8080-exec-2] org.hibernate.SQL                        : 
    select
        count(*) 
    from
        users u1_0
2026-05-28T14:44:16.307+05:30 DEBUG 25372 --- [thundercore-erp] [nio-8080-exec-2] org.hibernate.SQL                        : 
    select
        count(*) 
    from
        customers c1_0
2026-05-28T14:44:16.311+05:30 DEBUG 25372 --- [thundercore-erp] [nio-8080-exec-2] org.hibernate.SQL                        : 
    select
        count(*) 
    from
        sale_orders so1_0
2026-05-28T14:44:16.313+05:30 DEBUG 25372 --- [thundercore-erp] [nio-8080-exec-1] org.hibernate.SQL                        : 
    select
        u1_0.id,
        u1_0.active,
        u1_0.created_at,
        u1_0.email,
        u1_0.first_name,
        u1_0.last_name,
        u1_0.password,
        u1_0.role,
        u1_0.updated_at 
    from
        users u1_0 
    where
        u1_0.email=?
2026-05-28T14:44:16.313+05:30 DEBUG 25372 --- [thundercore-erp] [nio-8080-exec-3] o.s.web.servlet.DispatcherServlet        : GET "/ws/118/ibwkhtd2/websocket", parameters={}
2026-05-28T14:44:16.315+05:30 DEBUG 25372 --- [thundercore-erp] [nio-8080-exec-2] org.hibernate.SQL                        : 
    select
        coalesce(sum(i1_0.net_amount), 0) 
    from
        invoices i1_0 
    where
        i1_0.status=?
2026-05-28T14:44:16.317+05:30 DEBUG 25372 --- [thundercore-erp] [nio-8080-exec-3] o.s.w.s.s.s.WebSocketHandlerMapping      : Mapped to org.springframework.web.socket.sockjs.support.SockJsHttpRequestHandler@714f3e27
2026-05-28T14:44:16.318+05:30 DEBUG 25372 --- [thundercore-erp] [nio-8080-exec-3] o.s.w.s.s.t.h.DefaultSockJsService       : Processing transport request: GET http://localhost:8080/ws/118/ibwkhtd2/websocket
2026-05-28T14:44:16.320+05:30 DEBUG 25372 --- [thundercore-erp] [nio-8080-exec-1] o.s.web.servlet.DispatcherServlet        : GET "/api/notifications/me", parameters={}
2026-05-28T14:44:16.321+05:30 DEBUG 25372 --- [thundercore-erp] [nio-8080-exec-2] org.hibernate.SQL                        : 
    select
        count(i1_0.id) 
    from
        invoices i1_0 
    where
        i1_0.status=?
2026-05-28T14:44:16.322+05:30 DEBUG 25372 --- [thundercore-erp] [nio-8080-exec-3] o.s.web.servlet.DispatcherServlet        : Completed 101 SWITCHING_PROTOCOLS
2026-05-28T14:44:16.322+05:30 DEBUG 25372 --- [thundercore-erp] [nio-8080-exec-1] s.w.s.m.m.a.RequestMappingHandlerMapping : Mapped to com.thundercore.erp.notification.controller.NotificationController#getMyNotifications(Authentication)
2026-05-28T14:44:16.326+05:30 DEBUG 25372 --- [thundercore-erp] [nio-8080-exec-3] s.w.s.h.LoggingWebSocketHandlerDecorator : New WebSocketServerSockJsSession[id=ibwkhtd2]
2026-05-28T14:44:16.326+05:30 DEBUG 25372 --- [thundercore-erp] [nio-8080-exec-2] o.s.w.s.m.m.a.HttpEntityMethodProcessor  : Using 'application/json', given [application/json, text/plain, */*] and supported [application/json, application/*+json, application/yaml]
2026-05-28T14:44:16.329+05:30 DEBUG 25372 --- [thundercore-erp] [nio-8080-exec-2] o.s.w.s.m.m.a.HttpEntityMethodProcessor  : Writing [ApiResponse(success=true, message=Dashboard stats retrieved, data={totalProducts=0, totalEmployees=0 (truncated)...]
2026-05-28T14:44:16.329+05:30 DEBUG 25372 --- [thundercore-erp] [nio-8080-exec-1] org.hibernate.SQL                        : 
    select
        u1_0.id,
        u1_0.active,
        u1_0.created_at,
        u1_0.email,
        u1_0.first_name,
        u1_0.last_name,
        u1_0.password,
        u1_0.role,
        u1_0.updated_at 
    from
        users u1_0 
    where
        u1_0.email=?
2026-05-28T14:44:16.332+05:30 DEBUG 25372 --- [thundercore-erp] [nio-8080-exec-2] o.s.web.servlet.DispatcherServlet        : Completed 200 OK
2026-05-28T14:44:16.336+05:30 DEBUG 25372 --- [thundercore-erp] [nio-8080-exec-5] org.hibernate.SQL                        : 
    select
        u1_0.id,
        u1_0.active,
        u1_0.created_at,
        u1_0.email,
        u1_0.first_name,
        u1_0.last_name,
        u1_0.password,
        u1_0.role,
        u1_0.updated_at 
    from
        users u1_0 
    where
        u1_0.email=?
2026-05-28T14:44:16.337+05:30 DEBUG 25372 --- [thundercore-erp] [nio-8080-exec-1] org.hibernate.SQL                        : 
    select
        n1_0.id,
        n1_0.created_at,
        n1_0.is_read,
        n1_0.message,
        n1_0.title,
        n1_0.user_id 
    from
        notifications n1_0 
    left join
        users u1_0 
            on u1_0.id=n1_0.user_id 
    where
        u1_0.id=? 
    order by
        n1_0.created_at desc
2026-05-28T14:44:16.341+05:30 DEBUG 25372 --- [thundercore-erp] [nio-8080-exec-1] o.s.w.s.m.m.a.HttpEntityMethodProcessor  : Using 'application/json', given [application/json, text/plain, */*] and supported [application/json, application/*+json, application/yaml]
2026-05-28T14:44:16.345+05:30 DEBUG 25372 --- [thundercore-erp] [nboundChannel-6] org.springframework.web.SimpLogging      : Processing CONNECT user=staff@thundercore.com session=ibwkhtd2
2026-05-28T14:44:16.346+05:30 DEBUG 25372 --- [thundercore-erp] [nio-8080-exec-1] o.s.w.s.m.m.a.HttpEntityMethodProcessor  : Writing [ApiResponse(success=true, message=Notifications retrieved, data=[])]
2026-05-28T14:44:16.350+05:30 DEBUG 25372 --- [thundercore-erp] [nio-8080-exec-8] org.hibernate.SQL                        : 
    select
        u1_0.id,
        u1_0.active,
        u1_0.created_at,
        u1_0.email,
        u1_0.first_name,
        u1_0.last_name,
        u1_0.password,
        u1_0.role,
        u1_0.updated_at 
    from
        users u1_0 
    where
        u1_0.email=?
2026-05-28T14:44:16.351+05:30 DEBUG 25372 --- [thundercore-erp] [nio-8080-exec-1] o.s.web.servlet.DispatcherServlet        : Completed 200 OK
2026-05-28T14:44:16.358+05:30 DEBUG 25372 --- [thundercore-erp] [nio-8080-exec-8] o.s.web.servlet.DispatcherServlet        : GET "/api/dashboard/stats", parameters={}
2026-05-28T14:44:16.360+05:30 DEBUG 25372 --- [thundercore-erp] [nio-8080-exec-8] s.w.s.m.m.a.RequestMappingHandlerMapping : Mapped to com.thundercore.erp.dashboard.controller.DashboardController#getStats()
2026-05-28T14:44:16.363+05:30 DEBUG 25372 --- [thundercore-erp] [nio-8080-exec-8] org.hibernate.SQL                        : 
    select
        p1_0.id,
        p1_0.category,
        p1_0.created_at,
        p1_0.description,
        p1_0.name,
        p1_0.quantity,
        p1_0.reorder_threshold,
        p1_0.sku,
        p1_0.supplier,
        p1_0.unit_price,
        p1_0.updated_at 
    from
        products p1_0
2026-05-28T14:44:16.368+05:30 DEBUG 25372 --- [thundercore-erp] [nio-8080-exec-8] org.hibernate.SQL                        : 
    select
        i1_0.id,
        i1_0.created_at,
        i1_0.customer_email,
        i1_0.customer_name,
        i1_0.invoice_number,
        i1_0.net_amount,
        i1_0.notes,
        i1_0.status,
        i1_0.tax_amount,
        i1_0.total_amount,
        i1_0.updated_at 
    from
        invoices i1_0
2026-05-28T14:44:16.372+05:30 DEBUG 25372 --- [thundercore-erp] [nio-8080-exec-8] org.hibernate.SQL                        : 
    select
        count(*) 
    from
        products p1_0
2026-05-28T14:44:16.376+05:30 DEBUG 25372 --- [thundercore-erp] [nio-8080-exec-8] org.hibernate.SQL                        : 
    select
        count(*) 
    from
        employees e1_0
2026-05-28T14:44:16.380+05:30 DEBUG 25372 --- [thundercore-erp] [nio-8080-exec-8] org.hibernate.SQL                        : 
    select
        count(*) 
    from
        invoices i1_0
2026-05-28T14:44:16.383+05:30 DEBUG 25372 --- [thundercore-erp] [nio-8080-exec-8] org.hibernate.SQL                        : 
    select
        count(*) 
    from
        users u1_0
2026-05-28T14:44:16.387+05:30 DEBUG 25372 --- [thundercore-erp] [nio-8080-exec-8] org.hibernate.SQL                        : 
    select
        count(*) 
    from
        customers c1_0
2026-05-28T14:44:16.390+05:30 DEBUG 25372 --- [thundercore-erp] [nio-8080-exec-8] org.hibernate.SQL                        : 
    select
        count(*) 
    from
        sale_orders so1_0
2026-05-28T14:44:16.392+05:30 DEBUG 25372 --- [thundercore-erp] [nio-8080-exec-8] org.hibernate.SQL                        : 
    select
        coalesce(sum(i1_0.net_amount), 0) 
    from
        invoices i1_0 
    where
        i1_0.status=?
2026-05-28T14:44:16.395+05:30 DEBUG 25372 --- [thundercore-erp] [nio-8080-exec-8] org.hibernate.SQL                        : 
    select
        count(i1_0.id) 
    from
        invoices i1_0 
    where
        i1_0.status=?
2026-05-28T14:44:16.398+05:30 DEBUG 25372 --- [thundercore-erp] [nio-8080-exec-8] o.s.w.s.m.m.a.HttpEntityMethodProcessor  : Using 'application/json', given [application/json, text/plain, */*] and supported [application/json, application/*+json, application/yaml]
2026-05-28T14:44:16.399+05:30 DEBUG 25372 --- [thundercore-erp] [nio-8080-exec-8] o.s.w.s.m.m.a.HttpEntityMethodProcessor  : Writing [ApiResponse(success=true, message=Dashboard stats retrieved, data={totalProducts=0, totalEmployees=0 (truncated)...]
2026-05-28T14:44:16.401+05:30 DEBUG 25372 --- [thundercore-erp] [nio-8080-exec-8] o.s.web.servlet.DispatcherServlet        : Completed 200 OK
2026-05-28T14:44:16.435+05:30 DEBUG 25372 --- [thundercore-erp] [boundChannel-11] org.springframework.web.SimpLogging      : Processing SUBSCRIBE destination=/queue/notifications-useribwkhtd2 subscriptionId=sub-0 session=ibwkhtd2 user=staff@thundercore.com payload=byte[0]
2026-05-28T14:44:16.436+05:30 DEBUG 25372 --- [thundercore-erp] [boundChannel-14] org.springframework.web.SimpLogging      : Processing SUBSCRIBE /topic/dashboard id=sub-1 session=ibwkhtd2
2026-05-28T14:44:17.830+05:30 DEBUG 25372 --- [thundercore-erp] [MessageBroker-3] o.s.w.s.s.t.h.DefaultSockJsService       : Closed 1 sessions: [oe1wezyt]
2026-05-28T14:44:18.760+05:30 DEBUG 25372 --- [thundercore-erp] [nio-8080-exec-9] s.w.s.h.LoggingWebSocketHandlerDecorator : WebSocketServerSockJsSession[id=ibwkhtd2] closed with CloseStatus[code=1001, reason=null]
2026-05-28T14:44:18.762+05:30 DEBUG 25372 --- [thundercore-erp] [nio-8080-exec-9] o.s.w.s.m.SubProtocolWebSocketHandler    : Clearing session ibwkhtd2
2026-05-28T14:44:18.764+05:30 DEBUG 25372 --- [thundercore-erp] [boundChannel-16] org.springframework.web.SimpLogging      : Processing DISCONNECT session=ibwkhtd2
2026-05-28T14:44:18.768+05:30 DEBUG 25372 --- [thundercore-erp] [tboundChannel-6] o.s.w.s.m.SubProtocolWebSocketHandler    : No session for GenericMessage [payload=byte[0], headers={simpMessageType=DISCONNECT_ACK, simpDisconnectMessage=GenericMessage [payload=byte[0], headers={simpMessageType=DISCONNECT, stompCommand=DISCONNECT, simpSessionAttributes={org.springframework.messaging.simp.SimpAttributes.COMPLETED=true}, simpUser=UsernamePasswordAuthenticationToken [Principal=org.springframework.security.core.userdetails.User [Username=staff@thundercore.com, Password=[PROTECTED], Enabled=true, AccountNonExpired=true, CredentialsNonExpired=true, AccountNonLocked=true, Granted Authorities=[ROLE_STAFF]], Credentials=[PROTECTED], Authenticated=true, Details=null, Granted Authorities=[ROLE_STAFF]], simpSessionId=ibwkhtd2}], simpUser=UsernamePasswordAuthenticationToken [Principal=org.springframework.security.core.userdetails.User [Username=staff@thundercore.com, Password=[PROTECTED], Enabled=true, AccountNonExpired=true, CredentialsNonExpired=true, AccountNonLocked=true, Granted Authorities=[ROLE_STAFF]], Credentials=[PROTECTED], Authenticated=true, Details=null, Granted Authorities=[ROLE_STAFF]], simpSessionId=ibwkhtd2}]
2026-05-28T14:44:22.829+05:30 DEBUG 25372 --- [thundercore-erp] [MessageBroker-3] o.s.w.s.s.t.h.DefaultSockJsService       : Closed 1 sessions: [tx4dvmuf]
2026-05-28T14:44:27.828+05:30 DEBUG 25372 --- [thundercore-erp] [MessageBroker-3] o.s.w.s.s.t.h.DefaultSockJsService       : Closed 1 sessions: [ibwkhtd2]
2026-05-28T14:44:40.633+05:30 DEBUG 25372 --- [thundercore-erp] [io-8080-exec-10] o.s.web.servlet.DispatcherServlet        : GET "/actuator/health", parameters={}
2026-05-28T14:44:40.635+05:30 DEBUG 25372 --- [thundercore-erp] [io-8080-exec-10] s.b.a.e.w.s.WebMvcEndpointHandlerMapping : Mapped to Actuator web endpoint 'health'
2026-05-28T14:44:40.641+05:30 DEBUG 25372 --- [thundercore-erp] [io-8080-exec-10] m.m.a.RequestResponseBodyMethodProcessor : Read "application/octet-stream" to []
2026-05-28T14:44:41.133+05:30 DEBUG 25372 --- [thundercore-erp] [io-8080-exec-10] o.s.w.s.m.m.a.HttpEntityMethodProcessor  : Using 'application/vnd.spring-boot.actuator.v3+json', given [*/*] and supported [application/vnd.spring-boot.actuator.v3+json, application/vnd.spring-boot.actuator.v2+json, application/json]
2026-05-28T14:44:41.155+05:30 DEBUG 25372 --- [thundercore-erp] [io-8080-exec-10] o.s.w.s.m.m.a.HttpEntityMethodProcessor  : Writing [org.springframework.boot.actuate.health.SystemHealth@4b01b54a]
2026-05-28T14:44:41.161+05:30 DEBUG 25372 --- [thundercore-erp] [io-8080-exec-10] o.s.web.servlet.DispatcherServlet        : Completed 200 OK
2026-05-28T14:44:41.370+05:30 DEBUG 25372 --- [thundercore-erp] [nio-8080-exec-7] o.s.web.servlet.DispatcherServlet        : GET "/swagger-ui.html", parameters={}
2026-05-28T14:44:41.374+05:30 DEBUG 25372 --- [thundercore-erp] [nio-8080-exec-7] s.w.s.m.m.a.RequestMappingHandlerMapping : Mapped to org.springdoc.webmvc.ui.SwaggerWelcomeWebMvc#redirectToUi(HttpServletRequest)
2026-05-28T14:44:41.434+05:30 DEBUG 25372 --- [thundercore-erp] [nio-8080-exec-7] o.s.w.s.m.m.a.HttpEntityMethodProcessor  : Using 'application/json', given [*/*] and supported [application/json, application/*+json, application/yaml]
2026-05-28T14:44:41.437+05:30 DEBUG 25372 --- [thundercore-erp] [nio-8080-exec-7] o.s.w.s.m.m.a.HttpEntityMethodProcessor  : Nothing to write: null body
2026-05-28T14:44:41.439+05:30 DEBUG 25372 --- [thundercore-erp] [nio-8080-exec-7] o.s.web.servlet.DispatcherServlet        : Completed 302 FOUND
2026-05-28T14:44:41.448+05:30 DEBUG 25372 --- [thundercore-erp] [nio-8080-exec-6] o.s.web.servlet.DispatcherServlet        : GET "/swagger-ui/index.html", parameters={}
2026-05-28T14:44:41.450+05:30 DEBUG 25372 --- [thundercore-erp] [nio-8080-exec-6] o.s.w.s.handler.SimpleUrlHandlerMapping  : Mapped to ResourceHttpRequestHandler [classpath [META-INF/resources/webjars/]]
2026-05-28T14:44:41.480+05:30 DEBUG 25372 --- [thundercore-erp] [nio-8080-exec-6] o.s.web.servlet.DispatcherServlet        : Completed 200 OK
2026-05-28T14:44:41.600+05:30 DEBUG 25372 --- [thundercore-erp] [nio-8080-exec-3] o.s.web.servlet.DispatcherServlet        : POST "/api/auth/login", parameters={}
2026-05-28T14:44:41.602+05:30 DEBUG 25372 --- [thundercore-erp] [nio-8080-exec-3] s.w.s.m.m.a.RequestMappingHandlerMapping : Mapped to com.thundercore.erp.auth.controller.AuthController#login(AuthRequest)
2026-05-28T14:44:41.604+05:30 DEBUG 25372 --- [thundercore-erp] [nio-8080-exec-3] m.m.a.RequestResponseBodyMethodProcessor : Read "application/json;charset=UTF-8" to [AuthRequest(email=admin@thundercore.com, password=Admin@123)]
2026-05-28T14:44:41.610+05:30 DEBUG 25372 --- [thundercore-erp] [nio-8080-exec-3] org.hibernate.SQL                        : 
    select
        u1_0.id,
        u1_0.active,
        u1_0.created_at,
        u1_0.email,
        u1_0.first_name,
        u1_0.last_name,
        u1_0.password,
        u1_0.role,
        u1_0.updated_at 
    from
        users u1_0 
    where
        u1_0.email=?
2026-05-28T14:44:41.715+05:30 DEBUG 25372 --- [thundercore-erp] [nio-8080-exec-3] org.hibernate.SQL                        : 
    select
        u1_0.id,
        u1_0.active,
        u1_0.created_at,
        u1_0.email,
        u1_0.first_name,
        u1_0.last_name,
        u1_0.password,
        u1_0.role,
        u1_0.updated_at 
    from
        users u1_0 
    where
        u1_0.email=?
2026-05-28T14:44:41.722+05:30 DEBUG 25372 --- [thundercore-erp] [nio-8080-exec-3] org.hibernate.SQL                        : 
    select
        u1_0.id,
        u1_0.active,
        u1_0.created_at,
        u1_0.email,
        u1_0.first_name,
        u1_0.last_name,
        u1_0.password,
        u1_0.role,
        u1_0.updated_at 
    from
        users u1_0 
    where
        u1_0.email=?
2026-05-28T14:44:41.725+05:30  INFO 25372 --- [thundercore-erp] [nio-8080-exec-3] c.t.erp.auth.controller.AuthController   : Successful login: admin@thundercore.com (role=SUPER_ADMIN)
2026-05-28T14:44:41.728+05:30 DEBUG 25372 --- [thundercore-erp] [nio-8080-exec-3] o.s.w.s.m.m.a.HttpEntityMethodProcessor  : Using 'application/json', given [*/*] and supported [application/json, application/*+json, application/yaml]
2026-05-28T14:44:41.730+05:30 DEBUG 25372 --- [thundercore-erp] [nio-8080-exec-3] o.s.w.s.m.m.a.HttpEntityMethodProcessor  : Writing [AuthResponse(token=eyJhbGciOiJIUzM4NCJ9.eyJzdWIiOiJhZG1pbkB0aHVuZGVyY29yZS5jb20iLCJpYXQiOjE3Nzk5NTk2 (truncated)...]
2026-05-28T14:44:41.733+05:30 DEBUG 25372 --- [thundercore-erp] [nio-8080-exec-3] o.s.web.servlet.DispatcherServlet        : Completed 200 OK
2026-05-28T14:55:59.927+05:30 DEBUG 25372 --- [thundercore-erp] [nio-8080-exec-1] o.s.web.servlet.DispatcherServlet        : GET "/actuator/health", parameters={}
2026-05-28T14:55:59.927+05:30 DEBUG 25372 --- [thundercore-erp] [nio-8080-exec-5] o.s.web.servlet.DispatcherServlet        : GET "/swagger-ui.html", parameters={}
2026-05-28T14:56:00.146+05:30 DEBUG 25372 --- [thundercore-erp] [nio-8080-exec-5] s.w.s.m.m.a.RequestMappingHandlerMapping : Mapped to org.springdoc.webmvc.ui.SwaggerWelcomeWebMvc#redirectToUi(HttpServletRequest)
2026-05-28T14:56:00.146+05:30 DEBUG 25372 --- [thundercore-erp] [nio-8080-exec-1] s.b.a.e.w.s.WebMvcEndpointHandlerMapping : Mapped to Actuator web endpoint 'health'
2026-05-28T14:56:00.227+05:30 DEBUG 25372 --- [thundercore-erp] [nio-8080-exec-1] m.m.a.RequestResponseBodyMethodProcessor : Read "application/octet-stream" to []
2026-05-28T14:56:00.287+05:30 DEBUG 25372 --- [thundercore-erp] [nio-8080-exec-5] o.s.w.s.m.m.a.HttpEntityMethodProcessor  : Using 'application/json', given [*/*] and supported [application/json, application/*+json, application/yaml]
2026-05-28T14:56:00.295+05:30 DEBUG 25372 --- [thundercore-erp] [nio-8080-exec-5] o.s.w.s.m.m.a.HttpEntityMethodProcessor  : Nothing to write: null body
2026-05-28T14:56:00.303+05:30 DEBUG 25372 --- [thundercore-erp] [nio-8080-exec-5] o.s.web.servlet.DispatcherServlet        : Completed 302 FOUND
2026-05-28T14:56:00.358+05:30 DEBUG 25372 --- [thundercore-erp] [nio-8080-exec-5] o.s.web.servlet.DispatcherServlet        : GET "/swagger-ui/index.html", parameters={}
2026-05-28T14:56:00.369+05:30 DEBUG 25372 --- [thundercore-erp] [nio-8080-exec-5] o.s.w.s.handler.SimpleUrlHandlerMapping  : Mapped to ResourceHttpRequestHandler [classpath [META-INF/resources/webjars/]]
2026-05-28T14:56:00.399+05:30 DEBUG 25372 --- [thundercore-erp] [nio-8080-exec-1] o.s.w.s.m.m.a.HttpEntityMethodProcessor  : Using 'application/vnd.spring-boot.actuator.v3+json', given [*/*] and supported [application/vnd.spring-boot.actuator.v3+json, application/vnd.spring-boot.actuator.v2+json, application/json]
2026-05-28T14:56:00.407+05:30 DEBUG 25372 --- [thundercore-erp] [nio-8080-exec-1] o.s.w.s.m.m.a.HttpEntityMethodProcessor  : Writing [org.springframework.boot.actuate.health.SystemHealth@6fcc801e]
2026-05-28T14:56:00.438+05:30 DEBUG 25372 --- [thundercore-erp] [nio-8080-exec-1] o.s.web.servlet.DispatcherServlet        : Completed 200 OK
2026-05-28T14:56:00.466+05:30 DEBUG 25372 --- [thundercore-erp] [nio-8080-exec-5] o.s.web.servlet.DispatcherServlet        : Completed 200 OK
2026-05-28T14:58:21.887+05:30 DEBUG 25372 --- [thundercore-erp] [nio-8080-exec-7] o.s.web.servlet.DispatcherServlet        : GET "/ws/info?t=1779960501746", parameters={masked}
2026-05-28T14:58:22.205+05:30 DEBUG 25372 --- [thundercore-erp] [nio-8080-exec-7] o.s.w.s.s.s.WebSocketHandlerMapping      : Mapped to org.springframework.web.socket.sockjs.support.SockJsHttpRequestHandler@714f3e27
2026-05-28T14:58:22.212+05:30 DEBUG 25372 --- [thundercore-erp] [nio-8080-exec-7] o.s.w.s.s.t.h.DefaultSockJsService       : Processing transport request: GET http://localhost:8080/ws/info?t=1779960501746
2026-05-28T14:58:22.375+05:30 DEBUG 25372 --- [thundercore-erp] [nio-8080-exec-7] o.s.web.servlet.DispatcherServlet        : Completed 200 OK
2026-05-28T14:58:22.412+05:30 DEBUG 25372 --- [thundercore-erp] [nio-8080-exec-6] o.s.web.servlet.DispatcherServlet        : GET "/ws/784/q1kaoo04/websocket", parameters={}
2026-05-28T14:58:22.414+05:30 DEBUG 25372 --- [thundercore-erp] [nio-8080-exec-6] o.s.w.s.s.s.WebSocketHandlerMapping      : Mapped to org.springframework.web.socket.sockjs.support.SockJsHttpRequestHandler@714f3e27
2026-05-28T14:58:22.423+05:30 DEBUG 25372 --- [thundercore-erp] [nio-8080-exec-6] o.s.w.s.s.t.h.DefaultSockJsService       : Processing transport request: GET http://localhost:8080/ws/784/q1kaoo04/websocket
2026-05-28T14:58:22.490+05:30 DEBUG 25372 --- [thundercore-erp] [nio-8080-exec-6] o.s.web.servlet.DispatcherServlet        : Completed 101 SWITCHING_PROTOCOLS
2026-05-28T14:58:22.505+05:30 DEBUG 25372 --- [thundercore-erp] [nio-8080-exec-6] s.w.s.h.LoggingWebSocketHandlerDecorator : New WebSocketServerSockJsSession[id=q1kaoo04]
2026-05-28T14:58:22.621+05:30 DEBUG 25372 --- [thundercore-erp] [nio-8080-exec-6] org.springframework.web.SimpLogging      :  returned null from preSend, i.e. precluding the send.
2026-05-28T14:58:23.225+05:30 DEBUG 25372 --- [thundercore-erp] [nio-8080-exec-3] s.w.s.h.LoggingWebSocketHandlerDecorator : WebSocketServerSockJsSession[id=q1kaoo04] closed with CloseStatus[code=1001, reason=null]
2026-05-28T14:58:23.228+05:30 DEBUG 25372 --- [thundercore-erp] [nio-8080-exec-3] o.s.w.s.m.SubProtocolWebSocketHandler    : Clearing session q1kaoo04
2026-05-28T14:58:23.242+05:30 DEBUG 25372 --- [thundercore-erp] [boundChannel-18] org.springframework.web.SimpLogging      : Processing DISCONNECT session=q1kaoo04
2026-05-28T14:58:23.248+05:30 DEBUG 25372 --- [thundercore-erp] [tboundChannel-7] o.s.w.s.m.SubProtocolWebSocketHandler    : No session for GenericMessage [payload=byte[0], headers={simpMessageType=DISCONNECT_ACK, simpDisconnectMessage=GenericMessage [payload=byte[0], headers={simpMessageType=DISCONNECT, stompCommand=DISCONNECT, simpSessionAttributes={org.springframework.messaging.simp.SimpAttributes.COMPLETED=true}, simpSessionId=q1kaoo04}], simpSessionId=q1kaoo04}]
2026-05-28T14:58:32.831+05:30 DEBUG 25372 --- [thundercore-erp] [MessageBroker-4] o.s.w.s.s.t.h.DefaultSockJsService       : Closed 1 sessions: [q1kaoo04]
2026-05-28T14:59:40.184+05:30 DEBUG 25372 --- [thundercore-erp] [nio-8080-exec-2] o.s.web.servlet.DispatcherServlet        : POST "/api/auth/login", parameters={}
2026-05-28T14:59:40.190+05:30 DEBUG 25372 --- [thundercore-erp] [nio-8080-exec-2] s.w.s.m.m.a.RequestMappingHandlerMapping : Mapped to com.thundercore.erp.auth.controller.AuthController#login(AuthRequest)
2026-05-28T14:59:40.312+05:30 DEBUG 25372 --- [thundercore-erp] [nio-8080-exec-2] m.m.a.RequestResponseBodyMethodProcessor : Read "application/json;charset=UTF-8" to [AuthRequest(email=admin@thundercore.com, password=Admin@123)]
2026-05-28T14:59:40.780+05:30 DEBUG 25372 --- [thundercore-erp] [nio-8080-exec-2] org.hibernate.SQL                        : 
    select
        u1_0.id,
        u1_0.active,
        u1_0.created_at,
        u1_0.email,
        u1_0.first_name,
        u1_0.last_name,
        u1_0.password,
        u1_0.role,
        u1_0.updated_at 
    from
        users u1_0 
    where
        u1_0.email=?
2026-05-28T14:59:41.119+05:30 DEBUG 25372 --- [thundercore-erp] [nio-8080-exec-2] org.hibernate.SQL                        : 
    select
        u1_0.id,
        u1_0.active,
        u1_0.created_at,
        u1_0.email,
        u1_0.first_name,
        u1_0.last_name,
        u1_0.password,
        u1_0.role,
        u1_0.updated_at 
    from
        users u1_0 
    where
        u1_0.email=?
2026-05-28T14:59:41.186+05:30 DEBUG 25372 --- [thundercore-erp] [nio-8080-exec-2] org.hibernate.SQL                        : 
    select
        u1_0.id,
        u1_0.active,
        u1_0.created_at,
        u1_0.email,
        u1_0.first_name,
        u1_0.last_name,
        u1_0.password,
        u1_0.role,
        u1_0.updated_at 
    from
        users u1_0 
    where
        u1_0.email=?
2026-05-28T14:59:41.189+05:30  INFO 25372 --- [thundercore-erp] [nio-8080-exec-2] c.t.erp.auth.controller.AuthController   : Successful login: admin@thundercore.com (role=SUPER_ADMIN)
2026-05-28T14:59:41.215+05:30 DEBUG 25372 --- [thundercore-erp] [nio-8080-exec-2] o.s.w.s.m.m.a.HttpEntityMethodProcessor  : Using 'application/json', given [application/json, text/plain, */*] and supported [application/json, application/*+json, application/yaml]
2026-05-28T14:59:41.220+05:30 DEBUG 25372 --- [thundercore-erp] [nio-8080-exec-2] o.s.w.s.m.m.a.HttpEntityMethodProcessor  : Writing [AuthResponse(token=eyJhbGciOiJIUzM4NCJ9.eyJzdWIiOiJhZG1pbkB0aHVuZGVyY29yZS5jb20iLCJpYXQiOjE3Nzk5NjA1 (truncated)...]
2026-05-28T14:59:41.223+05:30 DEBUG 25372 --- [thundercore-erp] [nio-8080-exec-2] o.s.web.servlet.DispatcherServlet        : Completed 200 OK
2026-05-28T14:59:41.310+05:30 DEBUG 25372 --- [thundercore-erp] [nio-8080-exec-8] o.s.web.servlet.DispatcherServlet        : GET "/ws/info?t=1779960581289", parameters={masked}
2026-05-28T14:59:41.311+05:30 DEBUG 25372 --- [thundercore-erp] [nio-8080-exec-5] org.hibernate.SQL                        : 
    select
        u1_0.id,
        u1_0.active,
        u1_0.created_at,
        u1_0.email,
        u1_0.first_name,
        u1_0.last_name,
        u1_0.password,
        u1_0.role,
        u1_0.updated_at 
    from
        users u1_0 
    where
        u1_0.email=?
2026-05-28T14:59:41.311+05:30 DEBUG 25372 --- [thundercore-erp] [nio-8080-exec-1] org.hibernate.SQL                        : 
    select
        u1_0.id,
        u1_0.active,
        u1_0.created_at,
        u1_0.email,
        u1_0.first_name,
        u1_0.last_name,
        u1_0.password,
        u1_0.role,
        u1_0.updated_at 
    from
        users u1_0 
    where
        u1_0.email=?
2026-05-28T14:59:41.312+05:30 DEBUG 25372 --- [thundercore-erp] [nio-8080-exec-8] o.s.w.s.s.s.WebSocketHandlerMapping      : Mapped to org.springframework.web.socket.sockjs.support.SockJsHttpRequestHandler@714f3e27
2026-05-28T14:59:41.315+05:30 DEBUG 25372 --- [thundercore-erp] [nio-8080-exec-8] o.s.w.s.s.t.h.DefaultSockJsService       : Processing transport request: GET http://localhost:8080/ws/info?t=1779960581289
2026-05-28T14:59:41.317+05:30 DEBUG 25372 --- [thundercore-erp] [nio-8080-exec-8] o.s.web.servlet.DispatcherServlet        : Completed 200 OK
2026-05-28T14:59:41.321+05:30 DEBUG 25372 --- [thundercore-erp] [nio-8080-exec-5] o.s.web.servlet.DispatcherServlet        : GET "/api/notifications/me", parameters={}
2026-05-28T14:59:41.323+05:30 DEBUG 25372 --- [thundercore-erp] [nio-8080-exec-1] o.s.web.servlet.DispatcherServlet        : GET "/api/dashboard/stats", parameters={}
2026-05-28T14:59:41.324+05:30 DEBUG 25372 --- [thundercore-erp] [nio-8080-exec-5] s.w.s.m.m.a.RequestMappingHandlerMapping : Mapped to com.thundercore.erp.notification.controller.NotificationController#getMyNotifications(Authentication)
2026-05-28T14:59:41.324+05:30 DEBUG 25372 --- [thundercore-erp] [nio-8080-exec-1] s.w.s.m.m.a.RequestMappingHandlerMapping : Mapped to com.thundercore.erp.dashboard.controller.DashboardController#getStats()
2026-05-28T14:59:41.346+05:30 DEBUG 25372 --- [thundercore-erp] [nio-8080-exec-4] o.s.web.servlet.DispatcherServlet        : GET "/ws/270/inl1km0b/websocket", parameters={}
2026-05-28T14:59:41.347+05:30 DEBUG 25372 --- [thundercore-erp] [nio-8080-exec-4] o.s.w.s.s.s.WebSocketHandlerMapping      : Mapped to org.springframework.web.socket.sockjs.support.SockJsHttpRequestHandler@714f3e27
2026-05-28T14:59:41.349+05:30 DEBUG 25372 --- [thundercore-erp] [nio-8080-exec-4] o.s.w.s.s.t.h.DefaultSockJsService       : Processing transport request: GET http://localhost:8080/ws/270/inl1km0b/websocket
2026-05-28T14:59:41.356+05:30 DEBUG 25372 --- [thundercore-erp] [nio-8080-exec-4] o.s.web.servlet.DispatcherServlet        : Completed 101 SWITCHING_PROTOCOLS
2026-05-28T14:59:41.360+05:30 DEBUG 25372 --- [thundercore-erp] [nio-8080-exec-4] s.w.s.h.LoggingWebSocketHandlerDecorator : New WebSocketServerSockJsSession[id=inl1km0b]
2026-05-28T14:59:41.389+05:30 DEBUG 25372 --- [thundercore-erp] [nio-8080-exec-1] org.hibernate.SQL                        : 
    select
        p1_0.id,
        p1_0.category,
        p1_0.created_at,
        p1_0.description,
        p1_0.name,
        p1_0.quantity,
        p1_0.reorder_threshold,
        p1_0.sku,
        p1_0.supplier,
        p1_0.unit_price,
        p1_0.updated_at 
    from
        products p1_0
2026-05-28T14:59:41.391+05:30 DEBUG 25372 --- [thundercore-erp] [nio-8080-exec-5] org.hibernate.SQL                        : 
    select
        u1_0.id,
        u1_0.active,
        u1_0.created_at,
        u1_0.email,
        u1_0.first_name,
        u1_0.last_name,
        u1_0.password,
        u1_0.role,
        u1_0.updated_at 
    from
        users u1_0 
    where
        u1_0.email=?
2026-05-28T14:59:41.397+05:30 DEBUG 25372 --- [thundercore-erp] [nio-8080-exec-7] org.hibernate.SQL                        : 
    select
        u1_0.id,
        u1_0.active,
        u1_0.created_at,
        u1_0.email,
        u1_0.first_name,
        u1_0.last_name,
        u1_0.password,
        u1_0.role,
        u1_0.updated_at 
    from
        users u1_0 
    where
        u1_0.email=?
2026-05-28T14:59:41.407+05:30 DEBUG 25372 --- [thundercore-erp] [nio-8080-exec-1] org.hibernate.SQL                        : 
    select
        i1_0.id,
        i1_0.created_at,
        i1_0.customer_email,
        i1_0.customer_name,
        i1_0.invoice_number,
        i1_0.net_amount,
        i1_0.notes,
        i1_0.status,
        i1_0.tax_amount,
        i1_0.total_amount,
        i1_0.updated_at 
    from
        invoices i1_0
2026-05-28T14:59:41.412+05:30 DEBUG 25372 --- [thundercore-erp] [boundChannel-21] org.springframework.web.SimpLogging      : Processing CONNECT user=admin@thundercore.com session=inl1km0b
2026-05-28T14:59:41.413+05:30 DEBUG 25372 --- [thundercore-erp] [nio-8080-exec-5] org.hibernate.SQL                        : 
    select
        n1_0.id,
        n1_0.created_at,
        n1_0.is_read,
        n1_0.message,
        n1_0.title,
        n1_0.user_id 
    from
        notifications n1_0 
    left join
        users u1_0 
            on u1_0.id=n1_0.user_id 
    where
        u1_0.id=? 
    order by
        n1_0.created_at desc
2026-05-28T14:59:41.430+05:30 DEBUG 25372 --- [thundercore-erp] [nio-8080-exec-5] o.s.w.s.m.m.a.HttpEntityMethodProcessor  : Using 'application/json', given [application/json, text/plain, */*] and supported [application/json, application/*+json, application/yaml]
2026-05-28T14:59:41.436+05:30 DEBUG 25372 --- [thundercore-erp] [nio-8080-exec-5] o.s.w.s.m.m.a.HttpEntityMethodProcessor  : Writing [ApiResponse(success=true, message=Notifications retrieved, data=[])]
2026-05-28T14:59:41.437+05:30 DEBUG 25372 --- [thundercore-erp] [boundChannel-27] org.springframework.web.SimpLogging      : Processing SUBSCRIBE /topic/dashboard id=sub-1 session=inl1km0b
2026-05-28T14:59:41.438+05:30 DEBUG 25372 --- [thundercore-erp] [boundChannel-25] org.springframework.web.SimpLogging      : Processing SUBSCRIBE destination=/queue/notifications-userinl1km0b subscriptionId=sub-0 session=inl1km0b user=admin@thundercore.com payload=byte[0]
2026-05-28T14:59:41.441+05:30 DEBUG 25372 --- [thundercore-erp] [nio-8080-exec-1] org.hibernate.SQL                        : 
    select
        count(*) 
    from
        products p1_0
2026-05-28T14:59:41.443+05:30 DEBUG 25372 --- [thundercore-erp] [nio-8080-exec-5] o.s.web.servlet.DispatcherServlet        : Completed 200 OK
2026-05-28T14:59:41.455+05:30 DEBUG 25372 --- [thundercore-erp] [nio-8080-exec-1] org.hibernate.SQL                        : 
    select
        count(*) 
    from
        employees e1_0
2026-05-28T14:59:41.464+05:30 DEBUG 25372 --- [thundercore-erp] [nio-8080-exec-1] org.hibernate.SQL                        : 
    select
        count(*) 
    from
        invoices i1_0
2026-05-28T14:59:41.470+05:30 DEBUG 25372 --- [thundercore-erp] [nio-8080-exec-3] org.hibernate.SQL                        : 
    select
        u1_0.id,
        u1_0.active,
        u1_0.created_at,
        u1_0.email,
        u1_0.first_name,
        u1_0.last_name,
        u1_0.password,
        u1_0.role,
        u1_0.updated_at 
    from
        users u1_0 
    where
        u1_0.email=?
2026-05-28T14:59:41.470+05:30 DEBUG 25372 --- [thundercore-erp] [nio-8080-exec-1] org.hibernate.SQL                        : 
    select
        count(*) 
    from
        users u1_0
2026-05-28T14:59:41.478+05:30 DEBUG 25372 --- [thundercore-erp] [nio-8080-exec-1] org.hibernate.SQL                        : 
    select
        count(*) 
    from
        customers c1_0
2026-05-28T14:59:41.478+05:30 DEBUG 25372 --- [thundercore-erp] [nio-8080-exec-3] o.s.web.servlet.DispatcherServlet        : GET "/api/notifications/me", parameters={}
2026-05-28T14:59:41.480+05:30 DEBUG 25372 --- [thundercore-erp] [nio-8080-exec-3] s.w.s.m.m.a.RequestMappingHandlerMapping : Mapped to com.thundercore.erp.notification.controller.NotificationController#getMyNotifications(Authentication)
2026-05-28T14:59:41.481+05:30 DEBUG 25372 --- [thundercore-erp] [nio-8080-exec-1] org.hibernate.SQL                        : 
    select
        count(*) 
    from
        sale_orders so1_0
2026-05-28T14:59:41.492+05:30 DEBUG 25372 --- [thundercore-erp] [nio-8080-exec-1] org.hibernate.SQL                        : 
    select
        coalesce(sum(i1_0.net_amount), 0) 
    from
        invoices i1_0 
    where
        i1_0.status=?
2026-05-28T14:59:41.498+05:30 DEBUG 25372 --- [thundercore-erp] [nio-8080-exec-3] org.hibernate.SQL                        : 
    select
        u1_0.id,
        u1_0.active,
        u1_0.created_at,
        u1_0.email,
        u1_0.first_name,
        u1_0.last_name,
        u1_0.password,
        u1_0.role,
        u1_0.updated_at 
    from
        users u1_0 
    where
        u1_0.email=?
2026-05-28T14:59:41.505+05:30 DEBUG 25372 --- [thundercore-erp] [nio-8080-exec-3] org.hibernate.SQL                        : 
    select
        n1_0.id,
        n1_0.created_at,
        n1_0.is_read,
        n1_0.message,
        n1_0.title,
        n1_0.user_id 
    from
        notifications n1_0 
    left join
        users u1_0 
            on u1_0.id=n1_0.user_id 
    where
        u1_0.id=? 
    order by
        n1_0.created_at desc
2026-05-28T14:59:41.504+05:30 DEBUG 25372 --- [thundercore-erp] [nio-8080-exec-1] org.hibernate.SQL                        : 
    select
        count(i1_0.id) 
    from
        invoices i1_0 
    where
        i1_0.status=?
2026-05-28T14:59:41.509+05:30 DEBUG 25372 --- [thundercore-erp] [nio-8080-exec-3] o.s.w.s.m.m.a.HttpEntityMethodProcessor  : Using 'application/json', given [application/json, text/plain, */*] and supported [application/json, application/*+json, application/yaml]
2026-05-28T14:59:41.510+05:30 DEBUG 25372 --- [thundercore-erp] [nio-8080-exec-3] o.s.w.s.m.m.a.HttpEntityMethodProcessor  : Writing [ApiResponse(success=true, message=Notifications retrieved, data=[])]
2026-05-28T14:59:41.516+05:30 DEBUG 25372 --- [thundercore-erp] [nio-8080-exec-3] o.s.web.servlet.DispatcherServlet        : Completed 200 OK
2026-05-28T14:59:41.516+05:30 DEBUG 25372 --- [thundercore-erp] [nio-8080-exec-1] o.s.w.s.m.m.a.HttpEntityMethodProcessor  : Using 'application/json', given [application/json, text/plain, */*] and supported [application/json, application/*+json, application/yaml]
2026-05-28T14:59:41.519+05:30 DEBUG 25372 --- [thundercore-erp] [nio-8080-exec-1] o.s.w.s.m.m.a.HttpEntityMethodProcessor  : Writing [ApiResponse(success=true, message=Dashboard stats retrieved, data={totalProducts=0, totalEmployees=0 (truncated)...]
2026-05-28T14:59:41.524+05:30 DEBUG 25372 --- [thundercore-erp] [nio-8080-exec-1] o.s.web.servlet.DispatcherServlet        : Completed 200 OK
2026-05-28T14:59:41.543+05:30 DEBUG 25372 --- [thundercore-erp] [nio-8080-exec-9] org.hibernate.SQL                        : 
    select
        u1_0.id,
        u1_0.active,
        u1_0.created_at,
        u1_0.email,
        u1_0.first_name,
        u1_0.last_name,
        u1_0.password,
        u1_0.role,
        u1_0.updated_at 
    from
        users u1_0 
    where
        u1_0.email=?
2026-05-28T14:59:41.551+05:30 DEBUG 25372 --- [thundercore-erp] [nio-8080-exec-9] o.s.web.servlet.DispatcherServlet        : GET "/api/dashboard/stats", parameters={}
2026-05-28T14:59:41.554+05:30 DEBUG 25372 --- [thundercore-erp] [nio-8080-exec-9] s.w.s.m.m.a.RequestMappingHandlerMapping : Mapped to com.thundercore.erp.dashboard.controller.DashboardController#getStats()
2026-05-28T14:59:41.574+05:30 DEBUG 25372 --- [thundercore-erp] [nio-8080-exec-9] org.hibernate.SQL                        : 
    select
        p1_0.id,
        p1_0.category,
        p1_0.created_at,
        p1_0.description,
        p1_0.name,
        p1_0.quantity,
        p1_0.reorder_threshold,
        p1_0.sku,
        p1_0.supplier,
        p1_0.unit_price,
        p1_0.updated_at 
    from
        products p1_0
2026-05-28T14:59:41.581+05:30 DEBUG 25372 --- [thundercore-erp] [nio-8080-exec-9] org.hibernate.SQL                        : 
    select
        i1_0.id,
        i1_0.created_at,
        i1_0.customer_email,
        i1_0.customer_name,
        i1_0.invoice_number,
        i1_0.net_amount,
        i1_0.notes,
        i1_0.status,
        i1_0.tax_amount,
        i1_0.total_amount,
        i1_0.updated_at 
    from
        invoices i1_0
2026-05-28T14:59:41.599+05:30 DEBUG 25372 --- [thundercore-erp] [nio-8080-exec-9] org.hibernate.SQL                        : 
    select
        count(*) 
    from
        products p1_0
2026-05-28T14:59:41.604+05:30 DEBUG 25372 --- [thundercore-erp] [nio-8080-exec-9] org.hibernate.SQL                        : 
    select
        count(*) 
    from
        employees e1_0
2026-05-28T14:59:41.611+05:30 DEBUG 25372 --- [thundercore-erp] [nio-8080-exec-9] org.hibernate.SQL                        : 
    select
        count(*) 
    from
        invoices i1_0
2026-05-28T14:59:41.617+05:30 DEBUG 25372 --- [thundercore-erp] [nio-8080-exec-9] org.hibernate.SQL                        : 
    select
        count(*) 
    from
        users u1_0
2026-05-28T14:59:41.625+05:30 DEBUG 25372 --- [thundercore-erp] [nio-8080-exec-9] org.hibernate.SQL                        : 
    select
        count(*) 
    from
        customers c1_0
2026-05-28T14:59:41.628+05:30 DEBUG 25372 --- [thundercore-erp] [nio-8080-exec-9] org.hibernate.SQL                        : 
    select
        count(*) 
    from
        sale_orders so1_0
2026-05-28T14:59:41.634+05:30 DEBUG 25372 --- [thundercore-erp] [nio-8080-exec-9] org.hibernate.SQL                        : 
    select
        coalesce(sum(i1_0.net_amount), 0) 
    from
        invoices i1_0 
    where
        i1_0.status=?
2026-05-28T14:59:41.639+05:30 DEBUG 25372 --- [thundercore-erp] [nio-8080-exec-9] org.hibernate.SQL                        : 
    select
        count(i1_0.id) 
    from
        invoices i1_0 
    where
        i1_0.status=?
2026-05-28T14:59:41.648+05:30 DEBUG 25372 --- [thundercore-erp] [nio-8080-exec-9] o.s.w.s.m.m.a.HttpEntityMethodProcessor  : Using 'application/json', given [application/json, text/plain, */*] and supported [application/json, application/*+json, application/yaml]
2026-05-28T14:59:41.653+05:30 DEBUG 25372 --- [thundercore-erp] [nio-8080-exec-9] o.s.w.s.m.m.a.HttpEntityMethodProcessor  : Writing [ApiResponse(success=true, message=Dashboard stats retrieved, data={totalProducts=0, totalEmployees=0 (truncated)...]
2026-05-28T14:59:41.656+05:30 DEBUG 25372 --- [thundercore-erp] [nio-8080-exec-9] o.s.web.servlet.DispatcherServlet        : Completed 200 OK
2026-05-28T14:59:43.777+05:30 DEBUG 25372 --- [thundercore-erp] [io-8080-exec-10] s.w.s.h.LoggingWebSocketHandlerDecorator : WebSocketServerSockJsSession[id=inl1km0b] closed with CloseStatus[code=1001, reason=null]
2026-05-28T14:59:43.781+05:30 DEBUG 25372 --- [thundercore-erp] [io-8080-exec-10] o.s.w.s.m.SubProtocolWebSocketHandler    : Clearing session inl1km0b
2026-05-28T14:59:43.788+05:30 DEBUG 25372 --- [thundercore-erp] [boundChannel-30] org.springframework.web.SimpLogging      : Processing DISCONNECT session=inl1km0b
2026-05-28T14:59:43.792+05:30 DEBUG 25372 --- [thundercore-erp] [tboundChannel-9] o.s.w.s.m.SubProtocolWebSocketHandler    : No session for GenericMessage [payload=byte[0], headers={simpMessageType=DISCONNECT_ACK, simpDisconnectMessage=GenericMessage [payload=byte[0], headers={simpMessageType=DISCONNECT, stompCommand=DISCONNECT, simpSessionAttributes={org.springframework.messaging.simp.SimpAttributes.COMPLETED=true}, simpUser=UsernamePasswordAuthenticationToken [Principal=org.springframework.security.core.userdetails.User [Username=admin@thundercore.com, Password=[PROTECTED], Enabled=true, AccountNonExpired=true, CredentialsNonExpired=true, AccountNonLocked=true, Granted Authorities=[ROLE_SUPER_ADMIN]], Credentials=[PROTECTED], Authenticated=true, Details=null, Granted Authorities=[ROLE_SUPER_ADMIN]], simpSessionId=inl1km0b}], simpUser=UsernamePasswordAuthenticationToken [Principal=org.springframework.security.core.userdetails.User [Username=admin@thundercore.com, Password=[PROTECTED], Enabled=true, AccountNonExpired=true, CredentialsNonExpired=true, AccountNonLocked=true, Granted Authorities=[ROLE_SUPER_ADMIN]], Credentials=[PROTECTED], Authenticated=true, Details=null, Granted Authorities=[ROLE_SUPER_ADMIN]], simpSessionId=inl1km0b}]
2026-05-28T14:59:45.063+05:30 DEBUG 25372 --- [thundercore-erp] [nio-8080-exec-2] o.s.web.servlet.DispatcherServlet        : POST "/api/auth/login", parameters={}
2026-05-28T14:59:45.065+05:30 DEBUG 25372 --- [thundercore-erp] [nio-8080-exec-2] s.w.s.m.m.a.RequestMappingHandlerMapping : Mapped to com.thundercore.erp.auth.controller.AuthController#login(AuthRequest)
2026-05-28T14:59:45.070+05:30 DEBUG 25372 --- [thundercore-erp] [nio-8080-exec-2] m.m.a.RequestResponseBodyMethodProcessor : Read "application/json;charset=UTF-8" to [AuthRequest(email=manager@thundercore.com, password=Manager@123)]
2026-05-28T14:59:45.077+05:30 DEBUG 25372 --- [thundercore-erp] [nio-8080-exec-2] org.hibernate.SQL                        : 
    select
        u1_0.id,
        u1_0.active,
        u1_0.created_at,
        u1_0.email,
        u1_0.first_name,
        u1_0.last_name,
        u1_0.password,
        u1_0.role,
        u1_0.updated_at 
    from
        users u1_0 
    where
        u1_0.email=?
2026-05-28T14:59:45.243+05:30 DEBUG 25372 --- [thundercore-erp] [nio-8080-exec-2] org.hibernate.SQL                        : 
    select
        u1_0.id,
        u1_0.active,
        u1_0.created_at,
        u1_0.email,
        u1_0.first_name,
        u1_0.last_name,
        u1_0.password,
        u1_0.role,
        u1_0.updated_at 
    from
        users u1_0 
    where
        u1_0.email=?
2026-05-28T14:59:45.260+05:30 DEBUG 25372 --- [thundercore-erp] [nio-8080-exec-2] org.hibernate.SQL                        : 
    select
        u1_0.id,
        u1_0.active,
        u1_0.created_at,
        u1_0.email,
        u1_0.first_name,
        u1_0.last_name,
        u1_0.password,
        u1_0.role,
        u1_0.updated_at 
    from
        users u1_0 
    where
        u1_0.email=?
2026-05-28T14:59:45.268+05:30  INFO 25372 --- [thundercore-erp] [nio-8080-exec-2] c.t.erp.auth.controller.AuthController   : Successful login: manager@thundercore.com (role=MANAGER)
2026-05-28T14:59:45.269+05:30 DEBUG 25372 --- [thundercore-erp] [nio-8080-exec-2] o.s.w.s.m.m.a.HttpEntityMethodProcessor  : Using 'application/json', given [application/json, text/plain, */*] and supported [application/json, application/*+json, application/yaml]
2026-05-28T14:59:45.271+05:30 DEBUG 25372 --- [thundercore-erp] [nio-8080-exec-2] o.s.w.s.m.m.a.HttpEntityMethodProcessor  : Writing [AuthResponse(token=eyJhbGciOiJIUzM4NCJ9.eyJzdWIiOiJtYW5hZ2VyQHRodW5kZXJjb3JlLmNvbSIsImlhdCI6MTc3OTk2 (truncated)...]
2026-05-28T14:59:45.274+05:30 DEBUG 25372 --- [thundercore-erp] [nio-8080-exec-2] o.s.web.servlet.DispatcherServlet        : Completed 200 OK
2026-05-28T14:59:45.347+05:30 DEBUG 25372 --- [thundercore-erp] [nio-8080-exec-4] org.hibernate.SQL                        : 
    select
        u1_0.id,
        u1_0.active,
        u1_0.created_at,
        u1_0.email,
        u1_0.first_name,
        u1_0.last_name,
        u1_0.password,
        u1_0.role,
        u1_0.updated_at 
    from
        users u1_0 
    where
        u1_0.email=?
2026-05-28T14:59:45.352+05:30 DEBUG 25372 --- [thundercore-erp] [nio-8080-exec-8] org.hibernate.SQL                        : 
    select
        u1_0.id,
        u1_0.active,
        u1_0.created_at,
        u1_0.email,
        u1_0.first_name,
        u1_0.last_name,
        u1_0.password,
        u1_0.role,
        u1_0.updated_at 
    from
        users u1_0 
    where
        u1_0.email=?
2026-05-28T14:59:45.364+05:30 DEBUG 25372 --- [thundercore-erp] [nio-8080-exec-8] o.s.web.servlet.DispatcherServlet        : GET "/api/dashboard/stats", parameters={}
2026-05-28T14:59:45.364+05:30 DEBUG 25372 --- [thundercore-erp] [nio-8080-exec-4] o.s.web.servlet.DispatcherServlet        : GET "/api/notifications/me", parameters={}
2026-05-28T14:59:45.366+05:30 DEBUG 25372 --- [thundercore-erp] [nio-8080-exec-7] o.s.web.servlet.DispatcherServlet        : GET "/ws/info?t=1779960585352", parameters={masked}
2026-05-28T14:59:45.367+05:30 DEBUG 25372 --- [thundercore-erp] [nio-8080-exec-8] s.w.s.m.m.a.RequestMappingHandlerMapping : Mapped to com.thundercore.erp.dashboard.controller.DashboardController#getStats()
2026-05-28T14:59:45.368+05:30 DEBUG 25372 --- [thundercore-erp] [nio-8080-exec-4] s.w.s.m.m.a.RequestMappingHandlerMapping : Mapped to com.thundercore.erp.notification.controller.NotificationController#getMyNotifications(Authentication)
2026-05-28T14:59:45.369+05:30 DEBUG 25372 --- [thundercore-erp] [nio-8080-exec-7] o.s.w.s.s.s.WebSocketHandlerMapping      : Mapped to org.springframework.web.socket.sockjs.support.SockJsHttpRequestHandler@714f3e27
2026-05-28T14:59:45.372+05:30 DEBUG 25372 --- [thundercore-erp] [nio-8080-exec-7] o.s.w.s.s.t.h.DefaultSockJsService       : Processing transport request: GET http://localhost:8080/ws/info?t=1779960585352
2026-05-28T14:59:45.373+05:30 DEBUG 25372 --- [thundercore-erp] [nio-8080-exec-4] org.hibernate.SQL                        : 
    select
        u1_0.id,
        u1_0.active,
        u1_0.created_at,
        u1_0.email,
        u1_0.first_name,
        u1_0.last_name,
        u1_0.password,
        u1_0.role,
        u1_0.updated_at 
    from
        users u1_0 
    where
        u1_0.email=?
2026-05-28T14:59:45.375+05:30 DEBUG 25372 --- [thundercore-erp] [nio-8080-exec-7] o.s.web.servlet.DispatcherServlet        : Completed 200 OK
2026-05-28T14:59:45.376+05:30 DEBUG 25372 --- [thundercore-erp] [nio-8080-exec-8] org.hibernate.SQL                        : 
    select
        p1_0.id,
        p1_0.category,
        p1_0.created_at,
        p1_0.description,
        p1_0.name,
        p1_0.quantity,
        p1_0.reorder_threshold,
        p1_0.sku,
        p1_0.supplier,
        p1_0.unit_price,
        p1_0.updated_at 
    from
        products p1_0
2026-05-28T14:59:45.382+05:30 DEBUG 25372 --- [thundercore-erp] [nio-8080-exec-8] org.hibernate.SQL                        : 
    select
        i1_0.id,
        i1_0.created_at,
        i1_0.customer_email,
        i1_0.customer_name,
        i1_0.invoice_number,
        i1_0.net_amount,
        i1_0.notes,
        i1_0.status,
        i1_0.tax_amount,
        i1_0.total_amount,
        i1_0.updated_at 
    from
        invoices i1_0
2026-05-28T14:59:45.382+05:30 DEBUG 25372 --- [thundercore-erp] [nio-8080-exec-4] org.hibernate.SQL                        : 
    select
        n1_0.id,
        n1_0.created_at,
        n1_0.is_read,
        n1_0.message,
        n1_0.title,
        n1_0.user_id 
    from
        notifications n1_0 
    left join
        users u1_0 
            on u1_0.id=n1_0.user_id 
    where
        u1_0.id=? 
    order by
        n1_0.created_at desc
2026-05-28T14:59:45.391+05:30 DEBUG 25372 --- [thundercore-erp] [nio-8080-exec-4] o.s.w.s.m.m.a.HttpEntityMethodProcessor  : Using 'application/json', given [application/json, text/plain, */*] and supported [application/json, application/*+json, application/yaml]
2026-05-28T14:59:45.391+05:30 DEBUG 25372 --- [thundercore-erp] [nio-8080-exec-8] org.hibernate.SQL                        : 
    select
        count(*) 
    from
        products p1_0
2026-05-28T14:59:45.393+05:30 DEBUG 25372 --- [thundercore-erp] [nio-8080-exec-4] o.s.w.s.m.m.a.HttpEntityMethodProcessor  : Writing [ApiResponse(success=true, message=Notifications retrieved, data=[])]
2026-05-28T14:59:45.395+05:30 DEBUG 25372 --- [thundercore-erp] [nio-8080-exec-4] o.s.web.servlet.DispatcherServlet        : Completed 200 OK
2026-05-28T14:59:45.396+05:30 DEBUG 25372 --- [thundercore-erp] [nio-8080-exec-8] org.hibernate.SQL                        : 
    select
        count(*) 
    from
        employees e1_0
2026-05-28T14:59:45.404+05:30 DEBUG 25372 --- [thundercore-erp] [nio-8080-exec-8] org.hibernate.SQL                        : 
    select
        count(*) 
    from
        invoices i1_0
2026-05-28T14:59:45.408+05:30 DEBUG 25372 --- [thundercore-erp] [nio-8080-exec-8] org.hibernate.SQL                        : 
    select
        count(*) 
    from
        users u1_0
2026-05-28T14:59:45.413+05:30 DEBUG 25372 --- [thundercore-erp] [nio-8080-exec-6] o.s.web.servlet.DispatcherServlet        : GET "/ws/074/uwgcgo3t/websocket", parameters={}
2026-05-28T14:59:45.414+05:30 DEBUG 25372 --- [thundercore-erp] [nio-8080-exec-8] org.hibernate.SQL                        : 
    select
        count(*) 
    from
        customers c1_0
2026-05-28T14:59:45.414+05:30 DEBUG 25372 --- [thundercore-erp] [nio-8080-exec-5] org.hibernate.SQL                        : 
    select
        u1_0.id,
        u1_0.active,
        u1_0.created_at,
        u1_0.email,
        u1_0.first_name,
        u1_0.last_name,
        u1_0.password,
        u1_0.role,
        u1_0.updated_at 
    from
        users u1_0 
    where
        u1_0.email=?
2026-05-28T14:59:45.416+05:30 DEBUG 25372 --- [thundercore-erp] [nio-8080-exec-6] o.s.w.s.s.s.WebSocketHandlerMapping      : Mapped to org.springframework.web.socket.sockjs.support.SockJsHttpRequestHandler@714f3e27
2026-05-28T14:59:45.419+05:30 DEBUG 25372 --- [thundercore-erp] [nio-8080-exec-6] o.s.w.s.s.t.h.DefaultSockJsService       : Processing transport request: GET http://localhost:8080/ws/074/uwgcgo3t/websocket
2026-05-28T14:59:45.420+05:30 DEBUG 25372 --- [thundercore-erp] [nio-8080-exec-8] org.hibernate.SQL                        : 
    select
        count(*) 
    from
        sale_orders so1_0
2026-05-28T14:59:45.422+05:30 DEBUG 25372 --- [thundercore-erp] [nio-8080-exec-6] o.s.web.servlet.DispatcherServlet        : Completed 101 SWITCHING_PROTOCOLS
2026-05-28T14:59:45.423+05:30 DEBUG 25372 --- [thundercore-erp] [nio-8080-exec-5] o.s.web.servlet.DispatcherServlet        : GET "/api/notifications/me", parameters={}
2026-05-28T14:59:45.424+05:30 DEBUG 25372 --- [thundercore-erp] [nio-8080-exec-8] org.hibernate.SQL                        : 
    select
        coalesce(sum(i1_0.net_amount), 0) 
    from
        invoices i1_0 
    where
        i1_0.status=?
2026-05-28T14:59:45.425+05:30 DEBUG 25372 --- [thundercore-erp] [nio-8080-exec-5] s.w.s.m.m.a.RequestMappingHandlerMapping : Mapped to com.thundercore.erp.notification.controller.NotificationController#getMyNotifications(Authentication)
2026-05-28T14:59:45.425+05:30 DEBUG 25372 --- [thundercore-erp] [nio-8080-exec-6] s.w.s.h.LoggingWebSocketHandlerDecorator : New WebSocketServerSockJsSession[id=uwgcgo3t]
2026-05-28T14:59:45.430+05:30 DEBUG 25372 --- [thundercore-erp] [nio-8080-exec-5] org.hibernate.SQL                        : 
    select
        u1_0.id,
        u1_0.active,
        u1_0.created_at,
        u1_0.email,
        u1_0.first_name,
        u1_0.last_name,
        u1_0.password,
        u1_0.role,
        u1_0.updated_at 
    from
        users u1_0 
    where
        u1_0.email=?
2026-05-28T14:59:45.430+05:30 DEBUG 25372 --- [thundercore-erp] [nio-8080-exec-8] org.hibernate.SQL                        : 
    select
        count(i1_0.id) 
    from
        invoices i1_0 
    where
        i1_0.status=?
2026-05-28T14:59:45.435+05:30 DEBUG 25372 --- [thundercore-erp] [nio-8080-exec-8] o.s.w.s.m.m.a.HttpEntityMethodProcessor  : Using 'application/json', given [application/json, text/plain, */*] and supported [application/json, application/*+json, application/yaml]
2026-05-28T14:59:45.437+05:30 DEBUG 25372 --- [thundercore-erp] [nio-8080-exec-5] org.hibernate.SQL                        : 
    select
        n1_0.id,
        n1_0.created_at,
        n1_0.is_read,
        n1_0.message,
        n1_0.title,
        n1_0.user_id 
    from
        notifications n1_0 
    left join
        users u1_0 
            on u1_0.id=n1_0.user_id 
    where
        u1_0.id=? 
    order by
        n1_0.created_at desc
2026-05-28T14:59:45.437+05:30 DEBUG 25372 --- [thundercore-erp] [nio-8080-exec-8] o.s.w.s.m.m.a.HttpEntityMethodProcessor  : Writing [ApiResponse(success=true, message=Dashboard stats retrieved, data={totalProducts=0, totalEmployees=0 (truncated)...]
2026-05-28T14:59:45.437+05:30 DEBUG 25372 --- [thundercore-erp] [nio-8080-exec-3] org.hibernate.SQL                        : 
    select
        u1_0.id,
        u1_0.active,
        u1_0.created_at,
        u1_0.email,
        u1_0.first_name,
        u1_0.last_name,
        u1_0.password,
        u1_0.role,
        u1_0.updated_at 
    from
        users u1_0 
    where
        u1_0.email=?
2026-05-28T14:59:45.440+05:30 DEBUG 25372 --- [thundercore-erp] [nio-8080-exec-5] o.s.w.s.m.m.a.HttpEntityMethodProcessor  : Using 'application/json', given [application/json, text/plain, */*] and supported [application/json, application/*+json, application/yaml]
2026-05-28T14:59:45.441+05:30 DEBUG 25372 --- [thundercore-erp] [nio-8080-exec-8] o.s.web.servlet.DispatcherServlet        : Completed 200 OK
2026-05-28T14:59:45.443+05:30 DEBUG 25372 --- [thundercore-erp] [nio-8080-exec-5] o.s.w.s.m.m.a.HttpEntityMethodProcessor  : Writing [ApiResponse(success=true, message=Notifications retrieved, data=[])]
2026-05-28T14:59:45.447+05:30 DEBUG 25372 --- [thundercore-erp] [nio-8080-exec-5] o.s.web.servlet.DispatcherServlet        : Completed 200 OK
2026-05-28T14:59:45.454+05:30 DEBUG 25372 --- [thundercore-erp] [boundChannel-33] org.springframework.web.SimpLogging      : Processing CONNECT user=manager@thundercore.com session=uwgcgo3t
2026-05-28T14:59:45.461+05:30 DEBUG 25372 --- [thundercore-erp] [nio-8080-exec-1] org.hibernate.SQL                        : 
    select
        u1_0.id,
        u1_0.active,
        u1_0.created_at,
        u1_0.email,
        u1_0.first_name,
        u1_0.last_name,
        u1_0.password,
        u1_0.role,
        u1_0.updated_at 
    from
        users u1_0 
    where
        u1_0.email=?
2026-05-28T14:59:45.473+05:30 DEBUG 25372 --- [thundercore-erp] [nio-8080-exec-1] o.s.web.servlet.DispatcherServlet        : GET "/api/dashboard/stats", parameters={}
2026-05-28T14:59:45.475+05:30 DEBUG 25372 --- [thundercore-erp] [nio-8080-exec-1] s.w.s.m.m.a.RequestMappingHandlerMapping : Mapped to com.thundercore.erp.dashboard.controller.DashboardController#getStats()
2026-05-28T14:59:45.479+05:30 DEBUG 25372 --- [thundercore-erp] [nio-8080-exec-1] org.hibernate.SQL                        : 
    select
        p1_0.id,
        p1_0.category,
        p1_0.created_at,
        p1_0.description,
        p1_0.name,
        p1_0.quantity,
        p1_0.reorder_threshold,
        p1_0.sku,
        p1_0.supplier,
        p1_0.unit_price,
        p1_0.updated_at 
    from
        products p1_0
2026-05-28T14:59:45.485+05:30 DEBUG 25372 --- [thundercore-erp] [nio-8080-exec-1] org.hibernate.SQL                        : 
    select
        i1_0.id,
        i1_0.created_at,
        i1_0.customer_email,
        i1_0.customer_name,
        i1_0.invoice_number,
        i1_0.net_amount,
        i1_0.notes,
        i1_0.status,
        i1_0.tax_amount,
        i1_0.total_amount,
        i1_0.updated_at 
    from
        invoices i1_0
2026-05-28T14:59:45.486+05:30 DEBUG 25372 --- [thundercore-erp] [boundChannel-23] org.springframework.web.SimpLogging      : Processing SUBSCRIBE /topic/dashboard id=sub-1 session=uwgcgo3t
2026-05-28T14:59:45.487+05:30 DEBUG 25372 --- [thundercore-erp] [boundChannel-22] org.springframework.web.SimpLogging      : Processing SUBSCRIBE destination=/queue/notifications-useruwgcgo3t subscriptionId=sub-0 session=uwgcgo3t user=manager@thundercore.com payload=byte[0]
2026-05-28T14:59:45.489+05:30 DEBUG 25372 --- [thundercore-erp] [nio-8080-exec-1] org.hibernate.SQL                        : 
    select
        count(*) 
    from
        products p1_0
2026-05-28T14:59:45.495+05:30 DEBUG 25372 --- [thundercore-erp] [nio-8080-exec-1] org.hibernate.SQL                        : 
    select
        count(*) 
    from
        employees e1_0
2026-05-28T14:59:45.501+05:30 DEBUG 25372 --- [thundercore-erp] [nio-8080-exec-1] org.hibernate.SQL                        : 
    select
        count(*) 
    from
        invoices i1_0
2026-05-28T14:59:45.504+05:30 DEBUG 25372 --- [thundercore-erp] [nio-8080-exec-1] org.hibernate.SQL                        : 
    select
        count(*) 
    from
        users u1_0
2026-05-28T14:59:45.510+05:30 DEBUG 25372 --- [thundercore-erp] [nio-8080-exec-1] org.hibernate.SQL                        : 
    select
        count(*) 
    from
        customers c1_0
2026-05-28T14:59:45.514+05:30 DEBUG 25372 --- [thundercore-erp] [nio-8080-exec-1] org.hibernate.SQL                        : 
    select
        count(*) 
    from
        sale_orders so1_0
2026-05-28T14:59:45.518+05:30 DEBUG 25372 --- [thundercore-erp] [nio-8080-exec-1] org.hibernate.SQL                        : 
    select
        coalesce(sum(i1_0.net_amount), 0) 
    from
        invoices i1_0 
    where
        i1_0.status=?
2026-05-28T14:59:45.523+05:30 DEBUG 25372 --- [thundercore-erp] [nio-8080-exec-1] org.hibernate.SQL                        : 
    select
        count(i1_0.id) 
    from
        invoices i1_0 
    where
        i1_0.status=?
2026-05-28T14:59:45.528+05:30 DEBUG 25372 --- [thundercore-erp] [nio-8080-exec-1] o.s.w.s.m.m.a.HttpEntityMethodProcessor  : Using 'application/json', given [application/json, text/plain, */*] and supported [application/json, application/*+json, application/yaml]
2026-05-28T14:59:45.529+05:30 DEBUG 25372 --- [thundercore-erp] [nio-8080-exec-1] o.s.w.s.m.m.a.HttpEntityMethodProcessor  : Writing [ApiResponse(success=true, message=Dashboard stats retrieved, data={totalProducts=0, totalEmployees=0 (truncated)...]
2026-05-28T14:59:45.531+05:30 DEBUG 25372 --- [thundercore-erp] [nio-8080-exec-1] o.s.web.servlet.DispatcherServlet        : Completed 200 OK
2026-05-28T14:59:47.643+05:30 DEBUG 25372 --- [thundercore-erp] [io-8080-exec-10] s.w.s.h.LoggingWebSocketHandlerDecorator : WebSocketServerSockJsSession[id=uwgcgo3t] closed with CloseStatus[code=1001, reason=null]
2026-05-28T14:59:47.647+05:30 DEBUG 25372 --- [thundercore-erp] [io-8080-exec-10] o.s.w.s.m.SubProtocolWebSocketHandler    : Clearing session uwgcgo3t
2026-05-28T14:59:47.649+05:30 DEBUG 25372 --- [thundercore-erp] [boundChannel-28] org.springframework.web.SimpLogging      : Processing DISCONNECT session=uwgcgo3t
2026-05-28T14:59:47.654+05:30 DEBUG 25372 --- [thundercore-erp] [boundChannel-11] o.s.w.s.m.SubProtocolWebSocketHandler    : No session for GenericMessage [payload=byte[0], headers={simpMessageType=DISCONNECT_ACK, simpDisconnectMessage=GenericMessage [payload=byte[0], headers={simpMessageType=DISCONNECT, stompCommand=DISCONNECT, simpSessionAttributes={org.springframework.messaging.simp.SimpAttributes.COMPLETED=true}, simpUser=UsernamePasswordAuthenticationToken [Principal=org.springframework.security.core.userdetails.User [Username=manager@thundercore.com, Password=[PROTECTED], Enabled=true, AccountNonExpired=true, CredentialsNonExpired=true, AccountNonLocked=true, Granted Authorities=[ROLE_MANAGER]], Credentials=[PROTECTED], Authenticated=true, Details=null, Granted Authorities=[ROLE_MANAGER]], simpSessionId=uwgcgo3t}], simpUser=UsernamePasswordAuthenticationToken [Principal=org.springframework.security.core.userdetails.User [Username=manager@thundercore.com, Password=[PROTECTED], Enabled=true, AccountNonExpired=true, CredentialsNonExpired=true, AccountNonLocked=true, Granted Authorities=[ROLE_MANAGER]], Credentials=[PROTECTED], Authenticated=true, Details=null, Granted Authorities=[ROLE_MANAGER]], simpSessionId=uwgcgo3t}]
2026-05-28T14:59:48.854+05:30 DEBUG 25372 --- [thundercore-erp] [nio-8080-exec-2] o.s.web.servlet.DispatcherServlet        : POST "/api/auth/login", parameters={}
2026-05-28T14:59:48.857+05:30 DEBUG 25372 --- [thundercore-erp] [nio-8080-exec-2] s.w.s.m.m.a.RequestMappingHandlerMapping : Mapped to com.thundercore.erp.auth.controller.AuthController#login(AuthRequest)
2026-05-28T14:59:48.860+05:30 DEBUG 25372 --- [thundercore-erp] [nio-8080-exec-2] m.m.a.RequestResponseBodyMethodProcessor : Read "application/json;charset=UTF-8" to [AuthRequest(email=staff@thundercore.com, password=Staff@123)]
2026-05-28T14:59:48.867+05:30 DEBUG 25372 --- [thundercore-erp] [nio-8080-exec-2] org.hibernate.SQL                        : 
    select
        u1_0.id,
        u1_0.active,
        u1_0.created_at,
        u1_0.email,
        u1_0.first_name,
        u1_0.last_name,
        u1_0.password,
        u1_0.role,
        u1_0.updated_at 
    from
        users u1_0 
    where
        u1_0.email=?
2026-05-28T14:59:49.059+05:30 DEBUG 25372 --- [thundercore-erp] [nio-8080-exec-2] org.hibernate.SQL                        : 
    select
        u1_0.id,
        u1_0.active,
        u1_0.created_at,
        u1_0.email,
        u1_0.first_name,
        u1_0.last_name,
        u1_0.password,
        u1_0.role,
        u1_0.updated_at 
    from
        users u1_0 
    where
        u1_0.email=?
2026-05-28T14:59:49.067+05:30 DEBUG 25372 --- [thundercore-erp] [nio-8080-exec-2] org.hibernate.SQL                        : 
    select
        u1_0.id,
        u1_0.active,
        u1_0.created_at,
        u1_0.email,
        u1_0.first_name,
        u1_0.last_name,
        u1_0.password,
        u1_0.role,
        u1_0.updated_at 
    from
        users u1_0 
    where
        u1_0.email=?
2026-05-28T14:59:49.070+05:30  INFO 25372 --- [thundercore-erp] [nio-8080-exec-2] c.t.erp.auth.controller.AuthController   : Successful login: staff@thundercore.com (role=STAFF)
2026-05-28T14:59:49.071+05:30 DEBUG 25372 --- [thundercore-erp] [nio-8080-exec-2] o.s.w.s.m.m.a.HttpEntityMethodProcessor  : Using 'application/json', given [application/json, text/plain, */*] and supported [application/json, application/*+json, application/yaml]
2026-05-28T14:59:49.072+05:30 DEBUG 25372 --- [thundercore-erp] [nio-8080-exec-2] o.s.w.s.m.m.a.HttpEntityMethodProcessor  : Writing [AuthResponse(token=eyJhbGciOiJIUzM4NCJ9.eyJzdWIiOiJzdGFmZkB0aHVuZGVyY29yZS5jb20iLCJpYXQiOjE3Nzk5NjA1 (truncated)...]
2026-05-28T14:59:49.074+05:30 DEBUG 25372 --- [thundercore-erp] [nio-8080-exec-2] o.s.web.servlet.DispatcherServlet        : Completed 200 OK
2026-05-28T14:59:49.150+05:30 DEBUG 25372 --- [thundercore-erp] [nio-8080-exec-4] org.hibernate.SQL                        : 
    select
        u1_0.id,
        u1_0.active,
        u1_0.created_at,
        u1_0.email,
        u1_0.first_name,
        u1_0.last_name,
        u1_0.password,
        u1_0.role,
        u1_0.updated_at 
    from
        users u1_0 
    where
        u1_0.email=?
2026-05-28T14:59:49.150+05:30 DEBUG 25372 --- [thundercore-erp] [nio-8080-exec-7] org.hibernate.SQL                        : 
    select
        u1_0.id,
        u1_0.active,
        u1_0.created_at,
        u1_0.email,
        u1_0.first_name,
        u1_0.last_name,
        u1_0.password,
        u1_0.role,
        u1_0.updated_at 
    from
        users u1_0 
    where
        u1_0.email=?
2026-05-28T14:59:49.167+05:30 DEBUG 25372 --- [thundercore-erp] [nio-8080-exec-7] o.s.web.servlet.DispatcherServlet        : GET "/api/dashboard/stats", parameters={}
2026-05-28T14:59:49.169+05:30 DEBUG 25372 --- [thundercore-erp] [nio-8080-exec-7] s.w.s.m.m.a.RequestMappingHandlerMapping : Mapped to com.thundercore.erp.dashboard.controller.DashboardController#getStats()
2026-05-28T14:59:49.170+05:30 DEBUG 25372 --- [thundercore-erp] [nio-8080-exec-4] o.s.web.servlet.DispatcherServlet        : GET "/api/notifications/me", parameters={}
2026-05-28T14:59:49.174+05:30 DEBUG 25372 --- [thundercore-erp] [nio-8080-exec-4] s.w.s.m.m.a.RequestMappingHandlerMapping : Mapped to com.thundercore.erp.notification.controller.NotificationController#getMyNotifications(Authentication)
2026-05-28T14:59:49.175+05:30 DEBUG 25372 --- [thundercore-erp] [nio-8080-exec-7] org.hibernate.SQL                        : 
    select
        p1_0.id,
        p1_0.category,
        p1_0.created_at,
        p1_0.description,
        p1_0.name,
        p1_0.quantity,
        p1_0.reorder_threshold,
        p1_0.sku,
        p1_0.supplier,
        p1_0.unit_price,
        p1_0.updated_at 
    from
        products p1_0
2026-05-28T14:59:49.175+05:30 DEBUG 25372 --- [thundercore-erp] [nio-8080-exec-6] o.s.web.servlet.DispatcherServlet        : GET "/ws/info?t=1779960589157", parameters={masked}
2026-05-28T14:59:49.179+05:30 DEBUG 25372 --- [thundercore-erp] [nio-8080-exec-4] org.hibernate.SQL                        : 
    select
        u1_0.id,
        u1_0.active,
        u1_0.created_at,
        u1_0.email,
        u1_0.first_name,
        u1_0.last_name,
        u1_0.password,
        u1_0.role,
        u1_0.updated_at 
    from
        users u1_0 
    where
        u1_0.email=?
2026-05-28T14:59:49.180+05:30 DEBUG 25372 --- [thundercore-erp] [nio-8080-exec-6] o.s.w.s.s.s.WebSocketHandlerMapping      : Mapped to org.springframework.web.socket.sockjs.support.SockJsHttpRequestHandler@714f3e27
2026-05-28T14:59:49.181+05:30 DEBUG 25372 --- [thundercore-erp] [nio-8080-exec-7] org.hibernate.SQL                        : 
    select
        i1_0.id,
        i1_0.created_at,
        i1_0.customer_email,
        i1_0.customer_name,
        i1_0.invoice_number,
        i1_0.net_amount,
        i1_0.notes,
        i1_0.status,
        i1_0.tax_amount,
        i1_0.total_amount,
        i1_0.updated_at 
    from
        invoices i1_0
2026-05-28T14:59:49.183+05:30 DEBUG 25372 --- [thundercore-erp] [nio-8080-exec-6] o.s.w.s.s.t.h.DefaultSockJsService       : Processing transport request: GET http://localhost:8080/ws/info?t=1779960589157
2026-05-28T14:59:49.185+05:30 DEBUG 25372 --- [thundercore-erp] [nio-8080-exec-4] org.hibernate.SQL                        : 
    select
        n1_0.id,
        n1_0.created_at,
        n1_0.is_read,
        n1_0.message,
        n1_0.title,
        n1_0.user_id 
    from
        notifications n1_0 
    left join
        users u1_0 
            on u1_0.id=n1_0.user_id 
    where
        u1_0.id=? 
    order by
        n1_0.created_at desc
2026-05-28T14:59:49.185+05:30 DEBUG 25372 --- [thundercore-erp] [nio-8080-exec-6] o.s.web.servlet.DispatcherServlet        : Completed 200 OK
2026-05-28T14:59:49.186+05:30 DEBUG 25372 --- [thundercore-erp] [nio-8080-exec-7] org.hibernate.SQL                        : 
    select
        count(*) 
    from
        products p1_0
2026-05-28T14:59:49.188+05:30 DEBUG 25372 --- [thundercore-erp] [nio-8080-exec-4] o.s.w.s.m.m.a.HttpEntityMethodProcessor  : Using 'application/json', given [application/json, text/plain, */*] and supported [application/json, application/*+json, application/yaml]
2026-05-28T14:59:49.189+05:30 DEBUG 25372 --- [thundercore-erp] [nio-8080-exec-4] o.s.w.s.m.m.a.HttpEntityMethodProcessor  : Writing [ApiResponse(success=true, message=Notifications retrieved, data=[])]
2026-05-28T14:59:49.190+05:30 DEBUG 25372 --- [thundercore-erp] [nio-8080-exec-7] org.hibernate.SQL                        : 
    select
        count(*) 
    from
        employees e1_0
2026-05-28T14:59:49.193+05:30 DEBUG 25372 --- [thundercore-erp] [nio-8080-exec-4] o.s.web.servlet.DispatcherServlet        : Completed 200 OK
2026-05-28T14:59:49.196+05:30 DEBUG 25372 --- [thundercore-erp] [nio-8080-exec-7] org.hibernate.SQL                        : 
    select
        count(*) 
    from
        invoices i1_0
2026-05-28T14:59:49.201+05:30 DEBUG 25372 --- [thundercore-erp] [nio-8080-exec-7] org.hibernate.SQL                        : 
    select
        count(*) 
    from
        users u1_0
2026-05-28T14:59:49.211+05:30 DEBUG 25372 --- [thundercore-erp] [nio-8080-exec-7] org.hibernate.SQL                        : 
    select
        count(*) 
    from
        customers c1_0
2026-05-28T14:59:49.214+05:30 DEBUG 25372 --- [thundercore-erp] [nio-8080-exec-3] o.s.web.servlet.DispatcherServlet        : GET "/ws/514/txvqyyxh/websocket", parameters={}
2026-05-28T14:59:49.216+05:30 DEBUG 25372 --- [thundercore-erp] [nio-8080-exec-7] org.hibernate.SQL                        : 
    select
        count(*) 
    from
        sale_orders so1_0
2026-05-28T14:59:49.216+05:30 DEBUG 25372 --- [thundercore-erp] [nio-8080-exec-3] o.s.w.s.s.s.WebSocketHandlerMapping      : Mapped to org.springframework.web.socket.sockjs.support.SockJsHttpRequestHandler@714f3e27
2026-05-28T14:59:49.217+05:30 DEBUG 25372 --- [thundercore-erp] [nio-8080-exec-8] org.hibernate.SQL                        : 
    select
        u1_0.id,
        u1_0.active,
        u1_0.created_at,
        u1_0.email,
        u1_0.first_name,
        u1_0.last_name,
        u1_0.password,
        u1_0.role,
        u1_0.updated_at 
    from
        users u1_0 
    where
        u1_0.email=?
2026-05-28T14:59:49.218+05:30 DEBUG 25372 --- [thundercore-erp] [nio-8080-exec-3] o.s.w.s.s.t.h.DefaultSockJsService       : Processing transport request: GET http://localhost:8080/ws/514/txvqyyxh/websocket
2026-05-28T14:59:49.220+05:30 DEBUG 25372 --- [thundercore-erp] [nio-8080-exec-7] org.hibernate.SQL                        : 
    select
        coalesce(sum(i1_0.net_amount), 0) 
    from
        invoices i1_0 
    where
        i1_0.status=?
2026-05-28T14:59:49.223+05:30 DEBUG 25372 --- [thundercore-erp] [nio-8080-exec-3] o.s.web.servlet.DispatcherServlet        : Completed 101 SWITCHING_PROTOCOLS
2026-05-28T14:59:49.225+05:30 DEBUG 25372 --- [thundercore-erp] [nio-8080-exec-7] org.hibernate.SQL                        : 
    select
        count(i1_0.id) 
    from
        invoices i1_0 
    where
        i1_0.status=?
2026-05-28T14:59:49.227+05:30 DEBUG 25372 --- [thundercore-erp] [nio-8080-exec-3] s.w.s.h.LoggingWebSocketHandlerDecorator : New WebSocketServerSockJsSession[id=txvqyyxh]
2026-05-28T14:59:49.229+05:30 DEBUG 25372 --- [thundercore-erp] [nio-8080-exec-8] o.s.web.servlet.DispatcherServlet        : GET "/api/notifications/me", parameters={}
2026-05-28T14:59:49.230+05:30 DEBUG 25372 --- [thundercore-erp] [nio-8080-exec-7] o.s.w.s.m.m.a.HttpEntityMethodProcessor  : Using 'application/json', given [application/json, text/plain, */*] and supported [application/json, application/*+json, application/yaml]
2026-05-28T14:59:49.233+05:30 DEBUG 25372 --- [thundercore-erp] [nio-8080-exec-8] s.w.s.m.m.a.RequestMappingHandlerMapping : Mapped to com.thundercore.erp.notification.controller.NotificationController#getMyNotifications(Authentication)
2026-05-28T14:59:49.235+05:30 DEBUG 25372 --- [thundercore-erp] [nio-8080-exec-7] o.s.w.s.m.m.a.HttpEntityMethodProcessor  : Writing [ApiResponse(success=true, message=Dashboard stats retrieved, data={totalProducts=0, totalEmployees=0 (truncated)...]
2026-05-28T14:59:49.238+05:30 DEBUG 25372 --- [thundercore-erp] [nio-8080-exec-7] o.s.web.servlet.DispatcherServlet        : Completed 200 OK
2026-05-28T14:59:49.239+05:30 DEBUG 25372 --- [thundercore-erp] [nio-8080-exec-8] org.hibernate.SQL                        : 
    select
        u1_0.id,
        u1_0.active,
        u1_0.created_at,
        u1_0.email,
        u1_0.first_name,
        u1_0.last_name,
        u1_0.password,
        u1_0.role,
        u1_0.updated_at 
    from
        users u1_0 
    where
        u1_0.email=?
2026-05-28T14:59:49.251+05:30 DEBUG 25372 --- [thundercore-erp] [nio-8080-exec-8] org.hibernate.SQL                        : 
    select
        n1_0.id,
        n1_0.created_at,
        n1_0.is_read,
        n1_0.message,
        n1_0.title,
        n1_0.user_id 
    from
        notifications n1_0 
    left join
        users u1_0 
            on u1_0.id=n1_0.user_id 
    where
        u1_0.id=? 
    order by
        n1_0.created_at desc
2026-05-28T14:59:49.251+05:30 DEBUG 25372 --- [thundercore-erp] [nio-8080-exec-5] org.hibernate.SQL                        : 
    select
        u1_0.id,
        u1_0.active,
        u1_0.created_at,
        u1_0.email,
        u1_0.first_name,
        u1_0.last_name,
        u1_0.password,
        u1_0.role,
        u1_0.updated_at 
    from
        users u1_0 
    where
        u1_0.email=?
2026-05-28T14:59:49.255+05:30 DEBUG 25372 --- [thundercore-erp] [nio-8080-exec-8] o.s.w.s.m.m.a.HttpEntityMethodProcessor  : Using 'application/json', given [application/json, text/plain, */*] and supported [application/json, application/*+json, application/yaml]
2026-05-28T14:59:49.258+05:30 DEBUG 25372 --- [thundercore-erp] [nio-8080-exec-8] o.s.w.s.m.m.a.HttpEntityMethodProcessor  : Writing [ApiResponse(success=true, message=Notifications retrieved, data=[])]
2026-05-28T14:59:49.260+05:30 DEBUG 25372 --- [thundercore-erp] [boundChannel-25] org.springframework.web.SimpLogging      : Processing CONNECT user=staff@thundercore.com session=txvqyyxh
2026-05-28T14:59:49.265+05:30 DEBUG 25372 --- [thundercore-erp] [nio-8080-exec-8] o.s.web.servlet.DispatcherServlet        : Completed 200 OK
2026-05-28T14:59:49.266+05:30 DEBUG 25372 --- [thundercore-erp] [nio-8080-exec-9] org.hibernate.SQL                        : 
    select
        u1_0.id,
        u1_0.active,
        u1_0.created_at,
        u1_0.email,
        u1_0.first_name,
        u1_0.last_name,
        u1_0.password,
        u1_0.role,
        u1_0.updated_at 
    from
        users u1_0 
    where
        u1_0.email=?
2026-05-28T14:59:49.276+05:30 DEBUG 25372 --- [thundercore-erp] [nio-8080-exec-9] o.s.web.servlet.DispatcherServlet        : GET "/api/dashboard/stats", parameters={}
2026-05-28T14:59:49.278+05:30 DEBUG 25372 --- [thundercore-erp] [nio-8080-exec-9] s.w.s.m.m.a.RequestMappingHandlerMapping : Mapped to com.thundercore.erp.dashboard.controller.DashboardController#getStats()
2026-05-28T14:59:49.286+05:30 DEBUG 25372 --- [thundercore-erp] [nio-8080-exec-9] org.hibernate.SQL                        : 
    select
        p1_0.id,
        p1_0.category,
        p1_0.created_at,
        p1_0.description,
        p1_0.name,
        p1_0.quantity,
        p1_0.reorder_threshold,
        p1_0.sku,
        p1_0.supplier,
        p1_0.unit_price,
        p1_0.updated_at 
    from
        products p1_0
2026-05-28T14:59:49.292+05:30 DEBUG 25372 --- [thundercore-erp] [nio-8080-exec-9] org.hibernate.SQL                        : 
    select
        i1_0.id,
        i1_0.created_at,
        i1_0.customer_email,
        i1_0.customer_name,
        i1_0.invoice_number,
        i1_0.net_amount,
        i1_0.notes,
        i1_0.status,
        i1_0.tax_amount,
        i1_0.total_amount,
        i1_0.updated_at 
    from
        invoices i1_0
2026-05-28T14:59:49.298+05:30 DEBUG 25372 --- [thundercore-erp] [nio-8080-exec-9] org.hibernate.SQL                        : 
    select
        count(*) 
    from
        products p1_0
2026-05-28T14:59:49.301+05:30 DEBUG 25372 --- [thundercore-erp] [nio-8080-exec-9] org.hibernate.SQL                        : 
    select
        count(*) 
    from
        employees e1_0
2026-05-28T14:59:49.304+05:30 DEBUG 25372 --- [thundercore-erp] [nio-8080-exec-9] org.hibernate.SQL                        : 
    select
        count(*) 
    from
        invoices i1_0
2026-05-28T14:59:49.309+05:30 DEBUG 25372 --- [thundercore-erp] [nio-8080-exec-9] org.hibernate.SQL                        : 
    select
        count(*) 
    from
        users u1_0
2026-05-28T14:59:49.315+05:30 DEBUG 25372 --- [thundercore-erp] [nio-8080-exec-9] org.hibernate.SQL                        : 
    select
        count(*) 
    from
        customers c1_0
2026-05-28T14:59:49.319+05:30 DEBUG 25372 --- [thundercore-erp] [nio-8080-exec-9] org.hibernate.SQL                        : 
    select
        count(*) 
    from
        sale_orders so1_0
2026-05-28T14:59:49.323+05:30 DEBUG 25372 --- [thundercore-erp] [nio-8080-exec-9] org.hibernate.SQL                        : 
    select
        coalesce(sum(i1_0.net_amount), 0) 
    from
        invoices i1_0 
    where
        i1_0.status=?
2026-05-28T14:59:49.328+05:30 DEBUG 25372 --- [thundercore-erp] [nio-8080-exec-9] org.hibernate.SQL                        : 
    select
        count(i1_0.id) 
    from
        invoices i1_0 
    where
        i1_0.status=?
2026-05-28T14:59:49.332+05:30 DEBUG 25372 --- [thundercore-erp] [nio-8080-exec-9] o.s.w.s.m.m.a.HttpEntityMethodProcessor  : Using 'application/json', given [application/json, text/plain, */*] and supported [application/json, application/*+json, application/yaml]
2026-05-28T14:59:49.334+05:30 DEBUG 25372 --- [thundercore-erp] [nio-8080-exec-9] o.s.w.s.m.m.a.HttpEntityMethodProcessor  : Writing [ApiResponse(success=true, message=Dashboard stats retrieved, data={totalProducts=0, totalEmployees=0 (truncated)...]
2026-05-28T14:59:49.337+05:30 DEBUG 25372 --- [thundercore-erp] [nio-8080-exec-9] o.s.web.servlet.DispatcherServlet        : Completed 200 OK
2026-05-28T14:59:49.361+05:30 DEBUG 25372 --- [thundercore-erp] [boundChannel-30] org.springframework.web.SimpLogging      : Processing SUBSCRIBE destination=/queue/notifications-usertxvqyyxh subscriptionId=sub-0 session=txvqyyxh user=staff@thundercore.com payload=byte[0]
2026-05-28T14:59:49.364+05:30 DEBUG 25372 --- [thundercore-erp] [boundChannel-20] org.springframework.web.SimpLogging      : Processing SUBSCRIBE /topic/dashboard id=sub-1 session=txvqyyxh
2026-05-28T14:59:51.439+05:30 DEBUG 25372 --- [thundercore-erp] [io-8080-exec-10] s.w.s.h.LoggingWebSocketHandlerDecorator : WebSocketServerSockJsSession[id=txvqyyxh] closed with CloseStatus[code=1001, reason=null]
2026-05-28T14:59:51.442+05:30 DEBUG 25372 --- [thundercore-erp] [io-8080-exec-10] o.s.w.s.m.SubProtocolWebSocketHandler    : Clearing session txvqyyxh
2026-05-28T14:59:51.447+05:30 DEBUG 25372 --- [thundercore-erp] [boundChannel-35] org.springframework.web.SimpLogging      : Processing DISCONNECT session=txvqyyxh
2026-05-28T14:59:51.453+05:30 DEBUG 25372 --- [thundercore-erp] [boundChannel-13] o.s.w.s.m.SubProtocolWebSocketHandler    : No session for GenericMessage [payload=byte[0], headers={simpMessageType=DISCONNECT_ACK, simpDisconnectMessage=GenericMessage [payload=byte[0], headers={simpMessageType=DISCONNECT, stompCommand=DISCONNECT, simpSessionAttributes={org.springframework.messaging.simp.SimpAttributes.COMPLETED=true}, simpUser=UsernamePasswordAuthenticationToken [Principal=org.springframework.security.core.userdetails.User [Username=staff@thundercore.com, Password=[PROTECTED], Enabled=true, AccountNonExpired=true, CredentialsNonExpired=true, AccountNonLocked=true, Granted Authorities=[ROLE_STAFF]], Credentials=[PROTECTED], Authenticated=true, Details=null, Granted Authorities=[ROLE_STAFF]], simpSessionId=txvqyyxh}], simpUser=UsernamePasswordAuthenticationToken [Principal=org.springframework.security.core.userdetails.User [Username=staff@thundercore.com, Password=[PROTECTED], Enabled=true, AccountNonExpired=true, CredentialsNonExpired=true, AccountNonLocked=true, Granted Authorities=[ROLE_STAFF]], Credentials=[PROTECTED], Authenticated=true, Details=null, Granted Authorities=[ROLE_STAFF]], simpSessionId=txvqyyxh}]
2026-05-28T14:59:52.828+05:30 DEBUG 25372 --- [thundercore-erp] [MessageBroker-7] o.s.w.s.s.t.h.DefaultSockJsService       : Closed 2 sessions: [uwgcgo3t, inl1km0b]
2026-05-28T14:59:57.829+05:30 DEBUG 25372 --- [thundercore-erp] [MessageBroker-7] o.s.w.s.s.t.h.DefaultSockJsService       : Closed 1 sessions: [txvqyyxh]
2026-05-28T15:02:53.982+05:30 DEBUG 25372 --- [thundercore-erp] [nio-8080-exec-2] o.s.web.servlet.DispatcherServlet        : POST "/api/auth/login", parameters={}
2026-05-28T15:02:54.024+05:30 DEBUG 25372 --- [thundercore-erp] [nio-8080-exec-2] s.w.s.m.m.a.RequestMappingHandlerMapping : Mapped to com.thundercore.erp.auth.controller.AuthController#login(AuthRequest)
2026-05-28T15:02:54.050+05:30 DEBUG 25372 --- [thundercore-erp] [nio-8080-exec-2] m.m.a.RequestResponseBodyMethodProcessor : Read "application/json;charset=UTF-8" to [AuthRequest(email=admin@thundercore.com, password=Admin@123)]
2026-05-28T15:02:54.210+05:30 DEBUG 25372 --- [thundercore-erp] [nio-8080-exec-2] org.hibernate.SQL                        : 
    select
        u1_0.id,
        u1_0.active,
        u1_0.created_at,
        u1_0.email,
        u1_0.first_name,
        u1_0.last_name,
        u1_0.password,
        u1_0.role,
        u1_0.updated_at 
    from
        users u1_0 
    where
        u1_0.email=?
2026-05-28T15:02:54.334+05:30 DEBUG 25372 --- [thundercore-erp] [nio-8080-exec-2] org.hibernate.SQL                        : 
    select
        u1_0.id,
        u1_0.active,
        u1_0.created_at,
        u1_0.email,
        u1_0.first_name,
        u1_0.last_name,
        u1_0.password,
        u1_0.role,
        u1_0.updated_at 
    from
        users u1_0 
    where
        u1_0.email=?
2026-05-28T15:02:54.361+05:30 DEBUG 25372 --- [thundercore-erp] [nio-8080-exec-2] org.hibernate.SQL                        : 
    select
        u1_0.id,
        u1_0.active,
        u1_0.created_at,
        u1_0.email,
        u1_0.first_name,
        u1_0.last_name,
        u1_0.password,
        u1_0.role,
        u1_0.updated_at 
    from
        users u1_0 
    where
        u1_0.email=?
2026-05-28T15:02:54.365+05:30  INFO 25372 --- [thundercore-erp] [nio-8080-exec-2] c.t.erp.auth.controller.AuthController   : Successful login: admin@thundercore.com (role=SUPER_ADMIN)
2026-05-28T15:02:54.378+05:30 DEBUG 25372 --- [thundercore-erp] [nio-8080-exec-2] o.s.w.s.m.m.a.HttpEntityMethodProcessor  : Using 'application/json', given [application/json, text/plain, */*] and supported [application/json, application/*+json, application/yaml]
2026-05-28T15:02:54.382+05:30 DEBUG 25372 --- [thundercore-erp] [nio-8080-exec-2] o.s.w.s.m.m.a.HttpEntityMethodProcessor  : Writing [AuthResponse(token=eyJhbGciOiJIUzM4NCJ9.eyJzdWIiOiJhZG1pbkB0aHVuZGVyY29yZS5jb20iLCJpYXQiOjE3Nzk5NjA3 (truncated)...]
2026-05-28T15:02:54.388+05:30 DEBUG 25372 --- [thundercore-erp] [nio-8080-exec-2] o.s.web.servlet.DispatcherServlet        : Completed 200 OK
2026-05-28T15:02:54.450+05:30 DEBUG 25372 --- [thundercore-erp] [nio-8080-exec-3] o.s.web.servlet.DispatcherServlet        : GET "/ws/info?t=1779960774435", parameters={masked}
2026-05-28T15:02:54.453+05:30 DEBUG 25372 --- [thundercore-erp] [nio-8080-exec-3] o.s.w.s.s.s.WebSocketHandlerMapping      : Mapped to org.springframework.web.socket.sockjs.support.SockJsHttpRequestHandler@714f3e27
2026-05-28T15:02:54.454+05:30 DEBUG 25372 --- [thundercore-erp] [nio-8080-exec-6] org.hibernate.SQL                        : 
    select
        u1_0.id,
        u1_0.active,
        u1_0.created_at,
        u1_0.email,
        u1_0.first_name,
        u1_0.last_name,
        u1_0.password,
        u1_0.role,
        u1_0.updated_at 
    from
        users u1_0 
    where
        u1_0.email=?
2026-05-28T15:02:54.454+05:30 DEBUG 25372 --- [thundercore-erp] [nio-8080-exec-4] org.hibernate.SQL                        : 
    select
        u1_0.id,
        u1_0.active,
        u1_0.created_at,
        u1_0.email,
        u1_0.first_name,
        u1_0.last_name,
        u1_0.password,
        u1_0.role,
        u1_0.updated_at 
    from
        users u1_0 
    where
        u1_0.email=?
2026-05-28T15:02:54.456+05:30 DEBUG 25372 --- [thundercore-erp] [nio-8080-exec-3] o.s.w.s.s.t.h.DefaultSockJsService       : Processing transport request: GET http://localhost:8080/ws/info?t=1779960774435
2026-05-28T15:02:54.459+05:30 DEBUG 25372 --- [thundercore-erp] [nio-8080-exec-3] o.s.web.servlet.DispatcherServlet        : Completed 200 OK
2026-05-28T15:02:54.466+05:30 DEBUG 25372 --- [thundercore-erp] [nio-8080-exec-6] o.s.web.servlet.DispatcherServlet        : GET "/api/dashboard/stats", parameters={}
2026-05-28T15:02:54.467+05:30 DEBUG 25372 --- [thundercore-erp] [nio-8080-exec-6] s.w.s.m.m.a.RequestMappingHandlerMapping : Mapped to com.thundercore.erp.dashboard.controller.DashboardController#getStats()
2026-05-28T15:02:54.467+05:30 DEBUG 25372 --- [thundercore-erp] [nio-8080-exec-4] o.s.web.servlet.DispatcherServlet        : GET "/api/notifications/me", parameters={}
2026-05-28T15:02:54.470+05:30 DEBUG 25372 --- [thundercore-erp] [nio-8080-exec-4] s.w.s.m.m.a.RequestMappingHandlerMapping : Mapped to com.thundercore.erp.notification.controller.NotificationController#getMyNotifications(Authentication)
2026-05-28T15:02:54.475+05:30 DEBUG 25372 --- [thundercore-erp] [nio-8080-exec-4] org.hibernate.SQL                        : 
    select
        u1_0.id,
        u1_0.active,
        u1_0.created_at,
        u1_0.email,
        u1_0.first_name,
        u1_0.last_name,
        u1_0.password,
        u1_0.role,
        u1_0.updated_at 
    from
        users u1_0 
    where
        u1_0.email=?
2026-05-28T15:02:54.482+05:30 DEBUG 25372 --- [thundercore-erp] [nio-8080-exec-7] o.s.web.servlet.DispatcherServlet        : GET "/ws/269/rtinfz3o/websocket", parameters={}
2026-05-28T15:02:54.483+05:30 DEBUG 25372 --- [thundercore-erp] [nio-8080-exec-7] o.s.w.s.s.s.WebSocketHandlerMapping      : Mapped to org.springframework.web.socket.sockjs.support.SockJsHttpRequestHandler@714f3e27
2026-05-28T15:02:54.484+05:30 DEBUG 25372 --- [thundercore-erp] [nio-8080-exec-6] org.hibernate.SQL                        : 
    select
        p1_0.id,
        p1_0.category,
        p1_0.created_at,
        p1_0.description,
        p1_0.name,
        p1_0.quantity,
        p1_0.reorder_threshold,
        p1_0.sku,
        p1_0.supplier,
        p1_0.unit_price,
        p1_0.updated_at 
    from
        products p1_0
2026-05-28T15:02:54.486+05:30 DEBUG 25372 --- [thundercore-erp] [nio-8080-exec-4] org.hibernate.SQL                        : 
    select
        n1_0.id,
        n1_0.created_at,
        n1_0.is_read,
        n1_0.message,
        n1_0.title,
        n1_0.user_id 
    from
        notifications n1_0 
    left join
        users u1_0 
            on u1_0.id=n1_0.user_id 
    where
        u1_0.id=? 
    order by
        n1_0.created_at desc
2026-05-28T15:02:54.486+05:30 DEBUG 25372 --- [thundercore-erp] [nio-8080-exec-7] o.s.w.s.s.t.h.DefaultSockJsService       : Processing transport request: GET http://localhost:8080/ws/269/rtinfz3o/websocket
2026-05-28T15:02:54.490+05:30 DEBUG 25372 --- [thundercore-erp] [nio-8080-exec-6] org.hibernate.SQL                        : 
    select
        i1_0.id,
        i1_0.created_at,
        i1_0.customer_email,
        i1_0.customer_name,
        i1_0.invoice_number,
        i1_0.net_amount,
        i1_0.notes,
        i1_0.status,
        i1_0.tax_amount,
        i1_0.total_amount,
        i1_0.updated_at 
    from
        invoices i1_0
2026-05-28T15:02:54.495+05:30 DEBUG 25372 --- [thundercore-erp] [nio-8080-exec-4] o.s.w.s.m.m.a.HttpEntityMethodProcessor  : Using 'application/json', given [application/json, text/plain, */*] and supported [application/json, application/*+json, application/yaml]
2026-05-28T15:02:54.496+05:30 DEBUG 25372 --- [thundercore-erp] [nio-8080-exec-6] org.hibernate.SQL                        : 
    select
        count(*) 
    from
        products p1_0
2026-05-28T15:02:54.500+05:30 DEBUG 25372 --- [thundercore-erp] [nio-8080-exec-4] o.s.w.s.m.m.a.HttpEntityMethodProcessor  : Writing [ApiResponse(success=true, message=Notifications retrieved, data=[])]
2026-05-28T15:02:54.501+05:30 DEBUG 25372 --- [thundercore-erp] [nio-8080-exec-7] o.s.web.servlet.DispatcherServlet        : Completed 101 SWITCHING_PROTOCOLS
2026-05-28T15:02:54.502+05:30 DEBUG 25372 --- [thundercore-erp] [nio-8080-exec-4] o.s.web.servlet.DispatcherServlet        : Completed 200 OK
2026-05-28T15:02:54.504+05:30 DEBUG 25372 --- [thundercore-erp] [nio-8080-exec-6] org.hibernate.SQL                        : 
    select
        count(*) 
    from
        employees e1_0
2026-05-28T15:02:54.511+05:30 DEBUG 25372 --- [thundercore-erp] [nio-8080-exec-6] org.hibernate.SQL                        : 
    select
        count(*) 
    from
        invoices i1_0
2026-05-28T15:02:54.511+05:30 DEBUG 25372 --- [thundercore-erp] [nio-8080-exec-7] s.w.s.h.LoggingWebSocketHandlerDecorator : New WebSocketServerSockJsSession[id=rtinfz3o]
2026-05-28T15:02:54.517+05:30 DEBUG 25372 --- [thundercore-erp] [nio-8080-exec-6] org.hibernate.SQL                        : 
    select
        count(*) 
    from
        users u1_0
2026-05-28T15:02:54.529+05:30 DEBUG 25372 --- [thundercore-erp] [nio-8080-exec-5] org.hibernate.SQL                        : 
    select
        u1_0.id,
        u1_0.active,
        u1_0.created_at,
        u1_0.email,
        u1_0.first_name,
        u1_0.last_name,
        u1_0.password,
        u1_0.role,
        u1_0.updated_at 
    from
        users u1_0 
    where
        u1_0.email=?
2026-05-28T15:02:54.531+05:30 DEBUG 25372 --- [thundercore-erp] [nio-8080-exec-6] org.hibernate.SQL                        : 
    select
        count(*) 
    from
        customers c1_0
2026-05-28T15:02:54.536+05:30 DEBUG 25372 --- [thundercore-erp] [nio-8080-exec-6] org.hibernate.SQL                        : 
    select
        count(*) 
    from
        sale_orders so1_0
2026-05-28T15:02:54.545+05:30 DEBUG 25372 --- [thundercore-erp] [nio-8080-exec-5] o.s.web.servlet.DispatcherServlet        : GET "/api/notifications/me", parameters={}
2026-05-28T15:02:54.546+05:30 DEBUG 25372 --- [thundercore-erp] [nio-8080-exec-6] org.hibernate.SQL                        : 
    select
        coalesce(sum(i1_0.net_amount), 0) 
    from
        invoices i1_0 
    where
        i1_0.status=?
2026-05-28T15:02:54.547+05:30 DEBUG 25372 --- [thundercore-erp] [nio-8080-exec-5] s.w.s.m.m.a.RequestMappingHandlerMapping : Mapped to com.thundercore.erp.notification.controller.NotificationController#getMyNotifications(Authentication)
2026-05-28T15:02:54.550+05:30 DEBUG 25372 --- [thundercore-erp] [nio-8080-exec-5] org.hibernate.SQL                        : 
    select
        u1_0.id,
        u1_0.active,
        u1_0.created_at,
        u1_0.email,
        u1_0.first_name,
        u1_0.last_name,
        u1_0.password,
        u1_0.role,
        u1_0.updated_at 
    from
        users u1_0 
    where
        u1_0.email=?
2026-05-28T15:02:54.554+05:30 DEBUG 25372 --- [thundercore-erp] [nio-8080-exec-6] org.hibernate.SQL                        : 
    select
        count(i1_0.id) 
    from
        invoices i1_0 
    where
        i1_0.status=?
2026-05-28T15:02:54.561+05:30 DEBUG 25372 --- [thundercore-erp] [nio-8080-exec-6] o.s.w.s.m.m.a.HttpEntityMethodProcessor  : Using 'application/json', given [application/json, text/plain, */*] and supported [application/json, application/*+json, application/yaml]
2026-05-28T15:02:54.562+05:30 DEBUG 25372 --- [thundercore-erp] [nio-8080-exec-5] org.hibernate.SQL                        : 
    select
        n1_0.id,
        n1_0.created_at,
        n1_0.is_read,
        n1_0.message,
        n1_0.title,
        n1_0.user_id 
    from
        notifications n1_0 
    left join
        users u1_0 
            on u1_0.id=n1_0.user_id 
    where
        u1_0.id=? 
    order by
        n1_0.created_at desc
2026-05-28T15:02:54.562+05:30 DEBUG 25372 --- [thundercore-erp] [nio-8080-exec-6] o.s.w.s.m.m.a.HttpEntityMethodProcessor  : Writing [ApiResponse(success=true, message=Dashboard stats retrieved, data={totalProducts=0, totalEmployees=0 (truncated)...]
2026-05-28T15:02:54.565+05:30 DEBUG 25372 --- [thundercore-erp] [nio-8080-exec-5] o.s.w.s.m.m.a.HttpEntityMethodProcessor  : Using 'application/json', given [application/json, text/plain, */*] and supported [application/json, application/*+json, application/yaml]
2026-05-28T15:02:54.565+05:30 DEBUG 25372 --- [thundercore-erp] [nio-8080-exec-6] o.s.web.servlet.DispatcherServlet        : Completed 200 OK
2026-05-28T15:02:54.566+05:30 DEBUG 25372 --- [thundercore-erp] [nio-8080-exec-5] o.s.w.s.m.m.a.HttpEntityMethodProcessor  : Writing [ApiResponse(success=true, message=Notifications retrieved, data=[])]
2026-05-28T15:02:54.569+05:30 DEBUG 25372 --- [thundercore-erp] [nio-8080-exec-5] o.s.web.servlet.DispatcherServlet        : Completed 200 OK
2026-05-28T15:02:54.583+05:30 DEBUG 25372 --- [thundercore-erp] [nio-8080-exec-9] org.hibernate.SQL                        : 
    select
        u1_0.id,
        u1_0.active,
        u1_0.created_at,
        u1_0.email,
        u1_0.first_name,
        u1_0.last_name,
        u1_0.password,
        u1_0.role,
        u1_0.updated_at 
    from
        users u1_0 
    where
        u1_0.email=?
2026-05-28T15:02:54.589+05:30 DEBUG 25372 --- [thundercore-erp] [nio-8080-exec-9] o.s.web.servlet.DispatcherServlet        : GET "/api/dashboard/stats", parameters={}
2026-05-28T15:02:54.591+05:30 DEBUG 25372 --- [thundercore-erp] [nio-8080-exec-9] s.w.s.m.m.a.RequestMappingHandlerMapping : Mapped to com.thundercore.erp.dashboard.controller.DashboardController#getStats()
2026-05-28T15:02:54.594+05:30 DEBUG 25372 --- [thundercore-erp] [nio-8080-exec-9] org.hibernate.SQL                        : 
    select
        p1_0.id,
        p1_0.category,
        p1_0.created_at,
        p1_0.description,
        p1_0.name,
        p1_0.quantity,
        p1_0.reorder_threshold,
        p1_0.sku,
        p1_0.supplier,
        p1_0.unit_price,
        p1_0.updated_at 
    from
        products p1_0
2026-05-28T15:02:54.598+05:30 DEBUG 25372 --- [thundercore-erp] [nio-8080-exec-9] org.hibernate.SQL                        : 
    select
        i1_0.id,
        i1_0.created_at,
        i1_0.customer_email,
        i1_0.customer_name,
        i1_0.invoice_number,
        i1_0.net_amount,
        i1_0.notes,
        i1_0.status,
        i1_0.tax_amount,
        i1_0.total_amount,
        i1_0.updated_at 
    from
        invoices i1_0
2026-05-28T15:02:54.602+05:30 DEBUG 25372 --- [thundercore-erp] [nio-8080-exec-9] org.hibernate.SQL                        : 
    select
        count(*) 
    from
        products p1_0
2026-05-28T15:02:54.622+05:30 DEBUG 25372 --- [thundercore-erp] [nio-8080-exec-9] org.hibernate.SQL                        : 
    select
        count(*) 
    from
        employees e1_0
2026-05-28T15:02:54.629+05:30 DEBUG 25372 --- [thundercore-erp] [nio-8080-exec-9] org.hibernate.SQL                        : 
    select
        count(*) 
    from
        invoices i1_0
2026-05-28T15:02:54.628+05:30 DEBUG 25372 --- [thundercore-erp] [nio-8080-exec-8] org.hibernate.SQL                        : 
    select
        u1_0.id,
        u1_0.active,
        u1_0.created_at,
        u1_0.email,
        u1_0.first_name,
        u1_0.last_name,
        u1_0.password,
        u1_0.role,
        u1_0.updated_at 
    from
        users u1_0 
    where
        u1_0.email=?
2026-05-28T15:02:54.631+05:30 DEBUG 25372 --- [thundercore-erp] [nio-8080-exec-9] org.hibernate.SQL                        : 
    select
        count(*) 
    from
        users u1_0
2026-05-28T15:02:54.636+05:30 DEBUG 25372 --- [thundercore-erp] [nio-8080-exec-9] org.hibernate.SQL                        : 
    select
        count(*) 
    from
        customers c1_0
2026-05-28T15:02:54.641+05:30 DEBUG 25372 --- [thundercore-erp] [nio-8080-exec-9] org.hibernate.SQL                        : 
    select
        count(*) 
    from
        sale_orders so1_0
2026-05-28T15:02:54.644+05:30 DEBUG 25372 --- [thundercore-erp] [boundChannel-37] org.springframework.web.SimpLogging      : Processing CONNECT user=admin@thundercore.com session=rtinfz3o
2026-05-28T15:02:54.648+05:30 DEBUG 25372 --- [thundercore-erp] [nio-8080-exec-9] org.hibernate.SQL                        : 
    select
        coalesce(sum(i1_0.net_amount), 0) 
    from
        invoices i1_0 
    where
        i1_0.status=?
2026-05-28T15:02:54.655+05:30 DEBUG 25372 --- [thundercore-erp] [nio-8080-exec-9] org.hibernate.SQL                        : 
    select
        count(i1_0.id) 
    from
        invoices i1_0 
    where
        i1_0.status=?
2026-05-28T15:02:54.660+05:30 DEBUG 25372 --- [thundercore-erp] [nio-8080-exec-9] o.s.w.s.m.m.a.HttpEntityMethodProcessor  : Using 'application/json', given [application/json, text/plain, */*] and supported [application/json, application/*+json, application/yaml]
2026-05-28T15:02:54.662+05:30 DEBUG 25372 --- [thundercore-erp] [nio-8080-exec-9] o.s.w.s.m.m.a.HttpEntityMethodProcessor  : Writing [ApiResponse(success=true, message=Dashboard stats retrieved, data={totalProducts=0, totalEmployees=0 (truncated)...]
2026-05-28T15:02:54.664+05:30 DEBUG 25372 --- [thundercore-erp] [nio-8080-exec-9] o.s.web.servlet.DispatcherServlet        : Completed 200 OK
2026-05-28T15:02:54.708+05:30 DEBUG 25372 --- [thundercore-erp] [boundChannel-41] org.springframework.web.SimpLogging      : Processing SUBSCRIBE destination=/queue/notifications-userrtinfz3o subscriptionId=sub-0 session=rtinfz3o user=admin@thundercore.com payload=byte[0]
2026-05-28T15:02:54.710+05:30 DEBUG 25372 --- [thundercore-erp] [boundChannel-43] org.springframework.web.SimpLogging      : Processing SUBSCRIBE /topic/dashboard id=sub-1 session=rtinfz3o
2026-05-28T15:02:56.397+05:30 DEBUG 25372 --- [thundercore-erp] [io-8080-exec-10] s.w.s.h.LoggingWebSocketHandlerDecorator : WebSocketServerSockJsSession[id=rtinfz3o] closed with CloseStatus[code=1001, reason=null]
2026-05-28T15:02:56.399+05:30 DEBUG 25372 --- [thundercore-erp] [io-8080-exec-10] o.s.w.s.m.SubProtocolWebSocketHandler    : Clearing session rtinfz3o
2026-05-28T15:02:57.013+05:30 DEBUG 25372 --- [thundercore-erp] [boundChannel-46] org.springframework.web.SimpLogging      : Processing DISCONNECT session=rtinfz3o
2026-05-28T15:02:57.052+05:30 DEBUG 25372 --- [thundercore-erp] [boundChannel-15] o.s.w.s.m.SubProtocolWebSocketHandler    : No session for GenericMessage [payload=byte[0], headers={simpMessageType=DISCONNECT_ACK, simpDisconnectMessage=GenericMessage [payload=byte[0], headers={simpMessageType=DISCONNECT, stompCommand=DISCONNECT, simpSessionAttributes={org.springframework.messaging.simp.SimpAttributes.COMPLETED=true}, simpUser=UsernamePasswordAuthenticationToken [Principal=org.springframework.security.core.userdetails.User [Username=admin@thundercore.com, Password=[PROTECTED], Enabled=true, AccountNonExpired=true, CredentialsNonExpired=true, AccountNonLocked=true, Granted Authorities=[ROLE_SUPER_ADMIN]], Credentials=[PROTECTED], Authenticated=true, Details=null, Granted Authorities=[ROLE_SUPER_ADMIN]], simpSessionId=rtinfz3o}], simpUser=UsernamePasswordAuthenticationToken [Principal=org.springframework.security.core.userdetails.User [Username=admin@thundercore.com, Password=[PROTECTED], Enabled=true, AccountNonExpired=true, CredentialsNonExpired=true, AccountNonLocked=true, Granted Authorities=[ROLE_SUPER_ADMIN]], Credentials=[PROTECTED], Authenticated=true, Details=null, Granted Authorities=[ROLE_SUPER_ADMIN]], simpSessionId=rtinfz3o}]
2026-05-28T15:02:58.501+05:30 DEBUG 25372 --- [thundercore-erp] [nio-8080-exec-2] o.s.web.servlet.DispatcherServlet        : POST "/api/auth/login", parameters={}
2026-05-28T15:02:58.504+05:30 DEBUG 25372 --- [thundercore-erp] [nio-8080-exec-2] s.w.s.m.m.a.RequestMappingHandlerMapping : Mapped to com.thundercore.erp.auth.controller.AuthController#login(AuthRequest)
2026-05-28T15:02:58.507+05:30 DEBUG 25372 --- [thundercore-erp] [nio-8080-exec-2] m.m.a.RequestResponseBodyMethodProcessor : Read "application/json;charset=UTF-8" to [AuthRequest(email=manager@thundercore.com, password=Manager@123)]
2026-05-28T15:02:58.543+05:30 DEBUG 25372 --- [thundercore-erp] [nio-8080-exec-2] org.hibernate.SQL                        : 
    select
        u1_0.id,
        u1_0.active,
        u1_0.created_at,
        u1_0.email,
        u1_0.first_name,
        u1_0.last_name,
        u1_0.password,
        u1_0.role,
        u1_0.updated_at 
    from
        users u1_0 
    where
        u1_0.email=?
2026-05-28T15:02:58.749+05:30 DEBUG 25372 --- [thundercore-erp] [nio-8080-exec-2] org.hibernate.SQL                        : 
    select
        u1_0.id,
        u1_0.active,
        u1_0.created_at,
        u1_0.email,
        u1_0.first_name,
        u1_0.last_name,
        u1_0.password,
        u1_0.role,
        u1_0.updated_at 
    from
        users u1_0 
    where
        u1_0.email=?
2026-05-28T15:02:58.785+05:30 DEBUG 25372 --- [thundercore-erp] [nio-8080-exec-2] org.hibernate.SQL                        : 
    select
        u1_0.id,
        u1_0.active,
        u1_0.created_at,
        u1_0.email,
        u1_0.first_name,
        u1_0.last_name,
        u1_0.password,
        u1_0.role,
        u1_0.updated_at 
    from
        users u1_0 
    where
        u1_0.email=?
2026-05-28T15:02:58.786+05:30  INFO 25372 --- [thundercore-erp] [nio-8080-exec-2] c.t.erp.auth.controller.AuthController   : Successful login: manager@thundercore.com (role=MANAGER)
2026-05-28T15:02:58.789+05:30 DEBUG 25372 --- [thundercore-erp] [nio-8080-exec-2] o.s.w.s.m.m.a.HttpEntityMethodProcessor  : Using 'application/json', given [application/json, text/plain, */*] and supported [application/json, application/*+json, application/yaml]
2026-05-28T15:02:58.790+05:30 DEBUG 25372 --- [thundercore-erp] [nio-8080-exec-2] o.s.w.s.m.m.a.HttpEntityMethodProcessor  : Writing [AuthResponse(token=eyJhbGciOiJIUzM4NCJ9.eyJzdWIiOiJtYW5hZ2VyQHRodW5kZXJjb3JlLmNvbSIsImlhdCI6MTc3OTk2 (truncated)...]
2026-05-28T15:02:59.087+05:30 DEBUG 25372 --- [thundercore-erp] [nio-8080-exec-2] o.s.web.servlet.DispatcherServlet        : Completed 200 OK
2026-05-28T15:02:59.229+05:30 DEBUG 25372 --- [thundercore-erp] [nio-8080-exec-7] o.s.web.servlet.DispatcherServlet        : GET "/ws/info?t=1779960779160", parameters={masked}
2026-05-28T15:02:59.231+05:30 DEBUG 25372 --- [thundercore-erp] [nio-8080-exec-3] org.hibernate.SQL                        : 
    select
        u1_0.id,
        u1_0.active,
        u1_0.created_at,
        u1_0.email,
        u1_0.first_name,
        u1_0.last_name,
        u1_0.password,
        u1_0.role,
        u1_0.updated_at 
    from
        users u1_0 
    where
        u1_0.email=?
2026-05-28T15:02:59.232+05:30 DEBUG 25372 --- [thundercore-erp] [nio-8080-exec-4] org.hibernate.SQL                        : 
    select
        u1_0.id,
        u1_0.active,
        u1_0.created_at,
        u1_0.email,
        u1_0.first_name,
        u1_0.last_name,
        u1_0.password,
        u1_0.role,
        u1_0.updated_at 
    from
        users u1_0 
    where
        u1_0.email=?
2026-05-28T15:02:59.271+05:30 DEBUG 25372 --- [thundercore-erp] [nio-8080-exec-3] o.s.web.servlet.DispatcherServlet        : GET "/api/dashboard/stats", parameters={}
2026-05-28T15:02:59.271+05:30 DEBUG 25372 --- [thundercore-erp] [nio-8080-exec-4] o.s.web.servlet.DispatcherServlet        : GET "/api/notifications/me", parameters={}
2026-05-28T15:02:59.273+05:30 DEBUG 25372 --- [thundercore-erp] [nio-8080-exec-3] s.w.s.m.m.a.RequestMappingHandlerMapping : Mapped to com.thundercore.erp.dashboard.controller.DashboardController#getStats()
2026-05-28T15:02:59.273+05:30 DEBUG 25372 --- [thundercore-erp] [nio-8080-exec-4] s.w.s.m.m.a.RequestMappingHandlerMapping : Mapped to com.thundercore.erp.notification.controller.NotificationController#getMyNotifications(Authentication)
2026-05-28T15:02:59.288+05:30 DEBUG 25372 --- [thundercore-erp] [nio-8080-exec-7] o.s.w.s.s.s.WebSocketHandlerMapping      : Mapped to org.springframework.web.socket.sockjs.support.SockJsHttpRequestHandler@714f3e27
2026-05-28T15:02:59.290+05:30 DEBUG 25372 --- [thundercore-erp] [nio-8080-exec-7] o.s.w.s.s.t.h.DefaultSockJsService       : Processing transport request: GET http://localhost:8080/ws/info?t=1779960779160
2026-05-28T15:02:59.291+05:30 DEBUG 25372 --- [thundercore-erp] [nio-8080-exec-7] o.s.web.servlet.DispatcherServlet        : Completed 200 OK
2026-05-28T15:02:59.277+05:30 DEBUG 25372 --- [thundercore-erp] [nio-8080-exec-3] org.hibernate.SQL                        : 
    select
        p1_0.id,
        p1_0.category,
        p1_0.created_at,
        p1_0.description,
        p1_0.name,
        p1_0.quantity,
        p1_0.reorder_threshold,
        p1_0.sku,
        p1_0.supplier,
        p1_0.unit_price,
        p1_0.updated_at 
    from
        products p1_0
2026-05-28T15:02:59.305+05:30 DEBUG 25372 --- [thundercore-erp] [nio-8080-exec-3] org.hibernate.SQL                        : 
    select
        i1_0.id,
        i1_0.created_at,
        i1_0.customer_email,
        i1_0.customer_name,
        i1_0.invoice_number,
        i1_0.net_amount,
        i1_0.notes,
        i1_0.status,
        i1_0.tax_amount,
        i1_0.total_amount,
        i1_0.updated_at 
    from
        invoices i1_0
2026-05-28T15:02:59.323+05:30 DEBUG 25372 --- [thundercore-erp] [nio-8080-exec-4] org.hibernate.SQL                        : 
    select
        u1_0.id,
        u1_0.active,
        u1_0.created_at,
        u1_0.email,
        u1_0.first_name,
        u1_0.last_name,
        u1_0.password,
        u1_0.role,
        u1_0.updated_at 
    from
        users u1_0 
    where
        u1_0.email=?
2026-05-28T15:02:59.338+05:30 DEBUG 25372 --- [thundercore-erp] [nio-8080-exec-3] org.hibernate.SQL                        : 
    select
        count(*) 
    from
        products p1_0
2026-05-28T15:02:59.342+05:30 DEBUG 25372 --- [thundercore-erp] [nio-8080-exec-3] org.hibernate.SQL                        : 
    select
        count(*) 
    from
        employees e1_0
2026-05-28T15:02:59.346+05:30 DEBUG 25372 --- [thundercore-erp] [nio-8080-exec-3] org.hibernate.SQL                        : 
    select
        count(*) 
    from
        invoices i1_0
2026-05-28T15:02:59.348+05:30 DEBUG 25372 --- [thundercore-erp] [nio-8080-exec-3] org.hibernate.SQL                        : 
    select
        count(*) 
    from
        users u1_0
2026-05-28T15:02:59.350+05:30 DEBUG 25372 --- [thundercore-erp] [nio-8080-exec-3] org.hibernate.SQL                        : 
    select
        count(*) 
    from
        customers c1_0
2026-05-28T15:02:59.354+05:30 DEBUG 25372 --- [thundercore-erp] [nio-8080-exec-3] org.hibernate.SQL                        : 
    select
        count(*) 
    from
        sale_orders so1_0
2026-05-28T15:02:59.356+05:30 DEBUG 25372 --- [thundercore-erp] [nio-8080-exec-6] o.s.web.servlet.DispatcherServlet        : GET "/ws/172/dwds4njq/websocket", parameters={}
2026-05-28T15:02:59.356+05:30 DEBUG 25372 --- [thundercore-erp] [nio-8080-exec-3] org.hibernate.SQL                        : 
    select
        coalesce(sum(i1_0.net_amount), 0) 
    from
        invoices i1_0 
    where
        i1_0.status=?
2026-05-28T15:02:59.379+05:30 DEBUG 25372 --- [thundercore-erp] [nio-8080-exec-4] org.hibernate.SQL                        : 
    select
        n1_0.id,
        n1_0.created_at,
        n1_0.is_read,
        n1_0.message,
        n1_0.title,
        n1_0.user_id 
    from
        notifications n1_0 
    left join
        users u1_0 
            on u1_0.id=n1_0.user_id 
    where
        u1_0.id=? 
    order by
        n1_0.created_at desc
2026-05-28T15:02:59.381+05:30 DEBUG 25372 --- [thundercore-erp] [nio-8080-exec-4] o.s.w.s.m.m.a.HttpEntityMethodProcessor  : Using 'application/json', given [application/json, text/plain, */*] and supported [application/json, application/*+json, application/yaml]
2026-05-28T15:02:59.384+05:30 DEBUG 25372 --- [thundercore-erp] [nio-8080-exec-4] o.s.w.s.m.m.a.HttpEntityMethodProcessor  : Writing [ApiResponse(success=true, message=Notifications retrieved, data=[])]
2026-05-28T15:02:59.386+05:30 DEBUG 25372 --- [thundercore-erp] [nio-8080-exec-4] o.s.web.servlet.DispatcherServlet        : Completed 200 OK
2026-05-28T15:02:59.420+05:30 DEBUG 25372 --- [thundercore-erp] [nio-8080-exec-3] org.hibernate.SQL                        : 
    select
        count(i1_0.id) 
    from
        invoices i1_0 
    where
        i1_0.status=?
2026-05-28T15:02:59.420+05:30 DEBUG 25372 --- [thundercore-erp] [nio-8080-exec-6] o.s.w.s.s.s.WebSocketHandlerMapping      : Mapped to org.springframework.web.socket.sockjs.support.SockJsHttpRequestHandler@714f3e27
2026-05-28T15:02:59.424+05:30 DEBUG 25372 --- [thundercore-erp] [nio-8080-exec-3] o.s.w.s.m.m.a.HttpEntityMethodProcessor  : Using 'application/json', given [application/json, text/plain, */*] and supported [application/json, application/*+json, application/yaml]
2026-05-28T15:02:59.425+05:30 DEBUG 25372 --- [thundercore-erp] [nio-8080-exec-3] o.s.w.s.m.m.a.HttpEntityMethodProcessor  : Writing [ApiResponse(success=true, message=Dashboard stats retrieved, data={totalProducts=0, totalEmployees=0 (truncated)...]
2026-05-28T15:02:59.474+05:30 DEBUG 25372 --- [thundercore-erp] [nio-8080-exec-6] o.s.w.s.s.t.h.DefaultSockJsService       : Processing transport request: GET http://localhost:8080/ws/172/dwds4njq/websocket
2026-05-28T15:02:59.478+05:30 DEBUG 25372 --- [thundercore-erp] [nio-8080-exec-3] o.s.web.servlet.DispatcherServlet        : Completed 200 OK
2026-05-28T15:02:59.510+05:30 DEBUG 25372 --- [thundercore-erp] [nio-8080-exec-6] o.s.web.servlet.DispatcherServlet        : Completed 101 SWITCHING_PROTOCOLS
2026-05-28T15:02:59.609+05:30 DEBUG 25372 --- [thundercore-erp] [nio-8080-exec-6] s.w.s.h.LoggingWebSocketHandlerDecorator : New WebSocketServerSockJsSession[id=dwds4njq]
2026-05-28T15:02:59.913+05:30 DEBUG 25372 --- [thundercore-erp] [nio-8080-exec-5] org.hibernate.SQL                        : 
    select
        u1_0.id,
        u1_0.active,
        u1_0.created_at,
        u1_0.email,
        u1_0.first_name,
        u1_0.last_name,
        u1_0.password,
        u1_0.role,
        u1_0.updated_at 
    from
        users u1_0 
    where
        u1_0.email=?
2026-05-28T15:02:59.913+05:30 DEBUG 25372 --- [thundercore-erp] [nio-8080-exec-8] org.hibernate.SQL                        : 
    select
        u1_0.id,
        u1_0.active,
        u1_0.created_at,
        u1_0.email,
        u1_0.first_name,
        u1_0.last_name,
        u1_0.password,
        u1_0.role,
        u1_0.updated_at 
    from
        users u1_0 
    where
        u1_0.email=?
2026-05-28T15:02:59.913+05:30 DEBUG 25372 --- [thundercore-erp] [nio-8080-exec-9] org.hibernate.SQL                        : 
    select
        u1_0.id,
        u1_0.active,
        u1_0.created_at,
        u1_0.email,
        u1_0.first_name,
        u1_0.last_name,
        u1_0.password,
        u1_0.role,
        u1_0.updated_at 
    from
        users u1_0 
    where
        u1_0.email=?
2026-05-28T15:02:59.924+05:30 DEBUG 25372 --- [thundercore-erp] [nio-8080-exec-5] o.s.web.servlet.DispatcherServlet        : GET "/api/notifications/me", parameters={}
2026-05-28T15:02:59.924+05:30 DEBUG 25372 --- [thundercore-erp] [boundChannel-49] org.springframework.web.SimpLogging      : Processing CONNECT user=manager@thundercore.com session=dwds4njq
2026-05-28T15:02:59.926+05:30 DEBUG 25372 --- [thundercore-erp] [nio-8080-exec-5] s.w.s.m.m.a.RequestMappingHandlerMapping : Mapped to com.thundercore.erp.notification.controller.NotificationController#getMyNotifications(Authentication)
2026-05-28T15:02:59.931+05:30 DEBUG 25372 --- [thundercore-erp] [nio-8080-exec-5] org.hibernate.SQL                        : 
    select
        u1_0.id,
        u1_0.active,
        u1_0.created_at,
        u1_0.email,
        u1_0.first_name,
        u1_0.last_name,
        u1_0.password,
        u1_0.role,
        u1_0.updated_at 
    from
        users u1_0 
    where
        u1_0.email=?
2026-05-28T15:02:59.935+05:30 DEBUG 25372 --- [thundercore-erp] [boundChannel-38] org.springframework.web.SimpLogging      : Processing SUBSCRIBE destination=/queue/notifications-userdwds4njq subscriptionId=sub-0 session=dwds4njq user=manager@thundercore.com payload=byte[0]
2026-05-28T15:02:59.937+05:30 DEBUG 25372 --- [thundercore-erp] [boundChannel-37] org.springframework.web.SimpLogging      : Processing SUBSCRIBE /topic/dashboard id=sub-1 session=dwds4njq
2026-05-28T15:02:59.940+05:30 DEBUG 25372 --- [thundercore-erp] [nio-8080-exec-5] org.hibernate.SQL                        : 
    select
        n1_0.id,
        n1_0.created_at,
        n1_0.is_read,
        n1_0.message,
        n1_0.title,
        n1_0.user_id 
    from
        notifications n1_0 
    left join
        users u1_0 
            on u1_0.id=n1_0.user_id 
    where
        u1_0.id=? 
    order by
        n1_0.created_at desc
2026-05-28T15:02:59.944+05:30 DEBUG 25372 --- [thundercore-erp] [nio-8080-exec-5] o.s.w.s.m.m.a.HttpEntityMethodProcessor  : Using 'application/json', given [application/json, text/plain, */*] and supported [application/json, application/*+json, application/yaml]
2026-05-28T15:02:59.946+05:30 DEBUG 25372 --- [thundercore-erp] [nio-8080-exec-5] o.s.w.s.m.m.a.HttpEntityMethodProcessor  : Writing [ApiResponse(success=true, message=Notifications retrieved, data=[])]
2026-05-28T15:02:59.949+05:30 DEBUG 25372 --- [thundercore-erp] [nio-8080-exec-5] o.s.web.servlet.DispatcherServlet        : Completed 200 OK
2026-05-28T15:02:59.967+05:30 DEBUG 25372 --- [thundercore-erp] [nio-8080-exec-9] o.s.web.servlet.DispatcherServlet        : GET "/api/dashboard/stats", parameters={}
2026-05-28T15:02:59.969+05:30 DEBUG 25372 --- [thundercore-erp] [nio-8080-exec-9] s.w.s.m.m.a.RequestMappingHandlerMapping : Mapped to com.thundercore.erp.dashboard.controller.DashboardController#getStats()
2026-05-28T15:02:59.972+05:30 DEBUG 25372 --- [thundercore-erp] [nio-8080-exec-9] org.hibernate.SQL                        : 
    select
        p1_0.id,
        p1_0.category,
        p1_0.created_at,
        p1_0.description,
        p1_0.name,
        p1_0.quantity,
        p1_0.reorder_threshold,
        p1_0.sku,
        p1_0.supplier,
        p1_0.unit_price,
        p1_0.updated_at 
    from
        products p1_0
2026-05-28T15:02:59.979+05:30 DEBUG 25372 --- [thundercore-erp] [nio-8080-exec-9] org.hibernate.SQL                        : 
    select
        i1_0.id,
        i1_0.created_at,
        i1_0.customer_email,
        i1_0.customer_name,
        i1_0.invoice_number,
        i1_0.net_amount,
        i1_0.notes,
        i1_0.status,
        i1_0.tax_amount,
        i1_0.total_amount,
        i1_0.updated_at 
    from
        invoices i1_0
2026-05-28T15:02:59.984+05:30 DEBUG 25372 --- [thundercore-erp] [nio-8080-exec-9] org.hibernate.SQL                        : 
    select
        count(*) 
    from
        products p1_0
2026-05-28T15:02:59.989+05:30 DEBUG 25372 --- [thundercore-erp] [nio-8080-exec-9] org.hibernate.SQL                        : 
    select
        count(*) 
    from
        employees e1_0
2026-05-28T15:03:00.002+05:30 DEBUG 25372 --- [thundercore-erp] [nio-8080-exec-9] org.hibernate.SQL                        : 
    select
        count(*) 
    from
        invoices i1_0
2026-05-28T15:03:00.007+05:30 DEBUG 25372 --- [thundercore-erp] [nio-8080-exec-9] org.hibernate.SQL                        : 
    select
        count(*) 
    from
        users u1_0
2026-05-28T15:03:00.015+05:30 DEBUG 25372 --- [thundercore-erp] [nio-8080-exec-9] org.hibernate.SQL                        : 
    select
        count(*) 
    from
        customers c1_0
2026-05-28T15:03:00.033+05:30 DEBUG 25372 --- [thundercore-erp] [nio-8080-exec-9] org.hibernate.SQL                        : 
    select
        count(*) 
    from
        sale_orders so1_0
2026-05-28T15:03:00.043+05:30 DEBUG 25372 --- [thundercore-erp] [nio-8080-exec-9] org.hibernate.SQL                        : 
    select
        coalesce(sum(i1_0.net_amount), 0) 
    from
        invoices i1_0 
    where
        i1_0.status=?
2026-05-28T15:03:00.050+05:30 DEBUG 25372 --- [thundercore-erp] [nio-8080-exec-9] org.hibernate.SQL                        : 
    select
        count(i1_0.id) 
    from
        invoices i1_0 
    where
        i1_0.status=?
2026-05-28T15:03:00.053+05:30 DEBUG 25372 --- [thundercore-erp] [nio-8080-exec-9] o.s.w.s.m.m.a.HttpEntityMethodProcessor  : Using 'application/json', given [application/json, text/plain, */*] and supported [application/json, application/*+json, application/yaml]
2026-05-28T15:03:00.054+05:30 DEBUG 25372 --- [thundercore-erp] [nio-8080-exec-9] o.s.w.s.m.m.a.HttpEntityMethodProcessor  : Writing [ApiResponse(success=true, message=Dashboard stats retrieved, data={totalProducts=0, totalEmployees=0 (truncated)...]
2026-05-28T15:03:00.057+05:30 DEBUG 25372 --- [thundercore-erp] [nio-8080-exec-9] o.s.web.servlet.DispatcherServlet        : Completed 200 OK
2026-05-28T15:03:01.569+05:30 DEBUG 25372 --- [thundercore-erp] [io-8080-exec-10] s.w.s.h.LoggingWebSocketHandlerDecorator : WebSocketServerSockJsSession[id=dwds4njq] closed with CloseStatus[code=1001, reason=null]
2026-05-28T15:03:01.571+05:30 DEBUG 25372 --- [thundercore-erp] [io-8080-exec-10] o.s.w.s.m.SubProtocolWebSocketHandler    : Clearing session dwds4njq
2026-05-28T15:03:01.572+05:30 DEBUG 25372 --- [thundercore-erp] [boundChannel-41] org.springframework.web.SimpLogging      : Processing DISCONNECT session=dwds4njq
2026-05-28T15:03:01.577+05:30 DEBUG 25372 --- [thundercore-erp] [boundChannel-17] o.s.w.s.m.SubProtocolWebSocketHandler    : No session for GenericMessage [payload=byte[0], headers={simpMessageType=DISCONNECT_ACK, simpDisconnectMessage=GenericMessage [payload=byte[0], headers={simpMessageType=DISCONNECT, stompCommand=DISCONNECT, simpSessionAttributes={org.springframework.messaging.simp.SimpAttributes.COMPLETED=true}, simpUser=UsernamePasswordAuthenticationToken [Principal=org.springframework.security.core.userdetails.User [Username=manager@thundercore.com, Password=[PROTECTED], Enabled=true, AccountNonExpired=true, CredentialsNonExpired=true, AccountNonLocked=true, Granted Authorities=[ROLE_MANAGER]], Credentials=[PROTECTED], Authenticated=true, Details=null, Granted Authorities=[ROLE_MANAGER]], simpSessionId=dwds4njq}], simpUser=UsernamePasswordAuthenticationToken [Principal=org.springframework.security.core.userdetails.User [Username=manager@thundercore.com, Password=[PROTECTED], Enabled=true, AccountNonExpired=true, CredentialsNonExpired=true, AccountNonLocked=true, Granted Authorities=[ROLE_MANAGER]], Credentials=[PROTECTED], Authenticated=true, Details=null, Granted Authorities=[ROLE_MANAGER]], simpSessionId=dwds4njq}]
2026-05-28T15:03:02.830+05:30 DEBUG 25372 --- [thundercore-erp] [MessageBroker-5] o.s.w.s.s.t.h.DefaultSockJsService       : Closed 1 sessions: [rtinfz3o]
2026-05-28T15:03:03.101+05:30 DEBUG 25372 --- [thundercore-erp] [nio-8080-exec-2] o.s.web.servlet.DispatcherServlet        : POST "/api/auth/login", parameters={}
2026-05-28T15:03:03.104+05:30 DEBUG 25372 --- [thundercore-erp] [nio-8080-exec-2] s.w.s.m.m.a.RequestMappingHandlerMapping : Mapped to com.thundercore.erp.auth.controller.AuthController#login(AuthRequest)
2026-05-28T15:03:03.105+05:30 DEBUG 25372 --- [thundercore-erp] [nio-8080-exec-2] m.m.a.RequestResponseBodyMethodProcessor : Read "application/json;charset=UTF-8" to [AuthRequest(email=staff@thundercore.com, password=Staff@123)]
2026-05-28T15:03:03.110+05:30 DEBUG 25372 --- [thundercore-erp] [nio-8080-exec-2] org.hibernate.SQL                        : 
    select
        u1_0.id,
        u1_0.active,
        u1_0.created_at,
        u1_0.email,
        u1_0.first_name,
        u1_0.last_name,
        u1_0.password,
        u1_0.role,
        u1_0.updated_at 
    from
        users u1_0 
    where
        u1_0.email=?
2026-05-28T15:03:03.198+05:30 DEBUG 25372 --- [thundercore-erp] [nio-8080-exec-2] org.hibernate.SQL                        : 
    select
        u1_0.id,
        u1_0.active,
        u1_0.created_at,
        u1_0.email,
        u1_0.first_name,
        u1_0.last_name,
        u1_0.password,
        u1_0.role,
        u1_0.updated_at 
    from
        users u1_0 
    where
        u1_0.email=?
2026-05-28T15:03:03.219+05:30 DEBUG 25372 --- [thundercore-erp] [nio-8080-exec-2] org.hibernate.SQL                        : 
    select
        u1_0.id,
        u1_0.active,
        u1_0.created_at,
        u1_0.email,
        u1_0.first_name,
        u1_0.last_name,
        u1_0.password,
        u1_0.role,
        u1_0.updated_at 
    from
        users u1_0 
    where
        u1_0.email=?
2026-05-28T15:03:03.221+05:30  INFO 25372 --- [thundercore-erp] [nio-8080-exec-2] c.t.erp.auth.controller.AuthController   : Successful login: staff@thundercore.com (role=STAFF)
2026-05-28T15:03:03.222+05:30 DEBUG 25372 --- [thundercore-erp] [nio-8080-exec-2] o.s.w.s.m.m.a.HttpEntityMethodProcessor  : Using 'application/json', given [application/json, text/plain, */*] and supported [application/json, application/*+json, application/yaml]
2026-05-28T15:03:03.223+05:30 DEBUG 25372 --- [thundercore-erp] [nio-8080-exec-2] o.s.w.s.m.m.a.HttpEntityMethodProcessor  : Writing [AuthResponse(token=eyJhbGciOiJIUzM4NCJ9.eyJzdWIiOiJzdGFmZkB0aHVuZGVyY29yZS5jb20iLCJpYXQiOjE3Nzk5NjA3 (truncated)...]
2026-05-28T15:03:03.225+05:30 DEBUG 25372 --- [thundercore-erp] [nio-8080-exec-2] o.s.web.servlet.DispatcherServlet        : Completed 200 OK
2026-05-28T15:03:03.266+05:30 DEBUG 25372 --- [thundercore-erp] [nio-8080-exec-7] org.hibernate.SQL                        : 
    select
        u1_0.id,
        u1_0.active,
        u1_0.created_at,
        u1_0.email,
        u1_0.first_name,
        u1_0.last_name,
        u1_0.password,
        u1_0.role,
        u1_0.updated_at 
    from
        users u1_0 
    where
        u1_0.email=?
2026-05-28T15:03:03.275+05:30 DEBUG 25372 --- [thundercore-erp] [nio-8080-exec-7] o.s.web.servlet.DispatcherServlet        : GET "/api/dashboard/stats", parameters={}
2026-05-28T15:03:03.275+05:30 DEBUG 25372 --- [thundercore-erp] [nio-8080-exec-3] o.s.web.servlet.DispatcherServlet        : GET "/ws/info?t=1779960783266", parameters={masked}
2026-05-28T15:03:03.277+05:30 DEBUG 25372 --- [thundercore-erp] [nio-8080-exec-7] s.w.s.m.m.a.RequestMappingHandlerMapping : Mapped to com.thundercore.erp.dashboard.controller.DashboardController#getStats()
2026-05-28T15:03:03.278+05:30 DEBUG 25372 --- [thundercore-erp] [nio-8080-exec-3] o.s.w.s.s.s.WebSocketHandlerMapping      : Mapped to org.springframework.web.socket.sockjs.support.SockJsHttpRequestHandler@714f3e27
2026-05-28T15:03:03.280+05:30 DEBUG 25372 --- [thundercore-erp] [nio-8080-exec-3] o.s.w.s.s.t.h.DefaultSockJsService       : Processing transport request: GET http://localhost:8080/ws/info?t=1779960783266
2026-05-28T15:03:03.281+05:30 DEBUG 25372 --- [thundercore-erp] [nio-8080-exec-7] org.hibernate.SQL                        : 
    select
        p1_0.id,
        p1_0.category,
        p1_0.created_at,
        p1_0.description,
        p1_0.name,
        p1_0.quantity,
        p1_0.reorder_threshold,
        p1_0.sku,
        p1_0.supplier,
        p1_0.unit_price,
        p1_0.updated_at 
    from
        products p1_0
2026-05-28T15:03:03.281+05:30 DEBUG 25372 --- [thundercore-erp] [nio-8080-exec-3] o.s.web.servlet.DispatcherServlet        : Completed 200 OK
2026-05-28T15:03:03.292+05:30 DEBUG 25372 --- [thundercore-erp] [nio-8080-exec-7] org.hibernate.SQL                        : 
    select
        i1_0.id,
        i1_0.created_at,
        i1_0.customer_email,
        i1_0.customer_name,
        i1_0.invoice_number,
        i1_0.net_amount,
        i1_0.notes,
        i1_0.status,
        i1_0.tax_amount,
        i1_0.total_amount,
        i1_0.updated_at 
    from
        invoices i1_0
2026-05-28T15:03:03.296+05:30 DEBUG 25372 --- [thundercore-erp] [nio-8080-exec-7] org.hibernate.SQL                        : 
    select
        count(*) 
    from
        products p1_0
2026-05-28T15:03:03.297+05:30 DEBUG 25372 --- [thundercore-erp] [nio-8080-exec-6] o.s.web.servlet.DispatcherServlet        : GET "/ws/905/drdmsq5d/websocket", parameters={}
2026-05-28T15:03:03.299+05:30 DEBUG 25372 --- [thundercore-erp] [nio-8080-exec-7] org.hibernate.SQL                        : 
    select
        count(*) 
    from
        employees e1_0
2026-05-28T15:03:03.299+05:30 DEBUG 25372 --- [thundercore-erp] [nio-8080-exec-6] o.s.w.s.s.s.WebSocketHandlerMapping      : Mapped to org.springframework.web.socket.sockjs.support.SockJsHttpRequestHandler@714f3e27
2026-05-28T15:03:03.300+05:30 DEBUG 25372 --- [thundercore-erp] [nio-8080-exec-6] o.s.w.s.s.t.h.DefaultSockJsService       : Processing transport request: GET http://localhost:8080/ws/905/drdmsq5d/websocket
2026-05-28T15:03:03.303+05:30 DEBUG 25372 --- [thundercore-erp] [nio-8080-exec-7] org.hibernate.SQL                        : 
    select
        count(*) 
    from
        invoices i1_0
2026-05-28T15:03:03.303+05:30 DEBUG 25372 --- [thundercore-erp] [nio-8080-exec-6] o.s.web.servlet.DispatcherServlet        : Completed 101 SWITCHING_PROTOCOLS
2026-05-28T15:03:03.305+05:30 DEBUG 25372 --- [thundercore-erp] [nio-8080-exec-7] org.hibernate.SQL                        : 
    select
        count(*) 
    from
        users u1_0
2026-05-28T15:03:03.306+05:30 DEBUG 25372 --- [thundercore-erp] [nio-8080-exec-6] s.w.s.h.LoggingWebSocketHandlerDecorator : New WebSocketServerSockJsSession[id=drdmsq5d]
2026-05-28T15:03:03.309+05:30 DEBUG 25372 --- [thundercore-erp] [nio-8080-exec-7] org.hibernate.SQL                        : 
    select
        count(*) 
    from
        customers c1_0
2026-05-28T15:03:03.312+05:30 DEBUG 25372 --- [thundercore-erp] [nio-8080-exec-7] org.hibernate.SQL                        : 
    select
        count(*) 
    from
        sale_orders so1_0
2026-05-28T15:03:03.316+05:30 DEBUG 25372 --- [thundercore-erp] [nio-8080-exec-7] org.hibernate.SQL                        : 
    select
        coalesce(sum(i1_0.net_amount), 0) 
    from
        invoices i1_0 
    where
        i1_0.status=?
2026-05-28T15:03:03.316+05:30 DEBUG 25372 --- [thundercore-erp] [nio-8080-exec-8] org.hibernate.SQL                        : 
    select
        u1_0.id,
        u1_0.active,
        u1_0.created_at,
        u1_0.email,
        u1_0.first_name,
        u1_0.last_name,
        u1_0.password,
        u1_0.role,
        u1_0.updated_at 
    from
        users u1_0 
    where
        u1_0.email=?
2026-05-28T15:03:03.320+05:30 DEBUG 25372 --- [thundercore-erp] [nio-8080-exec-7] org.hibernate.SQL                        : 
    select
        count(i1_0.id) 
    from
        invoices i1_0 
    where
        i1_0.status=?
2026-05-28T15:03:03.323+05:30 DEBUG 25372 --- [thundercore-erp] [nio-8080-exec-7] o.s.w.s.m.m.a.HttpEntityMethodProcessor  : Using 'application/json', given [application/json, text/plain, */*] and supported [application/json, application/*+json, application/yaml]
2026-05-28T15:03:03.324+05:30 DEBUG 25372 --- [thundercore-erp] [boundChannel-45] org.springframework.web.SimpLogging      : Processing CONNECT user=staff@thundercore.com session=drdmsq5d
2026-05-28T15:03:03.324+05:30 DEBUG 25372 --- [thundercore-erp] [nio-8080-exec-7] o.s.w.s.m.m.a.HttpEntityMethodProcessor  : Writing [ApiResponse(success=true, message=Dashboard stats retrieved, data={totalProducts=0, totalEmployees=0 (truncated)...]
2026-05-28T15:03:03.326+05:30 DEBUG 25372 --- [thundercore-erp] [nio-8080-exec-4] org.hibernate.SQL                        : 
    select
        u1_0.id,
        u1_0.active,
        u1_0.created_at,
        u1_0.email,
        u1_0.first_name,
        u1_0.last_name,
        u1_0.password,
        u1_0.role,
        u1_0.updated_at 
    from
        users u1_0 
    where
        u1_0.email=?
2026-05-28T15:03:03.328+05:30 DEBUG 25372 --- [thundercore-erp] [nio-8080-exec-7] o.s.web.servlet.DispatcherServlet        : Completed 200 OK
2026-05-28T15:03:03.333+05:30 DEBUG 25372 --- [thundercore-erp] [nio-8080-exec-4] o.s.web.servlet.DispatcherServlet        : GET "/api/notifications/me", parameters={}
2026-05-28T15:03:03.334+05:30 DEBUG 25372 --- [thundercore-erp] [boundChannel-47] org.springframework.web.SimpLogging      : Processing SUBSCRIBE destination=/queue/notifications-userdrdmsq5d subscriptionId=sub-0 session=drdmsq5d user=staff@thundercore.com payload=byte[0]
2026-05-28T15:03:03.334+05:30 DEBUG 25372 --- [thundercore-erp] [boundChannel-49] org.springframework.web.SimpLogging      : Processing SUBSCRIBE /topic/dashboard id=sub-1 session=drdmsq5d
2026-05-28T15:03:03.335+05:30 DEBUG 25372 --- [thundercore-erp] [nio-8080-exec-4] s.w.s.m.m.a.RequestMappingHandlerMapping : Mapped to com.thundercore.erp.notification.controller.NotificationController#getMyNotifications(Authentication)
2026-05-28T15:03:03.339+05:30 DEBUG 25372 --- [thundercore-erp] [nio-8080-exec-5] org.hibernate.SQL                        : 
    select
        u1_0.id,
        u1_0.active,
        u1_0.created_at,
        u1_0.email,
        u1_0.first_name,
        u1_0.last_name,
        u1_0.password,
        u1_0.role,
        u1_0.updated_at 
    from
        users u1_0 
    where
        u1_0.email=?
2026-05-28T15:03:03.344+05:30 DEBUG 25372 --- [thundercore-erp] [nio-8080-exec-4] org.hibernate.SQL                        : 
    select
        u1_0.id,
        u1_0.active,
        u1_0.created_at,
        u1_0.email,
        u1_0.first_name,
        u1_0.last_name,
        u1_0.password,
        u1_0.role,
        u1_0.updated_at 
    from
        users u1_0 
    where
        u1_0.email=?
2026-05-28T15:03:03.346+05:30 DEBUG 25372 --- [thundercore-erp] [nio-8080-exec-5] o.s.web.servlet.DispatcherServlet        : GET "/api/dashboard/stats", parameters={}
2026-05-28T15:03:03.347+05:30 DEBUG 25372 --- [thundercore-erp] [nio-8080-exec-5] s.w.s.m.m.a.RequestMappingHandlerMapping : Mapped to com.thundercore.erp.dashboard.controller.DashboardController#getStats()
2026-05-28T15:03:03.350+05:30 DEBUG 25372 --- [thundercore-erp] [nio-8080-exec-4] org.hibernate.SQL                        : 
    select
        n1_0.id,
        n1_0.created_at,
        n1_0.is_read,
        n1_0.message,
        n1_0.title,
        n1_0.user_id 
    from
        notifications n1_0 
    left join
        users u1_0 
            on u1_0.id=n1_0.user_id 
    where
        u1_0.id=? 
    order by
        n1_0.created_at desc
2026-05-28T15:03:03.350+05:30 DEBUG 25372 --- [thundercore-erp] [nio-8080-exec-5] org.hibernate.SQL                        : 
    select
        p1_0.id,
        p1_0.category,
        p1_0.created_at,
        p1_0.description,
        p1_0.name,
        p1_0.quantity,
        p1_0.reorder_threshold,
        p1_0.sku,
        p1_0.supplier,
        p1_0.unit_price,
        p1_0.updated_at 
    from
        products p1_0
2026-05-28T15:03:03.354+05:30 DEBUG 25372 --- [thundercore-erp] [nio-8080-exec-4] o.s.w.s.m.m.a.HttpEntityMethodProcessor  : Using 'application/json', given [application/json, text/plain, */*] and supported [application/json, application/*+json, application/yaml]
2026-05-28T15:03:03.356+05:30 DEBUG 25372 --- [thundercore-erp] [nio-8080-exec-4] o.s.w.s.m.m.a.HttpEntityMethodProcessor  : Writing [ApiResponse(success=true, message=Notifications retrieved, data=[])]
2026-05-28T15:03:03.358+05:30 DEBUG 25372 --- [thundercore-erp] [nio-8080-exec-5] org.hibernate.SQL                        : 
    select
        i1_0.id,
        i1_0.created_at,
        i1_0.customer_email,
        i1_0.customer_name,
        i1_0.invoice_number,
        i1_0.net_amount,
        i1_0.notes,
        i1_0.status,
        i1_0.tax_amount,
        i1_0.total_amount,
        i1_0.updated_at 
    from
        invoices i1_0
2026-05-28T15:03:03.359+05:30 DEBUG 25372 --- [thundercore-erp] [nio-8080-exec-4] o.s.web.servlet.DispatcherServlet        : Completed 200 OK
2026-05-28T15:03:03.362+05:30 DEBUG 25372 --- [thundercore-erp] [nio-8080-exec-5] org.hibernate.SQL                        : 
    select
        count(*) 
    from
        products p1_0
2026-05-28T15:03:03.367+05:30 DEBUG 25372 --- [thundercore-erp] [nio-8080-exec-5] org.hibernate.SQL                        : 
    select
        count(*) 
    from
        employees e1_0
2026-05-28T15:03:03.369+05:30 DEBUG 25372 --- [thundercore-erp] [nio-8080-exec-9] org.hibernate.SQL                        : 
    select
        u1_0.id,
        u1_0.active,
        u1_0.created_at,
        u1_0.email,
        u1_0.first_name,
        u1_0.last_name,
        u1_0.password,
        u1_0.role,
        u1_0.updated_at 
    from
        users u1_0 
    where
        u1_0.email=?
2026-05-28T15:03:03.370+05:30 DEBUG 25372 --- [thundercore-erp] [nio-8080-exec-5] org.hibernate.SQL                        : 
    select
        count(*) 
    from
        invoices i1_0
2026-05-28T15:03:03.373+05:30 DEBUG 25372 --- [thundercore-erp] [nio-8080-exec-5] org.hibernate.SQL                        : 
    select
        count(*) 
    from
        users u1_0
2026-05-28T15:03:03.376+05:30 DEBUG 25372 --- [thundercore-erp] [nio-8080-exec-9] o.s.web.servlet.DispatcherServlet        : GET "/api/notifications/me", parameters={}
2026-05-28T15:03:03.377+05:30 DEBUG 25372 --- [thundercore-erp] [nio-8080-exec-5] org.hibernate.SQL                        : 
    select
        count(*) 
    from
        customers c1_0
2026-05-28T15:03:03.378+05:30 DEBUG 25372 --- [thundercore-erp] [nio-8080-exec-9] s.w.s.m.m.a.RequestMappingHandlerMapping : Mapped to com.thundercore.erp.notification.controller.NotificationController#getMyNotifications(Authentication)
2026-05-28T15:03:03.382+05:30 DEBUG 25372 --- [thundercore-erp] [nio-8080-exec-9] org.hibernate.SQL                        : 
    select
        u1_0.id,
        u1_0.active,
        u1_0.created_at,
        u1_0.email,
        u1_0.first_name,
        u1_0.last_name,
        u1_0.password,
        u1_0.role,
        u1_0.updated_at 
    from
        users u1_0 
    where
        u1_0.email=?
2026-05-28T15:03:03.382+05:30 DEBUG 25372 --- [thundercore-erp] [nio-8080-exec-5] org.hibernate.SQL                        : 
    select
        count(*) 
    from
        sale_orders so1_0
2026-05-28T15:03:03.386+05:30 DEBUG 25372 --- [thundercore-erp] [nio-8080-exec-5] org.hibernate.SQL                        : 
    select
        coalesce(sum(i1_0.net_amount), 0) 
    from
        invoices i1_0 
    where
        i1_0.status=?
2026-05-28T15:03:03.386+05:30 DEBUG 25372 --- [thundercore-erp] [nio-8080-exec-9] org.hibernate.SQL                        : 
    select
        n1_0.id,
        n1_0.created_at,
        n1_0.is_read,
        n1_0.message,
        n1_0.title,
        n1_0.user_id 
    from
        notifications n1_0 
    left join
        users u1_0 
            on u1_0.id=n1_0.user_id 
    where
        u1_0.id=? 
    order by
        n1_0.created_at desc
2026-05-28T15:03:03.390+05:30 DEBUG 25372 --- [thundercore-erp] [nio-8080-exec-9] o.s.w.s.m.m.a.HttpEntityMethodProcessor  : Using 'application/json', given [application/json, text/plain, */*] and supported [application/json, application/*+json, application/yaml]
2026-05-28T15:03:03.391+05:30 DEBUG 25372 --- [thundercore-erp] [nio-8080-exec-5] org.hibernate.SQL                        : 
    select
        count(i1_0.id) 
    from
        invoices i1_0 
    where
        i1_0.status=?
2026-05-28T15:03:03.393+05:30 DEBUG 25372 --- [thundercore-erp] [nio-8080-exec-9] o.s.w.s.m.m.a.HttpEntityMethodProcessor  : Writing [ApiResponse(success=true, message=Notifications retrieved, data=[])]
2026-05-28T15:03:03.396+05:30 DEBUG 25372 --- [thundercore-erp] [nio-8080-exec-9] o.s.web.servlet.DispatcherServlet        : Completed 200 OK
2026-05-28T15:03:03.410+05:30 DEBUG 25372 --- [thundercore-erp] [nio-8080-exec-5] o.s.w.s.m.m.a.HttpEntityMethodProcessor  : Using 'application/json', given [application/json, text/plain, */*] and supported [application/json, application/*+json, application/yaml]
2026-05-28T15:03:03.412+05:30 DEBUG 25372 --- [thundercore-erp] [nio-8080-exec-5] o.s.w.s.m.m.a.HttpEntityMethodProcessor  : Writing [ApiResponse(success=true, message=Dashboard stats retrieved, data={totalProducts=0, totalEmployees=0 (truncated)...]
2026-05-28T15:03:03.415+05:30 DEBUG 25372 --- [thundercore-erp] [nio-8080-exec-5] o.s.web.servlet.DispatcherServlet        : Completed 200 OK
2026-05-28T15:03:04.972+05:30 DEBUG 25372 --- [thundercore-erp] [io-8080-exec-10] s.w.s.h.LoggingWebSocketHandlerDecorator : WebSocketServerSockJsSession[id=drdmsq5d] closed with CloseStatus[code=1001, reason=null]
2026-05-28T15:03:04.976+05:30 DEBUG 25372 --- [thundercore-erp] [io-8080-exec-10] o.s.w.s.m.SubProtocolWebSocketHandler    : Clearing session drdmsq5d
2026-05-28T15:03:04.981+05:30 DEBUG 25372 --- [thundercore-erp] [boundChannel-40] org.springframework.web.SimpLogging      : Processing DISCONNECT session=drdmsq5d
2026-05-28T15:03:04.984+05:30 DEBUG 25372 --- [thundercore-erp] [boundChannel-19] o.s.w.s.m.SubProtocolWebSocketHandler    : No session for GenericMessage [payload=byte[0], headers={simpMessageType=DISCONNECT_ACK, simpDisconnectMessage=GenericMessage [payload=byte[0], headers={simpMessageType=DISCONNECT, stompCommand=DISCONNECT, simpSessionAttributes={org.springframework.messaging.simp.SimpAttributes.COMPLETED=true}, simpUser=UsernamePasswordAuthenticationToken [Principal=org.springframework.security.core.userdetails.User [Username=staff@thundercore.com, Password=[PROTECTED], Enabled=true, AccountNonExpired=true, CredentialsNonExpired=true, AccountNonLocked=true, Granted Authorities=[ROLE_STAFF]], Credentials=[PROTECTED], Authenticated=true, Details=null, Granted Authorities=[ROLE_STAFF]], simpSessionId=drdmsq5d}], simpUser=UsernamePasswordAuthenticationToken [Principal=org.springframework.security.core.userdetails.User [Username=staff@thundercore.com, Password=[PROTECTED], Enabled=true, AccountNonExpired=true, CredentialsNonExpired=true, AccountNonLocked=true, Granted Authorities=[ROLE_STAFF]], Credentials=[PROTECTED], Authenticated=true, Details=null, Granted Authorities=[ROLE_STAFF]], simpSessionId=drdmsq5d}]
2026-05-28T15:03:06.479+05:30 DEBUG 25372 --- [thundercore-erp] [nio-8080-exec-2] o.s.web.servlet.DispatcherServlet        : POST "/api/auth/login", parameters={}
2026-05-28T15:03:06.481+05:30 DEBUG 25372 --- [thundercore-erp] [nio-8080-exec-2] s.w.s.m.m.a.RequestMappingHandlerMapping : Mapped to com.thundercore.erp.auth.controller.AuthController#login(AuthRequest)
2026-05-28T15:03:06.482+05:30 DEBUG 25372 --- [thundercore-erp] [nio-8080-exec-2] m.m.a.RequestResponseBodyMethodProcessor : Read "application/json;charset=UTF-8" to [AuthRequest(email=admin@thundercore.com, password=Admin@123)]
2026-05-28T15:03:06.486+05:30 DEBUG 25372 --- [thundercore-erp] [nio-8080-exec-2] org.hibernate.SQL                        : 
    select
        u1_0.id,
        u1_0.active,
        u1_0.created_at,
        u1_0.email,
        u1_0.first_name,
        u1_0.last_name,
        u1_0.password,
        u1_0.role,
        u1_0.updated_at 
    from
        users u1_0 
    where
        u1_0.email=?
2026-05-28T15:03:06.571+05:30 DEBUG 25372 --- [thundercore-erp] [nio-8080-exec-2] org.hibernate.SQL                        : 
    select
        u1_0.id,
        u1_0.active,
        u1_0.created_at,
        u1_0.email,
        u1_0.first_name,
        u1_0.last_name,
        u1_0.password,
        u1_0.role,
        u1_0.updated_at 
    from
        users u1_0 
    where
        u1_0.email=?
2026-05-28T15:03:06.577+05:30 DEBUG 25372 --- [thundercore-erp] [nio-8080-exec-2] org.hibernate.SQL                        : 
    select
        u1_0.id,
        u1_0.active,
        u1_0.created_at,
        u1_0.email,
        u1_0.first_name,
        u1_0.last_name,
        u1_0.password,
        u1_0.role,
        u1_0.updated_at 
    from
        users u1_0 
    where
        u1_0.email=?
2026-05-28T15:03:06.579+05:30  INFO 25372 --- [thundercore-erp] [nio-8080-exec-2] c.t.erp.auth.controller.AuthController   : Successful login: admin@thundercore.com (role=SUPER_ADMIN)
2026-05-28T15:03:06.581+05:30 DEBUG 25372 --- [thundercore-erp] [nio-8080-exec-2] o.s.w.s.m.m.a.HttpEntityMethodProcessor  : Using 'application/json', given [application/json, text/plain, */*] and supported [application/json, application/*+json, application/yaml]
2026-05-28T15:03:06.582+05:30 DEBUG 25372 --- [thundercore-erp] [nio-8080-exec-2] o.s.w.s.m.m.a.HttpEntityMethodProcessor  : Writing [AuthResponse(token=eyJhbGciOiJIUzM4NCJ9.eyJzdWIiOiJhZG1pbkB0aHVuZGVyY29yZS5jb20iLCJpYXQiOjE3Nzk5NjA3 (truncated)...]
2026-05-28T15:03:06.584+05:30 DEBUG 25372 --- [thundercore-erp] [nio-8080-exec-2] o.s.web.servlet.DispatcherServlet        : Completed 200 OK
2026-05-28T15:03:06.743+05:30 DEBUG 25372 --- [thundercore-erp] [nio-8080-exec-6] org.hibernate.SQL                        : 
    select
        u1_0.id,
        u1_0.active,
        u1_0.created_at,
        u1_0.email,
        u1_0.first_name,
        u1_0.last_name,
        u1_0.password,
        u1_0.role,
        u1_0.updated_at 
    from
        users u1_0 
    where
        u1_0.email=?
2026-05-28T15:03:06.743+05:30 DEBUG 25372 --- [thundercore-erp] [nio-8080-exec-3] org.hibernate.SQL                        : 
    select
        u1_0.id,
        u1_0.active,
        u1_0.created_at,
        u1_0.email,
        u1_0.first_name,
        u1_0.last_name,
        u1_0.password,
        u1_0.role,
        u1_0.updated_at 
    from
        users u1_0 
    where
        u1_0.email=?
2026-05-28T15:03:06.748+05:30 DEBUG 25372 --- [thundercore-erp] [nio-8080-exec-8] o.s.web.servlet.DispatcherServlet        : GET "/ws/info?t=1779960786737", parameters={masked}
2026-05-28T15:03:06.762+05:30 DEBUG 25372 --- [thundercore-erp] [nio-8080-exec-8] o.s.w.s.s.s.WebSocketHandlerMapping      : Mapped to org.springframework.web.socket.sockjs.support.SockJsHttpRequestHandler@714f3e27
2026-05-28T15:03:06.763+05:30 DEBUG 25372 --- [thundercore-erp] [nio-8080-exec-8] o.s.w.s.s.t.h.DefaultSockJsService       : Processing transport request: GET http://localhost:8080/ws/info?t=1779960786737
2026-05-28T15:03:06.764+05:30 DEBUG 25372 --- [thundercore-erp] [nio-8080-exec-6] o.s.web.servlet.DispatcherServlet        : GET "/api/notifications/me", parameters={}
2026-05-28T15:03:06.764+05:30 DEBUG 25372 --- [thundercore-erp] [nio-8080-exec-3] o.s.web.servlet.DispatcherServlet        : GET "/api/inventory/products", parameters={}
2026-05-28T15:03:06.764+05:30 DEBUG 25372 --- [thundercore-erp] [nio-8080-exec-8] o.s.web.servlet.DispatcherServlet        : Completed 200 OK
2026-05-28T15:03:06.765+05:30 DEBUG 25372 --- [thundercore-erp] [nio-8080-exec-6] s.w.s.m.m.a.RequestMappingHandlerMapping : Mapped to com.thundercore.erp.notification.controller.NotificationController#getMyNotifications(Authentication)
2026-05-28T15:03:06.767+05:30 DEBUG 25372 --- [thundercore-erp] [nio-8080-exec-3] s.w.s.m.m.a.RequestMappingHandlerMapping : Mapped to com.thundercore.erp.inventory.controller.ProductController#getAllProducts()
2026-05-28T15:03:06.770+05:30 DEBUG 25372 --- [thundercore-erp] [nio-8080-exec-6] org.hibernate.SQL                        : 
    select
        u1_0.id,
        u1_0.active,
        u1_0.created_at,
        u1_0.email,
        u1_0.first_name,
        u1_0.last_name,
        u1_0.password,
        u1_0.role,
        u1_0.updated_at 
    from
        users u1_0 
    where
        u1_0.email=?
2026-05-28T15:03:06.780+05:30 DEBUG 25372 --- [thundercore-erp] [nio-8080-exec-6] org.hibernate.SQL                        : 
    select
        n1_0.id,
        n1_0.created_at,
        n1_0.is_read,
        n1_0.message,
        n1_0.title,
        n1_0.user_id 
    from
        notifications n1_0 
    left join
        users u1_0 
            on u1_0.id=n1_0.user_id 
    where
        u1_0.id=? 
    order by
        n1_0.created_at desc
2026-05-28T15:03:06.787+05:30 DEBUG 25372 --- [thundercore-erp] [nio-8080-exec-6] o.s.w.s.m.m.a.HttpEntityMethodProcessor  : Using 'application/json', given [application/json, text/plain, */*] and supported [application/json, application/*+json, application/yaml]
2026-05-28T15:03:06.790+05:30 DEBUG 25372 --- [thundercore-erp] [nio-8080-exec-6] o.s.w.s.m.m.a.HttpEntityMethodProcessor  : Writing [ApiResponse(success=true, message=Notifications retrieved, data=[])]
2026-05-28T15:03:06.794+05:30 DEBUG 25372 --- [thundercore-erp] [nio-8080-exec-6] o.s.web.servlet.DispatcherServlet        : Completed 200 OK
2026-05-28T15:03:06.802+05:30 DEBUG 25372 --- [thundercore-erp] [nio-8080-exec-7] o.s.web.servlet.DispatcherServlet        : GET "/ws/128/wxm2jauk/websocket", parameters={}
2026-05-28T15:03:06.804+05:30 DEBUG 25372 --- [thundercore-erp] [nio-8080-exec-7] o.s.w.s.s.s.WebSocketHandlerMapping      : Mapped to org.springframework.web.socket.sockjs.support.SockJsHttpRequestHandler@714f3e27
2026-05-28T15:03:06.814+05:30 DEBUG 25372 --- [thundercore-erp] [nio-8080-exec-1] org.hibernate.SQL                        : 
    select
        u1_0.id,
        u1_0.active,
        u1_0.created_at,
        u1_0.email,
        u1_0.first_name,
        u1_0.last_name,
        u1_0.password,
        u1_0.role,
        u1_0.updated_at 
    from
        users u1_0 
    where
        u1_0.email=?
2026-05-28T15:03:06.870+05:30 DEBUG 25372 --- [thundercore-erp] [nio-8080-exec-9] org.hibernate.SQL                        : 
    select
        u1_0.id,
        u1_0.active,
        u1_0.created_at,
        u1_0.email,
        u1_0.first_name,
        u1_0.last_name,
        u1_0.password,
        u1_0.role,
        u1_0.updated_at 
    from
        users u1_0 
    where
        u1_0.email=?
2026-05-28T15:03:06.870+05:30 DEBUG 25372 --- [thundercore-erp] [nio-8080-exec-4] org.hibernate.SQL                        : 
    select
        u1_0.id,
        u1_0.active,
        u1_0.created_at,
        u1_0.email,
        u1_0.first_name,
        u1_0.last_name,
        u1_0.password,
        u1_0.role,
        u1_0.updated_at 
    from
        users u1_0 
    where
        u1_0.email=?
2026-05-28T15:03:06.872+05:30 DEBUG 25372 --- [thundercore-erp] [nio-8080-exec-3] org.hibernate.SQL                        : 
    select
        p1_0.id,
        p1_0.category,
        p1_0.created_at,
        p1_0.description,
        p1_0.name,
        p1_0.quantity,
        p1_0.reorder_threshold,
        p1_0.sku,
        p1_0.supplier,
        p1_0.unit_price,
        p1_0.updated_at 
    from
        products p1_0
2026-05-28T15:03:06.886+05:30 DEBUG 25372 --- [thundercore-erp] [nio-8080-exec-5] o.s.web.servlet.DispatcherServlet        : GET "/ws/info?t=1779960786874", parameters={masked}
2026-05-28T15:03:06.897+05:30 DEBUG 25372 --- [thundercore-erp] [nio-8080-exec-7] o.s.w.s.s.t.h.DefaultSockJsService       : Processing transport request: GET http://localhost:8080/ws/128/wxm2jauk/websocket
2026-05-28T15:03:06.902+05:30 DEBUG 25372 --- [thundercore-erp] [nio-8080-exec-5] o.s.w.s.s.s.WebSocketHandlerMapping      : Mapped to org.springframework.web.socket.sockjs.support.SockJsHttpRequestHandler@714f3e27
2026-05-28T15:03:06.906+05:30 DEBUG 25372 --- [thundercore-erp] [nio-8080-exec-5] o.s.w.s.s.t.h.DefaultSockJsService       : Processing transport request: GET http://localhost:8080/ws/info?t=1779960786874
2026-05-28T15:03:06.907+05:30 DEBUG 25372 --- [thundercore-erp] [nio-8080-exec-7] o.s.web.servlet.DispatcherServlet        : Completed 101 SWITCHING_PROTOCOLS
2026-05-28T15:03:06.909+05:30 DEBUG 25372 --- [thundercore-erp] [nio-8080-exec-5] o.s.web.servlet.DispatcherServlet        : Completed 200 OK
2026-05-28T15:03:06.910+05:30 DEBUG 25372 --- [thundercore-erp] [nio-8080-exec-4] o.s.web.servlet.DispatcherServlet        : GET "/api/hr/employees", parameters={}
2026-05-28T15:03:06.910+05:30 DEBUG 25372 --- [thundercore-erp] [nio-8080-exec-1] o.s.web.servlet.DispatcherServlet        : GET "/api/inventory/products", parameters={}
2026-05-28T15:03:06.912+05:30 DEBUG 25372 --- [thundercore-erp] [nio-8080-exec-9] o.s.web.servlet.DispatcherServlet        : GET "/api/notifications/me", parameters={}
2026-05-28T15:03:06.913+05:30 DEBUG 25372 --- [thundercore-erp] [nio-8080-exec-7] s.w.s.h.LoggingWebSocketHandlerDecorator : New WebSocketServerSockJsSession[id=wxm2jauk]
2026-05-28T15:03:06.915+05:30 DEBUG 25372 --- [thundercore-erp] [nio-8080-exec-4] s.w.s.m.m.a.RequestMappingHandlerMapping : Mapped to com.thundercore.erp.hr.controller.EmployeeController#getAllEmployees()
2026-05-28T15:03:06.917+05:30 DEBUG 25372 --- [thundercore-erp] [nio-8080-exec-1] s.w.s.m.m.a.RequestMappingHandlerMapping : Mapped to com.thundercore.erp.inventory.controller.ProductController#getAllProducts()
2026-05-28T15:03:06.920+05:30 DEBUG 25372 --- [thundercore-erp] [nio-8080-exec-9] s.w.s.m.m.a.RequestMappingHandlerMapping : Mapped to com.thundercore.erp.notification.controller.NotificationController#getMyNotifications(Authentication)
2026-05-28T15:03:06.929+05:30 DEBUG 25372 --- [thundercore-erp] [nio-8080-exec-3] o.s.w.s.m.m.a.HttpEntityMethodProcessor  : Using 'application/json', given [application/json, text/plain, */*] and supported [application/json, application/*+json, application/yaml]
2026-05-28T15:03:06.931+05:30 DEBUG 25372 --- [thundercore-erp] [nio-8080-exec-9] org.hibernate.SQL                        : 
    select
        u1_0.id,
        u1_0.active,
        u1_0.created_at,
        u1_0.email,
        u1_0.first_name,
        u1_0.last_name,
        u1_0.password,
        u1_0.role,
        u1_0.updated_at 
    from
        users u1_0 
    where
        u1_0.email=?
2026-05-28T15:03:06.932+05:30 DEBUG 25372 --- [thundercore-erp] [nio-8080-exec-1] org.hibernate.SQL                        : 
    select
        p1_0.id,
        p1_0.category,
        p1_0.created_at,
        p1_0.description,
        p1_0.name,
        p1_0.quantity,
        p1_0.reorder_threshold,
        p1_0.sku,
        p1_0.supplier,
        p1_0.unit_price,
        p1_0.updated_at 
    from
        products p1_0
2026-05-28T15:03:06.933+05:30 DEBUG 25372 --- [thundercore-erp] [nio-8080-exec-3] o.s.w.s.m.m.a.HttpEntityMethodProcessor  : Writing [ApiResponse(success=true, message=Products retrieved, data=[])]
2026-05-28T15:03:06.938+05:30 DEBUG 25372 --- [thundercore-erp] [nio-8080-exec-1] o.s.w.s.m.m.a.HttpEntityMethodProcessor  : Using 'application/json', given [application/json, text/plain, */*] and supported [application/json, application/*+json, application/yaml]
2026-05-28T15:03:06.939+05:30 DEBUG 25372 --- [thundercore-erp] [io-8080-exec-10] org.hibernate.SQL                        : 
    select
        u1_0.id,
        u1_0.active,
        u1_0.created_at,
        u1_0.email,
        u1_0.first_name,
        u1_0.last_name,
        u1_0.password,
        u1_0.role,
        u1_0.updated_at 
    from
        users u1_0 
    where
        u1_0.email=?
2026-05-28T15:03:06.939+05:30 DEBUG 25372 --- [thundercore-erp] [nio-8080-exec-9] org.hibernate.SQL                        : 
    select
        n1_0.id,
        n1_0.created_at,
        n1_0.is_read,
        n1_0.message,
        n1_0.title,
        n1_0.user_id 
    from
        notifications n1_0 
    left join
        users u1_0 
            on u1_0.id=n1_0.user_id 
    where
        u1_0.id=? 
    order by
        n1_0.created_at desc
2026-05-28T15:03:06.940+05:30 DEBUG 25372 --- [thundercore-erp] [nio-8080-exec-1] o.s.w.s.m.m.a.HttpEntityMethodProcessor  : Writing [ApiResponse(success=true, message=Products retrieved, data=[])]
2026-05-28T15:03:06.941+05:30 DEBUG 25372 --- [thundercore-erp] [nio-8080-exec-3] o.s.web.servlet.DispatcherServlet        : Completed 200 OK
2026-05-28T15:03:06.943+05:30 DEBUG 25372 --- [thundercore-erp] [nio-8080-exec-9] o.s.w.s.m.m.a.HttpEntityMethodProcessor  : Using 'application/json', given [application/json, text/plain, */*] and supported [application/json, application/*+json, application/yaml]
2026-05-28T15:03:06.944+05:30 DEBUG 25372 --- [thundercore-erp] [nio-8080-exec-9] o.s.w.s.m.m.a.HttpEntityMethodProcessor  : Writing [ApiResponse(success=true, message=Notifications retrieved, data=[])]
2026-05-28T15:03:06.945+05:30 DEBUG 25372 --- [thundercore-erp] [nio-8080-exec-1] o.s.web.servlet.DispatcherServlet        : Completed 200 OK
2026-05-28T15:03:06.948+05:30 DEBUG 25372 --- [thundercore-erp] [nio-8080-exec-9] o.s.web.servlet.DispatcherServlet        : Completed 200 OK
2026-05-28T15:03:06.950+05:30 DEBUG 25372 --- [thundercore-erp] [io-8080-exec-10] o.s.web.servlet.DispatcherServlet        : GET "/api/hr/employees", parameters={}
2026-05-28T15:03:06.952+05:30 DEBUG 25372 --- [thundercore-erp] [io-8080-exec-10] s.w.s.m.m.a.RequestMappingHandlerMapping : Mapped to com.thundercore.erp.hr.controller.EmployeeController#getAllEmployees()
2026-05-28T15:03:07.004+05:30 DEBUG 25372 --- [thundercore-erp] [io-8080-exec-10] org.hibernate.SQL                        : 
    select
        e1_0.id,
        e1_0.base_salary,
        e1_0.created_at,
        e1_0.department,
        e1_0.designation,
        e1_0.employee_code,
        e1_0.joining_date,
        e1_0.status,
        e1_0.updated_at,
        e1_0.user_id 
    from
        employees e1_0
2026-05-28T15:03:07.005+05:30 DEBUG 25372 --- [thundercore-erp] [nio-8080-exec-4] org.hibernate.SQL                        : 
    select
        e1_0.id,
        e1_0.base_salary,
        e1_0.created_at,
        e1_0.department,
        e1_0.designation,
        e1_0.employee_code,
        e1_0.joining_date,
        e1_0.status,
        e1_0.updated_at,
        e1_0.user_id 
    from
        employees e1_0
2026-05-28T15:03:07.018+05:30 DEBUG 25372 --- [thundercore-erp] [io-8080-exec-10] o.s.w.s.m.m.a.HttpEntityMethodProcessor  : Using 'application/json', given [application/json, text/plain, */*] and supported [application/json, application/*+json, application/yaml]
2026-05-28T15:03:07.025+05:30 DEBUG 25372 --- [thundercore-erp] [nio-8080-exec-4] o.s.w.s.m.m.a.HttpEntityMethodProcessor  : Using 'application/json', given [application/json, text/plain, */*] and supported [application/json, application/*+json, application/yaml]
2026-05-28T15:03:07.035+05:30 DEBUG 25372 --- [thundercore-erp] [nio-8080-exec-2] org.hibernate.SQL                        : 
    select
        u1_0.id,
        u1_0.active,
        u1_0.created_at,
        u1_0.email,
        u1_0.first_name,
        u1_0.last_name,
        u1_0.password,
        u1_0.role,
        u1_0.updated_at 
    from
        users u1_0 
    where
        u1_0.email=?
2026-05-28T15:03:07.035+05:30 DEBUG 25372 --- [thundercore-erp] [nio-8080-exec-8] org.hibernate.SQL                        : 
    select
        u1_0.id,
        u1_0.active,
        u1_0.created_at,
        u1_0.email,
        u1_0.first_name,
        u1_0.last_name,
        u1_0.password,
        u1_0.role,
        u1_0.updated_at 
    from
        users u1_0 
    where
        u1_0.email=?
2026-05-28T15:03:07.036+05:30 DEBUG 25372 --- [thundercore-erp] [nio-8080-exec-6] o.s.web.servlet.DispatcherServlet        : GET "/ws/info?t=1779960787023", parameters={masked}
2026-05-28T15:03:07.104+05:30 DEBUG 25372 --- [thundercore-erp] [io-8080-exec-10] o.s.w.s.m.m.a.HttpEntityMethodProcessor  : Writing [ApiResponse(success=true, message=Employees retrieved, data=[])]
2026-05-28T15:03:07.104+05:30 DEBUG 25372 --- [thundercore-erp] [nio-8080-exec-4] o.s.w.s.m.m.a.HttpEntityMethodProcessor  : Writing [ApiResponse(success=true, message=Employees retrieved, data=[])]
2026-05-28T15:03:07.108+05:30 DEBUG 25372 --- [thundercore-erp] [nio-8080-exec-6] o.s.w.s.s.s.WebSocketHandlerMapping      : Mapped to org.springframework.web.socket.sockjs.support.SockJsHttpRequestHandler@714f3e27
2026-05-28T15:03:07.112+05:30 DEBUG 25372 --- [thundercore-erp] [nio-8080-exec-8] o.s.web.servlet.DispatcherServlet        : GET "/api/notifications/me", parameters={}
2026-05-28T15:03:07.112+05:30 DEBUG 25372 --- [thundercore-erp] [io-8080-exec-10] o.s.web.servlet.DispatcherServlet        : Completed 200 OK
2026-05-28T15:03:07.112+05:30 DEBUG 25372 --- [thundercore-erp] [nio-8080-exec-4] o.s.web.servlet.DispatcherServlet        : Completed 200 OK
2026-05-28T15:03:07.114+05:30 DEBUG 25372 --- [thundercore-erp] [nio-8080-exec-6] o.s.w.s.s.t.h.DefaultSockJsService       : Processing transport request: GET http://localhost:8080/ws/info?t=1779960787023
2026-05-28T15:03:07.114+05:30 DEBUG 25372 --- [thundercore-erp] [nio-8080-exec-2] o.s.web.servlet.DispatcherServlet        : GET "/api/finance/invoices", parameters={}
2026-05-28T15:03:07.115+05:30 DEBUG 25372 --- [thundercore-erp] [nio-8080-exec-8] s.w.s.m.m.a.RequestMappingHandlerMapping : Mapped to com.thundercore.erp.notification.controller.NotificationController#getMyNotifications(Authentication)
2026-05-28T15:03:07.117+05:30 DEBUG 25372 --- [thundercore-erp] [nio-8080-exec-6] o.s.web.servlet.DispatcherServlet        : Completed 200 OK
2026-05-28T15:03:07.118+05:30 DEBUG 25372 --- [thundercore-erp] [nio-8080-exec-2] s.w.s.m.m.a.RequestMappingHandlerMapping : Mapped to com.thundercore.erp.finance.controller.InvoiceController#getAllInvoices()
2026-05-28T15:03:07.122+05:30 DEBUG 25372 --- [thundercore-erp] [nio-8080-exec-8] org.hibernate.SQL                        : 
    select
        u1_0.id,
        u1_0.active,
        u1_0.created_at,
        u1_0.email,
        u1_0.first_name,
        u1_0.last_name,
        u1_0.password,
        u1_0.role,
        u1_0.updated_at 
    from
        users u1_0 
    where
        u1_0.email=?
2026-05-28T15:03:07.128+05:30 DEBUG 25372 --- [thundercore-erp] [nio-8080-exec-2] org.hibernate.SQL                        : 
    select
        i1_0.id,
        i1_0.created_at,
        i1_0.customer_email,
        i1_0.customer_name,
        i1_0.invoice_number,
        i1_0.net_amount,
        i1_0.notes,
        i1_0.status,
        i1_0.tax_amount,
        i1_0.total_amount,
        i1_0.updated_at 
    from
        invoices i1_0
2026-05-28T15:03:07.128+05:30 DEBUG 25372 --- [thundercore-erp] [nio-8080-exec-8] org.hibernate.SQL                        : 
    select
        n1_0.id,
        n1_0.created_at,
        n1_0.is_read,
        n1_0.message,
        n1_0.title,
        n1_0.user_id 
    from
        notifications n1_0 
    left join
        users u1_0 
            on u1_0.id=n1_0.user_id 
    where
        u1_0.id=? 
    order by
        n1_0.created_at desc
2026-05-28T15:03:07.131+05:30 DEBUG 25372 --- [thundercore-erp] [nio-8080-exec-8] o.s.w.s.m.m.a.HttpEntityMethodProcessor  : Using 'application/json', given [application/json, text/plain, */*] and supported [application/json, application/*+json, application/yaml]
2026-05-28T15:03:07.133+05:30 DEBUG 25372 --- [thundercore-erp] [nio-8080-exec-8] o.s.w.s.m.m.a.HttpEntityMethodProcessor  : Writing [ApiResponse(success=true, message=Notifications retrieved, data=[])]
2026-05-28T15:03:07.136+05:30 DEBUG 25372 --- [thundercore-erp] [nio-8080-exec-8] o.s.web.servlet.DispatcherServlet        : Completed 200 OK
2026-05-28T15:03:07.138+05:30 DEBUG 25372 --- [thundercore-erp] [nio-8080-exec-2] o.s.w.s.m.m.a.HttpEntityMethodProcessor  : Using 'application/json', given [application/json, text/plain, */*] and supported [application/json, application/*+json, application/yaml]
2026-05-28T15:03:07.139+05:30 DEBUG 25372 --- [thundercore-erp] [nio-8080-exec-2] o.s.w.s.m.m.a.HttpEntityMethodProcessor  : Writing [ApiResponse(success=true, message=Invoices retrieved, data=[])]
2026-05-28T15:03:07.142+05:30 DEBUG 25372 --- [thundercore-erp] [nio-8080-exec-2] o.s.web.servlet.DispatcherServlet        : Completed 200 OK
2026-05-28T15:03:07.167+05:30 DEBUG 25372 --- [thundercore-erp] [nio-8080-exec-1] o.s.web.servlet.DispatcherServlet        : GET "/ws/info?t=1779960787154", parameters={masked}
2026-05-28T15:03:07.167+05:30 DEBUG 25372 --- [thundercore-erp] [nio-8080-exec-9] org.hibernate.SQL                        : 
    select
        u1_0.id,
        u1_0.active,
        u1_0.created_at,
        u1_0.email,
        u1_0.first_name,
        u1_0.last_name,
        u1_0.password,
        u1_0.role,
        u1_0.updated_at 
    from
        users u1_0 
    where
        u1_0.email=?
2026-05-28T15:03:07.167+05:30 DEBUG 25372 --- [thundercore-erp] [nio-8080-exec-5] org.hibernate.SQL                        : 
    select
        u1_0.id,
        u1_0.active,
        u1_0.created_at,
        u1_0.email,
        u1_0.first_name,
        u1_0.last_name,
        u1_0.password,
        u1_0.role,
        u1_0.updated_at 
    from
        users u1_0 
    where
        u1_0.email=?
2026-05-28T15:03:07.168+05:30 DEBUG 25372 --- [thundercore-erp] [nio-8080-exec-1] o.s.w.s.s.s.WebSocketHandlerMapping      : Mapped to org.springframework.web.socket.sockjs.support.SockJsHttpRequestHandler@714f3e27
2026-05-28T15:03:07.170+05:30 DEBUG 25372 --- [thundercore-erp] [nio-8080-exec-1] o.s.w.s.s.t.h.DefaultSockJsService       : Processing transport request: GET http://localhost:8080/ws/info?t=1779960787154
2026-05-28T15:03:07.172+05:30 DEBUG 25372 --- [thundercore-erp] [nio-8080-exec-1] o.s.web.servlet.DispatcherServlet        : Completed 200 OK
2026-05-28T15:03:07.174+05:30 DEBUG 25372 --- [thundercore-erp] [nio-8080-exec-9] o.s.web.servlet.DispatcherServlet        : GET "/api/notifications/me", parameters={}
2026-05-28T15:03:07.174+05:30 DEBUG 25372 --- [thundercore-erp] [nio-8080-exec-5] o.s.web.servlet.DispatcherServlet        : GET "/api/sales/customers", parameters={}
2026-05-28T15:03:07.178+05:30 DEBUG 25372 --- [thundercore-erp] [nio-8080-exec-9] s.w.s.m.m.a.RequestMappingHandlerMapping : Mapped to com.thundercore.erp.notification.controller.NotificationController#getMyNotifications(Authentication)
2026-05-28T15:03:07.180+05:30 DEBUG 25372 --- [thundercore-erp] [nio-8080-exec-5] s.w.s.m.m.a.RequestMappingHandlerMapping : Mapped to com.thundercore.erp.sales.controller.CustomerController#getAllCustomers()
2026-05-28T15:03:07.188+05:30 DEBUG 25372 --- [thundercore-erp] [nio-8080-exec-9] org.hibernate.SQL                        : 
    select
        u1_0.id,
        u1_0.active,
        u1_0.created_at,
        u1_0.email,
        u1_0.first_name,
        u1_0.last_name,
        u1_0.password,
        u1_0.role,
        u1_0.updated_at 
    from
        users u1_0 
    where
        u1_0.email=?
2026-05-28T15:03:07.197+05:30 DEBUG 25372 --- [thundercore-erp] [nio-8080-exec-5] org.hibernate.SQL                        : 
    select
        c1_0.id,
        c1_0.address,
        c1_0.created_at,
        c1_0.email,
        c1_0.name,
        c1_0.phone,
        c1_0.tier,
        c1_0.updated_at 
    from
        customers c1_0
2026-05-28T15:03:07.197+05:30 DEBUG 25372 --- [thundercore-erp] [nio-8080-exec-9] org.hibernate.SQL                        : 
    select
        n1_0.id,
        n1_0.created_at,
        n1_0.is_read,
        n1_0.message,
        n1_0.title,
        n1_0.user_id 
    from
        notifications n1_0 
    left join
        users u1_0 
            on u1_0.id=n1_0.user_id 
    where
        u1_0.id=? 
    order by
        n1_0.created_at desc
2026-05-28T15:03:07.203+05:30 DEBUG 25372 --- [thundercore-erp] [nio-8080-exec-9] o.s.w.s.m.m.a.HttpEntityMethodProcessor  : Using 'application/json', given [application/json, text/plain, */*] and supported [application/json, application/*+json, application/yaml]
2026-05-28T15:03:07.205+05:30 DEBUG 25372 --- [thundercore-erp] [nio-8080-exec-9] o.s.w.s.m.m.a.HttpEntityMethodProcessor  : Writing [ApiResponse(success=true, message=Notifications retrieved, data=[])]
2026-05-28T15:03:07.206+05:30 DEBUG 25372 --- [thundercore-erp] [nio-8080-exec-3] o.s.web.servlet.DispatcherServlet        : GET "/ws/797/0440fnz1/websocket", parameters={}
2026-05-28T15:03:07.206+05:30 DEBUG 25372 --- [thundercore-erp] [nio-8080-exec-5] o.s.w.s.m.m.a.HttpEntityMethodProcessor  : Using 'application/json', given [application/json, text/plain, */*] and supported [application/json, application/*+json, application/yaml]
2026-05-28T15:03:07.207+05:30 DEBUG 25372 --- [thundercore-erp] [nio-8080-exec-3] o.s.w.s.s.s.WebSocketHandlerMapping      : Mapped to org.springframework.web.socket.sockjs.support.SockJsHttpRequestHandler@714f3e27
2026-05-28T15:03:07.207+05:30 DEBUG 25372 --- [thundercore-erp] [nio-8080-exec-9] o.s.web.servlet.DispatcherServlet        : Completed 200 OK
2026-05-28T15:03:07.207+05:30 DEBUG 25372 --- [thundercore-erp] [nio-8080-exec-5] o.s.w.s.m.m.a.HttpEntityMethodProcessor  : Writing [ApiResponse(success=true, message=Customers retrieved, data=[])]
2026-05-28T15:03:07.209+05:30 DEBUG 25372 --- [thundercore-erp] [nio-8080-exec-3] o.s.w.s.s.t.h.DefaultSockJsService       : Processing transport request: GET http://localhost:8080/ws/797/0440fnz1/websocket
2026-05-28T15:03:07.210+05:30 DEBUG 25372 --- [thundercore-erp] [nio-8080-exec-5] o.s.web.servlet.DispatcherServlet        : Completed 200 OK
2026-05-28T15:03:07.213+05:30 DEBUG 25372 --- [thundercore-erp] [nio-8080-exec-3] o.s.web.servlet.DispatcherServlet        : Completed 101 SWITCHING_PROTOCOLS
2026-05-28T15:03:07.217+05:30 DEBUG 25372 --- [thundercore-erp] [nio-8080-exec-3] s.w.s.h.LoggingWebSocketHandlerDecorator : New WebSocketServerSockJsSession[id=0440fnz1]
2026-05-28T15:03:07.230+05:30 DEBUG 25372 --- [thundercore-erp] [io-8080-exec-10] org.hibernate.SQL                        : 
    select
        u1_0.id,
        u1_0.active,
        u1_0.created_at,
        u1_0.email,
        u1_0.first_name,
        u1_0.last_name,
        u1_0.password,
        u1_0.role,
        u1_0.updated_at 
    from
        users u1_0 
    where
        u1_0.email=?
2026-05-28T15:03:07.250+05:30 DEBUG 25372 --- [thundercore-erp] [io-8080-exec-10] o.s.web.servlet.DispatcherServlet        : GET "/api/sales/customers", parameters={}
2026-05-28T15:03:07.254+05:30 DEBUG 25372 --- [thundercore-erp] [io-8080-exec-10] s.w.s.m.m.a.RequestMappingHandlerMapping : Mapped to com.thundercore.erp.sales.controller.CustomerController#getAllCustomers()
2026-05-28T15:03:07.258+05:30 DEBUG 25372 --- [thundercore-erp] [io-8080-exec-10] org.hibernate.SQL                        : 
    select
        c1_0.id,
        c1_0.address,
        c1_0.created_at,
        c1_0.email,
        c1_0.name,
        c1_0.phone,
        c1_0.tier,
        c1_0.updated_at 
    from
        customers c1_0
2026-05-28T15:03:07.262+05:30 DEBUG 25372 --- [thundercore-erp] [io-8080-exec-10] o.s.w.s.m.m.a.HttpEntityMethodProcessor  : Using 'application/json', given [application/json, text/plain, */*] and supported [application/json, application/*+json, application/yaml]
2026-05-28T15:03:07.263+05:30 DEBUG 25372 --- [thundercore-erp] [io-8080-exec-10] o.s.w.s.m.m.a.HttpEntityMethodProcessor  : Writing [ApiResponse(success=true, message=Customers retrieved, data=[])]
2026-05-28T15:03:07.265+05:30 DEBUG 25372 --- [thundercore-erp] [io-8080-exec-10] o.s.web.servlet.DispatcherServlet        : Completed 200 OK
2026-05-28T15:03:07.229+05:30 DEBUG 25372 --- [thundercore-erp] [nio-8080-exec-4] s.w.s.h.LoggingWebSocketHandlerDecorator : Transport error in WebSocketServerSockJsSession[id=0440fnz1]

java.io.EOFException: null
	at org.apache.tomcat.util.net.NioEndpoint$NioSocketWrapper.fillReadBuffer(NioEndpoint.java:1295) ~[tomcat-embed-core-10.1.40.jar!/:na]
	at org.apache.tomcat.util.net.NioEndpoint$NioSocketWrapper.read(NioEndpoint.java:1183) ~[tomcat-embed-core-10.1.40.jar!/:na]
	at org.apache.tomcat.websocket.server.WsFrameServer.onDataAvailable(WsFrameServer.java:74) ~[tomcat-embed-websocket-10.1.40.jar!/:na]
	at org.apache.tomcat.websocket.server.WsFrameServer.doOnDataAvailable(WsFrameServer.java:184) ~[tomcat-embed-websocket-10.1.40.jar!/:na]
	at org.apache.tomcat.websocket.server.WsFrameServer.notifyDataAvailable(WsFrameServer.java:164) ~[tomcat-embed-websocket-10.1.40.jar!/:na]
	at org.apache.tomcat.websocket.server.WsHttpUpgradeHandler.upgradeDispatch(WsHttpUpgradeHandler.java:152) ~[tomcat-embed-websocket-10.1.40.jar!/:na]
	at org.apache.coyote.http11.upgrade.UpgradeProcessorInternal.dispatch(UpgradeProcessorInternal.java:60) ~[tomcat-embed-core-10.1.40.jar!/:na]
	at org.apache.coyote.AbstractProcessorLight.process(AbstractProcessorLight.java:57) ~[tomcat-embed-core-10.1.40.jar!/:na]
	at org.apache.coyote.AbstractProtocol$ConnectionHandler.process(AbstractProtocol.java:903) ~[tomcat-embed-core-10.1.40.jar!/:na]
	at org.apache.tomcat.util.net.NioEndpoint$SocketProcessor.doRun(NioEndpoint.java:1740) ~[tomcat-embed-core-10.1.40.jar!/:na]
	at org.apache.tomcat.util.net.SocketProcessorBase.run(SocketProcessorBase.java:52) ~[tomcat-embed-core-10.1.40.jar!/:na]
	at org.apache.tomcat.util.threads.ThreadPoolExecutor.runWorker(ThreadPoolExecutor.java:1189) ~[tomcat-embed-core-10.1.40.jar!/:na]
	at org.apache.tomcat.util.threads.ThreadPoolExecutor$Worker.run(ThreadPoolExecutor.java:658) ~[tomcat-embed-core-10.1.40.jar!/:na]
	at org.apache.tomcat.util.threads.TaskThread$WrappingRunnable.run(TaskThread.java:63) ~[tomcat-embed-core-10.1.40.jar!/:na]
	at java.base/java.lang.Thread.run(Thread.java:1474) ~[na:na]

2026-05-28T15:03:06.940+05:30 DEBUG 25372 --- [thundercore-erp] [nio-8080-exec-7] s.w.s.h.LoggingWebSocketHandlerDecorator : Transport error in WebSocketServerSockJsSession[id=wxm2jauk]

java.io.EOFException: null
	at org.apache.tomcat.util.net.NioEndpoint$NioSocketWrapper.fillReadBuffer(NioEndpoint.java:1295) ~[tomcat-embed-core-10.1.40.jar!/:na]
	at org.apache.tomcat.util.net.NioEndpoint$NioSocketWrapper.read(NioEndpoint.java:1183) ~[tomcat-embed-core-10.1.40.jar!/:na]
	at org.apache.tomcat.websocket.server.WsFrameServer.onDataAvailable(WsFrameServer.java:74) ~[tomcat-embed-websocket-10.1.40.jar!/:na]
	at org.apache.tomcat.websocket.server.WsFrameServer.doOnDataAvailable(WsFrameServer.java:184) ~[tomcat-embed-websocket-10.1.40.jar!/:na]
	at org.apache.tomcat.websocket.server.WsFrameServer.notifyDataAvailable(WsFrameServer.java:164) ~[tomcat-embed-websocket-10.1.40.jar!/:na]
	at org.apache.tomcat.websocket.server.WsHttpUpgradeHandler.upgradeDispatch(WsHttpUpgradeHandler.java:152) ~[tomcat-embed-websocket-10.1.40.jar!/:na]
	at org.apache.coyote.http11.upgrade.UpgradeProcessorInternal.dispatch(UpgradeProcessorInternal.java:60) ~[tomcat-embed-core-10.1.40.jar!/:na]
	at org.apache.coyote.AbstractProcessorLight.process(AbstractProcessorLight.java:57) ~[tomcat-embed-core-10.1.40.jar!/:na]
	at org.apache.coyote.AbstractProtocol$ConnectionHandler.process(AbstractProtocol.java:903) ~[tomcat-embed-core-10.1.40.jar!/:na]
	at org.apache.tomcat.util.net.NioEndpoint$SocketProcessor.doRun(NioEndpoint.java:1740) ~[tomcat-embed-core-10.1.40.jar!/:na]
	at org.apache.tomcat.util.net.SocketProcessorBase.run(SocketProcessorBase.java:52) ~[tomcat-embed-core-10.1.40.jar!/:na]
	at org.apache.tomcat.util.threads.ThreadPoolExecutor.runWorker(ThreadPoolExecutor.java:1189) ~[tomcat-embed-core-10.1.40.jar!/:na]
	at org.apache.tomcat.util.threads.ThreadPoolExecutor$Worker.run(ThreadPoolExecutor.java:658) ~[tomcat-embed-core-10.1.40.jar!/:na]
	at org.apache.tomcat.util.threads.TaskThread$WrappingRunnable.run(TaskThread.java:63) ~[tomcat-embed-core-10.1.40.jar!/:na]
	at java.base/java.lang.Thread.run(Thread.java:1474) ~[na:na]

2026-05-28T15:03:07.305+05:30 DEBUG 25372 --- [thundercore-erp] [nio-8080-exec-7] s.w.s.h.LoggingWebSocketHandlerDecorator : WebSocketServerSockJsSession[id=wxm2jauk] closed with CloseStatus[code=1006, reason=null]
2026-05-28T15:03:07.305+05:30 DEBUG 25372 --- [thundercore-erp] [nio-8080-exec-4] s.w.s.h.LoggingWebSocketHandlerDecorator : WebSocketServerSockJsSession[id=0440fnz1] closed with CloseStatus[code=1006, reason=null]
2026-05-28T15:03:07.308+05:30 DEBUG 25372 --- [thundercore-erp] [nio-8080-exec-7] o.s.w.s.m.SubProtocolWebSocketHandler    : Clearing session wxm2jauk
2026-05-28T15:03:07.309+05:30 DEBUG 25372 --- [thundercore-erp] [nio-8080-exec-4] o.s.w.s.m.SubProtocolWebSocketHandler    : Clearing session 0440fnz1
2026-05-28T15:03:07.309+05:30 DEBUG 25372 --- [thundercore-erp] [boundChannel-42] org.springframework.web.SimpLogging      : Processing DISCONNECT session=wxm2jauk
2026-05-28T15:03:07.310+05:30 DEBUG 25372 --- [thundercore-erp] [boundChannel-41] org.springframework.web.SimpLogging      : Processing DISCONNECT session=0440fnz1
2026-05-28T15:03:07.312+05:30 DEBUG 25372 --- [thundercore-erp] [boundChannel-20] o.s.w.s.m.SubProtocolWebSocketHandler    : No session for GenericMessage [payload=byte[0], headers={simpMessageType=DISCONNECT_ACK, simpDisconnectMessage=GenericMessage [payload=byte[0], headers={simpMessageType=DISCONNECT, stompCommand=DISCONNECT, simpSessionAttributes={org.springframework.messaging.simp.SimpAttributes.COMPLETED=true}, simpSessionId=wxm2jauk}], simpSessionId=wxm2jauk}]
2026-05-28T15:03:07.312+05:30 DEBUG 25372 --- [thundercore-erp] [boundChannel-21] o.s.w.s.m.SubProtocolWebSocketHandler    : No session for GenericMessage [payload=byte[0], headers={simpMessageType=DISCONNECT_ACK, simpDisconnectMessage=GenericMessage [payload=byte[0], headers={simpMessageType=DISCONNECT, stompCommand=DISCONNECT, simpSessionAttributes={org.springframework.messaging.simp.SimpAttributes.COMPLETED=true}, simpSessionId=0440fnz1}], simpSessionId=0440fnz1}]
2026-05-28T15:03:07.344+05:30 DEBUG 25372 --- [thundercore-erp] [nio-8080-exec-6] org.hibernate.SQL                        : 
    select
        u1_0.id,
        u1_0.active,
        u1_0.created_at,
        u1_0.email,
        u1_0.first_name,
        u1_0.last_name,
        u1_0.password,
        u1_0.role,
        u1_0.updated_at 
    from
        users u1_0 
    where
        u1_0.email=?
2026-05-28T15:03:07.352+05:30 DEBUG 25372 --- [thundercore-erp] [nio-8080-exec-6] o.s.web.servlet.DispatcherServlet        : GET "/api/notifications/me", parameters={}
2026-05-28T15:03:07.354+05:30 DEBUG 25372 --- [thundercore-erp] [nio-8080-exec-6] s.w.s.m.m.a.RequestMappingHandlerMapping : Mapped to com.thundercore.erp.notification.controller.NotificationController#getMyNotifications(Authentication)
2026-05-28T15:03:07.353+05:30 DEBUG 25372 --- [thundercore-erp] [nio-8080-exec-8] o.s.web.servlet.DispatcherServlet        : GET "/ws/info?t=1779960787328", parameters={masked}
2026-05-28T15:03:07.358+05:30 DEBUG 25372 --- [thundercore-erp] [nio-8080-exec-8] o.s.w.s.s.s.WebSocketHandlerMapping      : Mapped to org.springframework.web.socket.sockjs.support.SockJsHttpRequestHandler@714f3e27
2026-05-28T15:03:07.359+05:30 DEBUG 25372 --- [thundercore-erp] [nio-8080-exec-8] o.s.w.s.s.t.h.DefaultSockJsService       : Processing transport request: GET http://localhost:8080/ws/info?t=1779960787328
2026-05-28T15:03:07.360+05:30 DEBUG 25372 --- [thundercore-erp] [nio-8080-exec-6] org.hibernate.SQL                        : 
    select
        u1_0.id,
        u1_0.active,
        u1_0.created_at,
        u1_0.email,
        u1_0.first_name,
        u1_0.last_name,
        u1_0.password,
        u1_0.role,
        u1_0.updated_at 
    from
        users u1_0 
    where
        u1_0.email=?
2026-05-28T15:03:07.362+05:30 DEBUG 25372 --- [thundercore-erp] [nio-8080-exec-8] o.s.web.servlet.DispatcherServlet        : Completed 200 OK
2026-05-28T15:03:07.371+05:30 DEBUG 25372 --- [thundercore-erp] [nio-8080-exec-6] org.hibernate.SQL                        : 
    select
        n1_0.id,
        n1_0.created_at,
        n1_0.is_read,
        n1_0.message,
        n1_0.title,
        n1_0.user_id 
    from
        notifications n1_0 
    left join
        users u1_0 
            on u1_0.id=n1_0.user_id 
    where
        u1_0.id=? 
    order by
        n1_0.created_at desc
2026-05-28T15:03:07.375+05:30 DEBUG 25372 --- [thundercore-erp] [nio-8080-exec-6] o.s.w.s.m.m.a.HttpEntityMethodProcessor  : Using 'application/json', given [application/json, text/plain, */*] and supported [application/json, application/*+json, application/yaml]
2026-05-28T15:03:07.377+05:30 DEBUG 25372 --- [thundercore-erp] [nio-8080-exec-6] o.s.w.s.m.m.a.HttpEntityMethodProcessor  : Writing [ApiResponse(success=true, message=Notifications retrieved, data=[])]
2026-05-28T15:03:07.381+05:30 DEBUG 25372 --- [thundercore-erp] [nio-8080-exec-6] o.s.web.servlet.DispatcherServlet        : Completed 200 OK
2026-05-28T15:03:07.384+05:30 DEBUG 25372 --- [thundercore-erp] [nio-8080-exec-2] o.s.web.servlet.DispatcherServlet        : GET "/ws/674/urylnc5i/websocket", parameters={}
2026-05-28T15:03:07.386+05:30 DEBUG 25372 --- [thundercore-erp] [nio-8080-exec-2] o.s.w.s.s.s.WebSocketHandlerMapping      : Mapped to org.springframework.web.socket.sockjs.support.SockJsHttpRequestHandler@714f3e27
2026-05-28T15:03:07.388+05:30 DEBUG 25372 --- [thundercore-erp] [nio-8080-exec-2] o.s.w.s.s.t.h.DefaultSockJsService       : Processing transport request: GET http://localhost:8080/ws/674/urylnc5i/websocket
2026-05-28T15:03:07.391+05:30 DEBUG 25372 --- [thundercore-erp] [nio-8080-exec-2] o.s.web.servlet.DispatcherServlet        : Completed 101 SWITCHING_PROTOCOLS
2026-05-28T15:03:07.394+05:30 DEBUG 25372 --- [thundercore-erp] [nio-8080-exec-2] s.w.s.h.LoggingWebSocketHandlerDecorator : New WebSocketServerSockJsSession[id=urylnc5i]
2026-05-28T15:03:07.395+05:30 DEBUG 25372 --- [thundercore-erp] [nio-8080-exec-1] org.hibernate.SQL                        : 
    select
        u1_0.id,
        u1_0.active,
        u1_0.created_at,
        u1_0.email,
        u1_0.first_name,
        u1_0.last_name,
        u1_0.password,
        u1_0.role,
        u1_0.updated_at 
    from
        users u1_0 
    where
        u1_0.email=?
2026-05-28T15:03:07.402+05:30 DEBUG 25372 --- [thundercore-erp] [nio-8080-exec-1] o.s.web.servlet.DispatcherServlet        : GET "/api/notifications/me", parameters={}
2026-05-28T15:03:07.403+05:30 DEBUG 25372 --- [thundercore-erp] [nio-8080-exec-1] s.w.s.m.m.a.RequestMappingHandlerMapping : Mapped to com.thundercore.erp.notification.controller.NotificationController#getMyNotifications(Authentication)
2026-05-28T15:03:07.405+05:30 DEBUG 25372 --- [thundercore-erp] [nio-8080-exec-9] org.hibernate.SQL                        : 
    select
        u1_0.id,
        u1_0.active,
        u1_0.created_at,
        u1_0.email,
        u1_0.first_name,
        u1_0.last_name,
        u1_0.password,
        u1_0.role,
        u1_0.updated_at 
    from
        users u1_0 
    where
        u1_0.email=?
2026-05-28T15:03:07.408+05:30 DEBUG 25372 --- [thundercore-erp] [nio-8080-exec-1] org.hibernate.SQL                        : 
    select
        u1_0.id,
        u1_0.active,
        u1_0.created_at,
        u1_0.email,
        u1_0.first_name,
        u1_0.last_name,
        u1_0.password,
        u1_0.role,
        u1_0.updated_at 
    from
        users u1_0 
    where
        u1_0.email=?
2026-05-28T15:03:07.410+05:30 DEBUG 25372 --- [thundercore-erp] [boundChannel-48] org.springframework.web.SimpLogging      : Processing CONNECT user=admin@thundercore.com session=urylnc5i
2026-05-28T15:03:07.412+05:30 DEBUG 25372 --- [thundercore-erp] [nio-8080-exec-1] org.hibernate.SQL                        : 
    select
        n1_0.id,
        n1_0.created_at,
        n1_0.is_read,
        n1_0.message,
        n1_0.title,
        n1_0.user_id 
    from
        notifications n1_0 
    left join
        users u1_0 
            on u1_0.id=n1_0.user_id 
    where
        u1_0.id=? 
    order by
        n1_0.created_at desc
2026-05-28T15:03:07.414+05:30 DEBUG 25372 --- [thundercore-erp] [nio-8080-exec-1] o.s.w.s.m.m.a.HttpEntityMethodProcessor  : Using 'application/json', given [application/json, text/plain, */*] and supported [application/json, application/*+json, application/yaml]
2026-05-28T15:03:07.415+05:30 DEBUG 25372 --- [thundercore-erp] [nio-8080-exec-1] o.s.w.s.m.m.a.HttpEntityMethodProcessor  : Writing [ApiResponse(success=true, message=Notifications retrieved, data=[])]
2026-05-28T15:03:07.418+05:30 DEBUG 25372 --- [thundercore-erp] [boundChannel-36] org.springframework.web.SimpLogging      : Processing SUBSCRIBE destination=/queue/notifications-userurylnc5i subscriptionId=sub-0 session=urylnc5i user=admin@thundercore.com payload=byte[0]
2026-05-28T15:03:07.418+05:30 DEBUG 25372 --- [thundercore-erp] [nio-8080-exec-1] o.s.web.servlet.DispatcherServlet        : Completed 200 OK
2026-05-28T15:03:07.418+05:30 DEBUG 25372 --- [thundercore-erp] [boundChannel-51] org.springframework.web.SimpLogging      : Processing SUBSCRIBE /topic/dashboard id=sub-1 session=urylnc5i
2026-05-28T15:03:07.829+05:30 DEBUG 25372 --- [thundercore-erp] [MessageBroker-5] o.s.w.s.s.t.h.DefaultSockJsService       : Closed 1 sessions: [dwds4njq]
2026-05-28T15:03:08.893+05:30 DEBUG 25372 --- [thundercore-erp] [nio-8080-exec-3] s.w.s.h.LoggingWebSocketHandlerDecorator : WebSocketServerSockJsSession[id=urylnc5i] closed with CloseStatus[code=1001, reason=null]
2026-05-28T15:03:08.896+05:30 DEBUG 25372 --- [thundercore-erp] [nio-8080-exec-3] o.s.w.s.m.SubProtocolWebSocketHandler    : Clearing session urylnc5i
2026-05-28T15:03:08.897+05:30 DEBUG 25372 --- [thundercore-erp] [boundChannel-37] org.springframework.web.SimpLogging      : Processing DISCONNECT session=urylnc5i
2026-05-28T15:03:08.911+05:30 DEBUG 25372 --- [thundercore-erp] [boundChannel-23] o.s.w.s.m.SubProtocolWebSocketHandler    : No session for GenericMessage [payload=byte[0], headers={simpMessageType=DISCONNECT_ACK, simpDisconnectMessage=GenericMessage [payload=byte[0], headers={simpMessageType=DISCONNECT, stompCommand=DISCONNECT, simpSessionAttributes={org.springframework.messaging.simp.SimpAttributes.COMPLETED=true}, simpUser=UsernamePasswordAuthenticationToken [Principal=org.springframework.security.core.userdetails.User [Username=admin@thundercore.com, Password=[PROTECTED], Enabled=true, AccountNonExpired=true, CredentialsNonExpired=true, AccountNonLocked=true, Granted Authorities=[ROLE_SUPER_ADMIN]], Credentials=[PROTECTED], Authenticated=true, Details=null, Granted Authorities=[ROLE_SUPER_ADMIN]], simpSessionId=urylnc5i}], simpUser=UsernamePasswordAuthenticationToken [Principal=org.springframework.security.core.userdetails.User [Username=admin@thundercore.com, Password=[PROTECTED], Enabled=true, AccountNonExpired=true, CredentialsNonExpired=true, AccountNonLocked=true, Granted Authorities=[ROLE_SUPER_ADMIN]], Credentials=[PROTECTED], Authenticated=true, Details=null, Granted Authorities=[ROLE_SUPER_ADMIN]], simpSessionId=urylnc5i}]
2026-05-28T15:03:12.829+05:30 DEBUG 25372 --- [thundercore-erp] [MessageBroker-5] o.s.w.s.s.t.h.DefaultSockJsService       : Closed 3 sessions: [drdmsq5d, 0440fnz1, wxm2jauk]
2026-05-28T15:03:17.828+05:30 DEBUG 25372 --- [thundercore-erp] [MessageBroker-7] o.s.w.s.s.t.h.DefaultSockJsService       : Closed 1 sessions: [urylnc5i]
2026-05-28T15:03:30.201+05:30 DEBUG 25372 --- [thundercore-erp] [io-8080-exec-10] o.s.web.servlet.DispatcherServlet        : GET "/actuator/health", parameters={}
2026-05-28T15:03:30.206+05:30 DEBUG 25372 --- [thundercore-erp] [io-8080-exec-10] s.b.a.e.w.s.WebMvcEndpointHandlerMapping : Mapped to Actuator web endpoint 'health'
2026-05-28T15:03:30.210+05:30 DEBUG 25372 --- [thundercore-erp] [io-8080-exec-10] m.m.a.RequestResponseBodyMethodProcessor : Read "application/octet-stream" to []
2026-05-28T15:03:30.214+05:30 DEBUG 25372 --- [thundercore-erp] [nio-8080-exec-7] o.s.web.servlet.DispatcherServlet        : GET "/v3/api-docs", parameters={}
2026-05-28T15:03:30.216+05:30 DEBUG 25372 --- [thundercore-erp] [nio-8080-exec-7] s.w.s.m.m.a.RequestMappingHandlerMapping : Mapped to org.springdoc.webmvc.api.OpenApiWebMvcResource#openapiJson(HttpServletRequest, String, Locale)
2026-05-28T15:03:30.235+05:30 DEBUG 25372 --- [thundercore-erp] [io-8080-exec-10] o.s.w.s.m.m.a.HttpEntityMethodProcessor  : Using 'application/vnd.spring-boot.actuator.v3+json', given [*/*] and supported [application/vnd.spring-boot.actuator.v3+json, application/vnd.spring-boot.actuator.v2+json, application/json]
2026-05-28T15:03:30.237+05:30 DEBUG 25372 --- [thundercore-erp] [io-8080-exec-10] o.s.w.s.m.m.a.HttpEntityMethodProcessor  : Writing [org.springframework.boot.actuate.health.SystemHealth@24a4f9fc]
2026-05-28T15:03:30.241+05:30 DEBUG 25372 --- [thundercore-erp] [io-8080-exec-10] o.s.web.servlet.DispatcherServlet        : Completed 200 OK
2026-05-28T15:03:30.337+05:30 DEBUG 25372 --- [thundercore-erp] [nio-8080-exec-4] o.s.web.servlet.DispatcherServlet        : POST "/api/auth/login", parameters={}
2026-05-28T15:03:30.339+05:30 DEBUG 25372 --- [thundercore-erp] [nio-8080-exec-4] s.w.s.m.m.a.RequestMappingHandlerMapping : Mapped to com.thundercore.erp.auth.controller.AuthController#login(AuthRequest)
2026-05-28T15:03:30.343+05:30 DEBUG 25372 --- [thundercore-erp] [nio-8080-exec-4] m.m.a.RequestResponseBodyMethodProcessor : Read "application/json;charset=UTF-8" to [AuthRequest(email=admin@thundercore.com, password=Admin@123)]
2026-05-28T15:03:30.348+05:30 DEBUG 25372 --- [thundercore-erp] [nio-8080-exec-4] org.hibernate.SQL                        : 
    select
        u1_0.id,
        u1_0.active,
        u1_0.created_at,
        u1_0.email,
        u1_0.first_name,
        u1_0.last_name,
        u1_0.password,
        u1_0.role,
        u1_0.updated_at 
    from
        users u1_0 
    where
        u1_0.email=?
2026-05-28T15:03:30.455+05:30 DEBUG 25372 --- [thundercore-erp] [nio-8080-exec-4] org.hibernate.SQL                        : 
    select
        u1_0.id,
        u1_0.active,
        u1_0.created_at,
        u1_0.email,
        u1_0.first_name,
        u1_0.last_name,
        u1_0.password,
        u1_0.role,
        u1_0.updated_at 
    from
        users u1_0 
    where
        u1_0.email=?
2026-05-28T15:03:30.463+05:30 DEBUG 25372 --- [thundercore-erp] [nio-8080-exec-4] org.hibernate.SQL                        : 
    select
        u1_0.id,
        u1_0.active,
        u1_0.created_at,
        u1_0.email,
        u1_0.first_name,
        u1_0.last_name,
        u1_0.password,
        u1_0.role,
        u1_0.updated_at 
    from
        users u1_0 
    where
        u1_0.email=?
2026-05-28T15:03:30.465+05:30  INFO 25372 --- [thundercore-erp] [nio-8080-exec-4] c.t.erp.auth.controller.AuthController   : Successful login: admin@thundercore.com (role=SUPER_ADMIN)
2026-05-28T15:03:30.467+05:30 DEBUG 25372 --- [thundercore-erp] [nio-8080-exec-4] o.s.w.s.m.m.a.HttpEntityMethodProcessor  : Using 'application/json', given [*/*] and supported [application/json, application/*+json, application/yaml]
2026-05-28T15:03:30.469+05:30 DEBUG 25372 --- [thundercore-erp] [nio-8080-exec-4] o.s.w.s.m.m.a.HttpEntityMethodProcessor  : Writing [AuthResponse(token=eyJhbGciOiJIUzM4NCJ9.eyJzdWIiOiJhZG1pbkB0aHVuZGVyY29yZS5jb20iLCJpYXQiOjE3Nzk5NjA4 (truncated)...]
2026-05-28T15:03:30.471+05:30 DEBUG 25372 --- [thundercore-erp] [nio-8080-exec-4] o.s.web.servlet.DispatcherServlet        : Completed 200 OK
2026-05-28T15:03:33.827+05:30  INFO 25372 --- [thundercore-erp] [nio-8080-exec-7] o.springdoc.api.AbstractOpenApiResource  : Init duration for springdoc-openapi is: 3317 ms
2026-05-28T15:03:34.005+05:30 DEBUG 25372 --- [thundercore-erp] [nio-8080-exec-7] m.m.a.RequestResponseBodyMethodProcessor : Using 'application/json', given [*/*] and supported [application/json]
2026-05-28T15:03:34.013+05:30 DEBUG 25372 --- [thundercore-erp] [nio-8080-exec-7] m.m.a.RequestResponseBodyMethodProcessor : Writing [{123, 34, 111, 112, 101, 110, 97, 112, 105, 34, 58, 34, 51, 46, 49, 46, 48, 34, 44, 34, 105, 110, 10 (truncated)...]
2026-05-28T15:03:34.017+05:30 DEBUG 25372 --- [thundercore-erp] [nio-8080-exec-7] o.s.web.servlet.DispatcherServlet        : Completed 200 OK
2026-05-28T15:03:53.198+05:30 DEBUG 25372 --- [thundercore-erp] [nio-8080-exec-5] o.s.web.servlet.DispatcherServlet        : POST "/api/auth/login", parameters={}
2026-05-28T15:03:53.198+05:30 DEBUG 25372 --- [thundercore-erp] [nio-8080-exec-9] o.s.web.servlet.DispatcherServlet        : POST "/api/auth/login", parameters={}
2026-05-28T15:03:53.200+05:30 DEBUG 25372 --- [thundercore-erp] [nio-8080-exec-5] s.w.s.m.m.a.RequestMappingHandlerMapping : Mapped to com.thundercore.erp.auth.controller.AuthController#login(AuthRequest)
2026-05-28T15:03:53.201+05:30 DEBUG 25372 --- [thundercore-erp] [nio-8080-exec-9] s.w.s.m.m.a.RequestMappingHandlerMapping : Mapped to com.thundercore.erp.auth.controller.AuthController#login(AuthRequest)
2026-05-28T15:03:53.204+05:30 DEBUG 25372 --- [thundercore-erp] [nio-8080-exec-9] m.m.a.RequestResponseBodyMethodProcessor : Read "application/json;charset=UTF-8" to [AuthRequest(email=staff@thundercore.com, password=Staff@123)]
2026-05-28T15:03:53.204+05:30 DEBUG 25372 --- [thundercore-erp] [nio-8080-exec-5] m.m.a.RequestResponseBodyMethodProcessor : Read "application/json;charset=UTF-8" to [AuthRequest(email=manager@thundercore.com, password=Manager@123)]
2026-05-28T15:03:53.210+05:30 DEBUG 25372 --- [thundercore-erp] [nio-8080-exec-5] org.hibernate.SQL                        : 
    select
        u1_0.id,
        u1_0.active,
        u1_0.created_at,
        u1_0.email,
        u1_0.first_name,
        u1_0.last_name,
        u1_0.password,
        u1_0.role,
        u1_0.updated_at 
    from
        users u1_0 
    where
        u1_0.email=?
2026-05-28T15:03:53.210+05:30 DEBUG 25372 --- [thundercore-erp] [nio-8080-exec-9] org.hibernate.SQL                        : 
    select
        u1_0.id,
        u1_0.active,
        u1_0.created_at,
        u1_0.email,
        u1_0.first_name,
        u1_0.last_name,
        u1_0.password,
        u1_0.role,
        u1_0.updated_at 
    from
        users u1_0 
    where
        u1_0.email=?
2026-05-28T15:03:53.303+05:30 DEBUG 25372 --- [thundercore-erp] [nio-8080-exec-9] org.hibernate.SQL                        : 
    select
        u1_0.id,
        u1_0.active,
        u1_0.created_at,
        u1_0.email,
        u1_0.first_name,
        u1_0.last_name,
        u1_0.password,
        u1_0.role,
        u1_0.updated_at 
    from
        users u1_0 
    where
        u1_0.email=?
2026-05-28T15:03:53.306+05:30 DEBUG 25372 --- [thundercore-erp] [nio-8080-exec-5] org.hibernate.SQL                        : 
    select
        u1_0.id,
        u1_0.active,
        u1_0.created_at,
        u1_0.email,
        u1_0.first_name,
        u1_0.last_name,
        u1_0.password,
        u1_0.role,
        u1_0.updated_at 
    from
        users u1_0 
    where
        u1_0.email=?
2026-05-28T15:03:53.310+05:30 DEBUG 25372 --- [thundercore-erp] [nio-8080-exec-9] org.hibernate.SQL                        : 
    select
        u1_0.id,
        u1_0.active,
        u1_0.created_at,
        u1_0.email,
        u1_0.first_name,
        u1_0.last_name,
        u1_0.password,
        u1_0.role,
        u1_0.updated_at 
    from
        users u1_0 
    where
        u1_0.email=?
2026-05-28T15:03:53.310+05:30 DEBUG 25372 --- [thundercore-erp] [nio-8080-exec-5] org.hibernate.SQL                        : 
    select
        u1_0.id,
        u1_0.active,
        u1_0.created_at,
        u1_0.email,
        u1_0.first_name,
        u1_0.last_name,
        u1_0.password,
        u1_0.role,
        u1_0.updated_at 
    from
        users u1_0 
    where
        u1_0.email=?
2026-05-28T15:03:53.313+05:30  INFO 25372 --- [thundercore-erp] [nio-8080-exec-9] c.t.erp.auth.controller.AuthController   : Successful login: staff@thundercore.com (role=STAFF)
2026-05-28T15:03:53.315+05:30 DEBUG 25372 --- [thundercore-erp] [nio-8080-exec-9] o.s.w.s.m.m.a.HttpEntityMethodProcessor  : Using 'application/json', given [*/*] and supported [application/json, application/*+json, application/yaml]
2026-05-28T15:03:53.315+05:30  INFO 25372 --- [thundercore-erp] [nio-8080-exec-5] c.t.erp.auth.controller.AuthController   : Successful login: manager@thundercore.com (role=MANAGER)
2026-05-28T15:03:53.316+05:30 DEBUG 25372 --- [thundercore-erp] [nio-8080-exec-9] o.s.w.s.m.m.a.HttpEntityMethodProcessor  : Writing [AuthResponse(token=eyJhbGciOiJIUzM4NCJ9.eyJzdWIiOiJzdGFmZkB0aHVuZGVyY29yZS5jb20iLCJpYXQiOjE3Nzk5NjA4 (truncated)...]
2026-05-28T15:03:53.317+05:30 DEBUG 25372 --- [thundercore-erp] [nio-8080-exec-5] o.s.w.s.m.m.a.HttpEntityMethodProcessor  : Using 'application/json', given [*/*] and supported [application/json, application/*+json, application/yaml]
2026-05-28T15:03:53.318+05:30 DEBUG 25372 --- [thundercore-erp] [nio-8080-exec-5] o.s.w.s.m.m.a.HttpEntityMethodProcessor  : Writing [AuthResponse(token=eyJhbGciOiJIUzM4NCJ9.eyJzdWIiOiJtYW5hZ2VyQHRodW5kZXJjb3JlLmNvbSIsImlhdCI6MTc3OTk2 (truncated)...]
2026-05-28T15:03:53.320+05:30 DEBUG 25372 --- [thundercore-erp] [nio-8080-exec-9] o.s.web.servlet.DispatcherServlet        : Completed 200 OK
2026-05-28T15:03:53.321+05:30 DEBUG 25372 --- [thundercore-erp] [nio-8080-exec-5] o.s.web.servlet.DispatcherServlet        : Completed 200 OK
2026-05-28T15:09:51.342+05:30 DEBUG 25372 --- [thundercore-erp] [io-8080-exec-10] o.s.web.servlet.DispatcherServlet        : GET "/actuator/health", parameters={}
2026-05-28T15:09:51.403+05:30 DEBUG 25372 --- [thundercore-erp] [io-8080-exec-10] s.b.a.e.w.s.WebMvcEndpointHandlerMapping : Mapped to Actuator web endpoint 'health'
2026-05-28T15:09:51.454+05:30 DEBUG 25372 --- [thundercore-erp] [io-8080-exec-10] m.m.a.RequestResponseBodyMethodProcessor : Read "application/octet-stream" to []
2026-05-28T15:09:51.626+05:30 DEBUG 25372 --- [thundercore-erp] [io-8080-exec-10] o.s.w.s.m.m.a.HttpEntityMethodProcessor  : Using 'application/vnd.spring-boot.actuator.v3+json', given [*/*] and supported [application/vnd.spring-boot.actuator.v3+json, application/vnd.spring-boot.actuator.v2+json, application/json]
2026-05-28T15:09:51.640+05:30 DEBUG 25372 --- [thundercore-erp] [io-8080-exec-10] o.s.w.s.m.m.a.HttpEntityMethodProcessor  : Writing [org.springframework.boot.actuate.health.SystemHealth@2d644516]
2026-05-28T15:09:51.675+05:30 DEBUG 25372 --- [thundercore-erp] [io-8080-exec-10] o.s.web.servlet.DispatcherServlet        : Completed 200 OK
2026-05-28T15:10:56.698+05:30 DEBUG 25372 --- [thundercore-erp] [nio-8080-exec-4] o.s.web.servlet.DispatcherServlet        : POST "/api/auth/login", parameters={}
2026-05-28T15:10:56.706+05:30 DEBUG 25372 --- [thundercore-erp] [nio-8080-exec-4] s.w.s.m.m.a.RequestMappingHandlerMapping : Mapped to com.thundercore.erp.auth.controller.AuthController#login(AuthRequest)
2026-05-28T15:10:56.776+05:30 DEBUG 25372 --- [thundercore-erp] [nio-8080-exec-4] m.m.a.RequestResponseBodyMethodProcessor : Read "application/json;charset=UTF-8" to [AuthRequest(email=admin@thundercore.com, password=Admin@123)]
2026-05-28T15:10:57.379+05:30 DEBUG 25372 --- [thundercore-erp] [nio-8080-exec-4] org.hibernate.SQL                        : 
    select
        u1_0.id,
        u1_0.active,
        u1_0.created_at,
        u1_0.email,
        u1_0.first_name,
        u1_0.last_name,
        u1_0.password,
        u1_0.role,
        u1_0.updated_at 
    from
        users u1_0 
    where
        u1_0.email=?
2026-05-28T15:10:57.857+05:30 DEBUG 25372 --- [thundercore-erp] [nio-8080-exec-4] org.hibernate.SQL                        : 
    select
        u1_0.id,
        u1_0.active,
        u1_0.created_at,
        u1_0.email,
        u1_0.first_name,
        u1_0.last_name,
        u1_0.password,
        u1_0.role,
        u1_0.updated_at 
    from
        users u1_0 
    where
        u1_0.email=?
2026-05-28T15:10:58.826+05:30 DEBUG 25372 --- [thundercore-erp] [nio-8080-exec-4] org.hibernate.SQL                        : 
    select
        u1_0.id,
        u1_0.active,
        u1_0.created_at,
        u1_0.email,
        u1_0.first_name,
        u1_0.last_name,
        u1_0.password,
        u1_0.role,
        u1_0.updated_at 
    from
        users u1_0 
    where
        u1_0.email=?
2026-05-28T15:10:58.932+05:30  INFO 25372 --- [thundercore-erp] [nio-8080-exec-4] c.t.erp.auth.controller.AuthController   : Successful login: admin@thundercore.com (role=SUPER_ADMIN)
2026-05-28T15:10:59.032+05:30 DEBUG 25372 --- [thundercore-erp] [nio-8080-exec-4] o.s.w.s.m.m.a.HttpEntityMethodProcessor  : Using 'application/json', given [application/json, text/plain, */*] and supported [application/json, application/*+json, application/yaml]
2026-05-28T15:10:59.055+05:30 DEBUG 25372 --- [thundercore-erp] [nio-8080-exec-4] o.s.w.s.m.m.a.HttpEntityMethodProcessor  : Writing [AuthResponse(token=eyJhbGciOiJIUzM4NCJ9.eyJzdWIiOiJhZG1pbkB0aHVuZGVyY29yZS5jb20iLCJpYXQiOjE3Nzk5NjEy (truncated)...]
2026-05-28T15:10:59.067+05:30 DEBUG 25372 --- [thundercore-erp] [nio-8080-exec-4] o.s.web.servlet.DispatcherServlet        : Completed 200 OK
2026-05-28T15:10:59.505+05:30 DEBUG 25372 --- [thundercore-erp] [nio-8080-exec-2] o.s.web.servlet.DispatcherServlet        : GET "/ws/info?t=1779961259263", parameters={masked}
2026-05-28T15:10:59.555+05:30 DEBUG 25372 --- [thundercore-erp] [nio-8080-exec-2] o.s.w.s.s.s.WebSocketHandlerMapping      : Mapped to org.springframework.web.socket.sockjs.support.SockJsHttpRequestHandler@714f3e27
2026-05-28T15:10:59.622+05:30 DEBUG 25372 --- [thundercore-erp] [nio-8080-exec-2] o.s.w.s.s.t.h.DefaultSockJsService       : Processing transport request: GET http://localhost:8080/ws/info?t=1779961259263
2026-05-28T15:10:59.683+05:30 DEBUG 25372 --- [thundercore-erp] [nio-8080-exec-7] org.hibernate.SQL                        : 
    select
        u1_0.id,
        u1_0.active,
        u1_0.created_at,
        u1_0.email,
        u1_0.first_name,
        u1_0.last_name,
        u1_0.password,
        u1_0.role,
        u1_0.updated_at 
    from
        users u1_0 
    where
        u1_0.email=?
2026-05-28T15:10:59.682+05:30 DEBUG 25372 --- [thundercore-erp] [nio-8080-exec-6] org.hibernate.SQL                        : 
    select
        u1_0.id,
        u1_0.active,
        u1_0.created_at,
        u1_0.email,
        u1_0.first_name,
        u1_0.last_name,
        u1_0.password,
        u1_0.role,
        u1_0.updated_at 
    from
        users u1_0 
    where
        u1_0.email=?
2026-05-28T15:10:59.704+05:30 DEBUG 25372 --- [thundercore-erp] [nio-8080-exec-2] o.s.web.servlet.DispatcherServlet        : Completed 200 OK
2026-05-28T15:10:59.785+05:30 DEBUG 25372 --- [thundercore-erp] [nio-8080-exec-7] o.s.web.servlet.DispatcherServlet        : GET "/api/notifications/me", parameters={}
2026-05-28T15:10:59.790+05:30 DEBUG 25372 --- [thundercore-erp] [nio-8080-exec-7] s.w.s.m.m.a.RequestMappingHandlerMapping : Mapped to com.thundercore.erp.notification.controller.NotificationController#getMyNotifications(Authentication)
2026-05-28T15:10:59.807+05:30 DEBUG 25372 --- [thundercore-erp] [nio-8080-exec-6] o.s.web.servlet.DispatcherServlet        : GET "/api/dashboard/stats", parameters={}
2026-05-28T15:10:59.810+05:30 DEBUG 25372 --- [thundercore-erp] [nio-8080-exec-6] s.w.s.m.m.a.RequestMappingHandlerMapping : Mapped to com.thundercore.erp.dashboard.controller.DashboardController#getStats()
2026-05-28T15:10:59.850+05:30 DEBUG 25372 --- [thundercore-erp] [nio-8080-exec-5] o.s.web.servlet.DispatcherServlet        : GET "/ws/269/z4unw31z/websocket", parameters={}
2026-05-28T15:10:59.853+05:30 DEBUG 25372 --- [thundercore-erp] [nio-8080-exec-5] o.s.w.s.s.s.WebSocketHandlerMapping      : Mapped to org.springframework.web.socket.sockjs.support.SockJsHttpRequestHandler@714f3e27
2026-05-28T15:10:59.883+05:30 DEBUG 25372 --- [thundercore-erp] [nio-8080-exec-7] org.hibernate.SQL                        : 
    select
        u1_0.id,
        u1_0.active,
        u1_0.created_at,
        u1_0.email,
        u1_0.first_name,
        u1_0.last_name,
        u1_0.password,
        u1_0.role,
        u1_0.updated_at 
    from
        users u1_0 
    where
        u1_0.email=?
2026-05-28T15:11:00.004+05:30 DEBUG 25372 --- [thundercore-erp] [nio-8080-exec-5] o.s.w.s.s.t.h.DefaultSockJsService       : Processing transport request: GET http://localhost:8080/ws/269/z4unw31z/websocket
2026-05-28T15:11:00.140+05:30 DEBUG 25372 --- [thundercore-erp] [nio-8080-exec-7] org.hibernate.SQL                        : 
    select
        n1_0.id,
        n1_0.created_at,
        n1_0.is_read,
        n1_0.message,
        n1_0.title,
        n1_0.user_id 
    from
        notifications n1_0 
    left join
        users u1_0 
            on u1_0.id=n1_0.user_id 
    where
        u1_0.id=? 
    order by
        n1_0.created_at desc
2026-05-28T15:11:00.215+05:30 DEBUG 25372 --- [thundercore-erp] [nio-8080-exec-7] o.s.w.s.m.m.a.HttpEntityMethodProcessor  : Using 'application/json', given [application/json, text/plain, */*] and supported [application/json, application/*+json, application/yaml]
2026-05-28T15:11:00.230+05:30 DEBUG 25372 --- [thundercore-erp] [nio-8080-exec-7] o.s.w.s.m.m.a.HttpEntityMethodProcessor  : Writing [ApiResponse(success=true, message=Notifications retrieved, data=[])]
2026-05-28T15:11:00.308+05:30 DEBUG 25372 --- [thundercore-erp] [nio-8080-exec-7] o.s.web.servlet.DispatcherServlet        : Completed 200 OK
2026-05-28T15:11:00.320+05:30 DEBUG 25372 --- [thundercore-erp] [nio-8080-exec-6] org.hibernate.SQL                        : 
    select
        p1_0.id,
        p1_0.category,
        p1_0.created_at,
        p1_0.description,
        p1_0.name,
        p1_0.quantity,
        p1_0.reorder_threshold,
        p1_0.sku,
        p1_0.supplier,
        p1_0.unit_price,
        p1_0.updated_at 
    from
        products p1_0
2026-05-28T15:11:00.364+05:30 DEBUG 25372 --- [thundercore-erp] [nio-8080-exec-5] o.s.web.servlet.DispatcherServlet        : Completed 101 SWITCHING_PROTOCOLS
2026-05-28T15:11:00.373+05:30 DEBUG 25372 --- [thundercore-erp] [nio-8080-exec-9] org.hibernate.SQL                        : 
    select
        u1_0.id,
        u1_0.active,
        u1_0.created_at,
        u1_0.email,
        u1_0.first_name,
        u1_0.last_name,
        u1_0.password,
        u1_0.role,
        u1_0.updated_at 
    from
        users u1_0 
    where
        u1_0.email=?
2026-05-28T15:11:00.406+05:30 DEBUG 25372 --- [thundercore-erp] [nio-8080-exec-9] o.s.web.servlet.DispatcherServlet        : GET "/api/notifications/me", parameters={}
2026-05-28T15:11:00.412+05:30 DEBUG 25372 --- [thundercore-erp] [nio-8080-exec-6] org.hibernate.SQL                        : 
    select
        i1_0.id,
        i1_0.created_at,
        i1_0.customer_email,
        i1_0.customer_name,
        i1_0.invoice_number,
        i1_0.net_amount,
        i1_0.notes,
        i1_0.status,
        i1_0.tax_amount,
        i1_0.total_amount,
        i1_0.updated_at 
    from
        invoices i1_0
2026-05-28T15:11:00.412+05:30 DEBUG 25372 --- [thundercore-erp] [nio-8080-exec-9] s.w.s.m.m.a.RequestMappingHandlerMapping : Mapped to com.thundercore.erp.notification.controller.NotificationController#getMyNotifications(Authentication)
2026-05-28T15:11:00.427+05:30 DEBUG 25372 --- [thundercore-erp] [nio-8080-exec-9] org.hibernate.SQL                        : 
    select
        u1_0.id,
        u1_0.active,
        u1_0.created_at,
        u1_0.email,
        u1_0.first_name,
        u1_0.last_name,
        u1_0.password,
        u1_0.role,
        u1_0.updated_at 
    from
        users u1_0 
    where
        u1_0.email=?
2026-05-28T15:11:00.433+05:30 DEBUG 25372 --- [thundercore-erp] [nio-8080-exec-9] org.hibernate.SQL                        : 
    select
        n1_0.id,
        n1_0.created_at,
        n1_0.is_read,
        n1_0.message,
        n1_0.title,
        n1_0.user_id 
    from
        notifications n1_0 
    left join
        users u1_0 
            on u1_0.id=n1_0.user_id 
    where
        u1_0.id=? 
    order by
        n1_0.created_at desc
2026-05-28T15:11:00.439+05:30 DEBUG 25372 --- [thundercore-erp] [nio-8080-exec-9] o.s.w.s.m.m.a.HttpEntityMethodProcessor  : Using 'application/json', given [application/json, text/plain, */*] and supported [application/json, application/*+json, application/yaml]
2026-05-28T15:11:00.440+05:30 DEBUG 25372 --- [thundercore-erp] [nio-8080-exec-9] o.s.w.s.m.m.a.HttpEntityMethodProcessor  : Writing [ApiResponse(success=true, message=Notifications retrieved, data=[])]
2026-05-28T15:11:00.442+05:30 DEBUG 25372 --- [thundercore-erp] [nio-8080-exec-9] o.s.web.servlet.DispatcherServlet        : Completed 200 OK
2026-05-28T15:11:00.444+05:30 DEBUG 25372 --- [thundercore-erp] [nio-8080-exec-5] s.w.s.h.LoggingWebSocketHandlerDecorator : New WebSocketServerSockJsSession[id=z4unw31z]
2026-05-28T15:11:00.535+05:30 DEBUG 25372 --- [thundercore-erp] [nio-8080-exec-6] org.hibernate.SQL                        : 
    select
        count(*) 
    from
        products p1_0
2026-05-28T15:11:00.605+05:30 DEBUG 25372 --- [thundercore-erp] [nio-8080-exec-5] org.hibernate.SQL                        : 
    select
        u1_0.id,
        u1_0.active,
        u1_0.created_at,
        u1_0.email,
        u1_0.first_name,
        u1_0.last_name,
        u1_0.password,
        u1_0.role,
        u1_0.updated_at 
    from
        users u1_0 
    where
        u1_0.email=?
2026-05-28T15:11:00.616+05:30 DEBUG 25372 --- [thundercore-erp] [nio-8080-exec-6] org.hibernate.SQL                        : 
    select
        count(*) 
    from
        employees e1_0
2026-05-28T15:11:00.632+05:30 DEBUG 25372 --- [thundercore-erp] [boundChannel-53] org.springframework.web.SimpLogging      : Processing CONNECT user=admin@thundercore.com session=z4unw31z
2026-05-28T15:11:00.697+05:30 DEBUG 25372 --- [thundercore-erp] [boundChannel-57] org.springframework.web.SimpLogging      : Processing SUBSCRIBE destination=/queue/notifications-userz4unw31z subscriptionId=sub-0 session=z4unw31z user=admin@thundercore.com payload=byte[0]
2026-05-28T15:11:00.698+05:30 DEBUG 25372 --- [thundercore-erp] [boundChannel-59] org.springframework.web.SimpLogging      : Processing SUBSCRIBE /topic/dashboard id=sub-1 session=z4unw31z
2026-05-28T15:11:00.829+05:30 DEBUG 25372 --- [thundercore-erp] [nio-8080-exec-6] org.hibernate.SQL                        : 
    select
        count(*) 
    from
        invoices i1_0
2026-05-28T15:11:00.836+05:30 DEBUG 25372 --- [thundercore-erp] [nio-8080-exec-6] org.hibernate.SQL                        : 
    select
        count(*) 
    from
        users u1_0
2026-05-28T15:11:00.852+05:30 DEBUG 25372 --- [thundercore-erp] [nio-8080-exec-6] org.hibernate.SQL                        : 
    select
        count(*) 
    from
        customers c1_0
2026-05-28T15:11:00.874+05:30 DEBUG 25372 --- [thundercore-erp] [nio-8080-exec-6] org.hibernate.SQL                        : 
    select
        count(*) 
    from
        sale_orders so1_0
2026-05-28T15:11:00.890+05:30 DEBUG 25372 --- [thundercore-erp] [nio-8080-exec-6] org.hibernate.SQL                        : 
    select
        coalesce(sum(i1_0.net_amount), 0) 
    from
        invoices i1_0 
    where
        i1_0.status=?
2026-05-28T15:11:00.951+05:30 DEBUG 25372 --- [thundercore-erp] [nio-8080-exec-6] org.hibernate.SQL                        : 
    select
        count(i1_0.id) 
    from
        invoices i1_0 
    where
        i1_0.status=?
2026-05-28T15:11:00.966+05:30 DEBUG 25372 --- [thundercore-erp] [nio-8080-exec-6] o.s.w.s.m.m.a.HttpEntityMethodProcessor  : Using 'application/json', given [application/json, text/plain, */*] and supported [application/json, application/*+json, application/yaml]
2026-05-28T15:11:00.968+05:30 DEBUG 25372 --- [thundercore-erp] [nio-8080-exec-6] o.s.w.s.m.m.a.HttpEntityMethodProcessor  : Writing [ApiResponse(success=true, message=Dashboard stats retrieved, data={totalProducts=0, totalEmployees=0 (truncated)...]
2026-05-28T15:11:00.975+05:30 DEBUG 25372 --- [thundercore-erp] [nio-8080-exec-6] o.s.web.servlet.DispatcherServlet        : Completed 200 OK
2026-05-28T15:11:01.028+05:30 DEBUG 25372 --- [thundercore-erp] [nio-8080-exec-1] org.hibernate.SQL                        : 
    select
        u1_0.id,
        u1_0.active,
        u1_0.created_at,
        u1_0.email,
        u1_0.first_name,
        u1_0.last_name,
        u1_0.password,
        u1_0.role,
        u1_0.updated_at 
    from
        users u1_0 
    where
        u1_0.email=?
2026-05-28T15:11:01.036+05:30 DEBUG 25372 --- [thundercore-erp] [nio-8080-exec-1] o.s.web.servlet.DispatcherServlet        : GET "/api/dashboard/stats", parameters={}
2026-05-28T15:11:01.038+05:30 DEBUG 25372 --- [thundercore-erp] [nio-8080-exec-1] s.w.s.m.m.a.RequestMappingHandlerMapping : Mapped to com.thundercore.erp.dashboard.controller.DashboardController#getStats()
2026-05-28T15:11:01.044+05:30 DEBUG 25372 --- [thundercore-erp] [nio-8080-exec-1] org.hibernate.SQL                        : 
    select
        p1_0.id,
        p1_0.category,
        p1_0.created_at,
        p1_0.description,
        p1_0.name,
        p1_0.quantity,
        p1_0.reorder_threshold,
        p1_0.sku,
        p1_0.supplier,
        p1_0.unit_price,
        p1_0.updated_at 
    from
        products p1_0
2026-05-28T15:11:01.056+05:30 DEBUG 25372 --- [thundercore-erp] [nio-8080-exec-1] org.hibernate.SQL                        : 
    select
        i1_0.id,
        i1_0.created_at,
        i1_0.customer_email,
        i1_0.customer_name,
        i1_0.invoice_number,
        i1_0.net_amount,
        i1_0.notes,
        i1_0.status,
        i1_0.tax_amount,
        i1_0.total_amount,
        i1_0.updated_at 
    from
        invoices i1_0
2026-05-28T15:11:01.067+05:30 DEBUG 25372 --- [thundercore-erp] [nio-8080-exec-1] org.hibernate.SQL                        : 
    select
        count(*) 
    from
        products p1_0
2026-05-28T15:11:01.073+05:30 DEBUG 25372 --- [thundercore-erp] [nio-8080-exec-1] org.hibernate.SQL                        : 
    select
        count(*) 
    from
        employees e1_0
2026-05-28T15:11:01.078+05:30 DEBUG 25372 --- [thundercore-erp] [nio-8080-exec-1] org.hibernate.SQL                        : 
    select
        count(*) 
    from
        invoices i1_0
2026-05-28T15:11:01.081+05:30 DEBUG 25372 --- [thundercore-erp] [nio-8080-exec-1] org.hibernate.SQL                        : 
    select
        count(*) 
    from
        users u1_0
2026-05-28T15:11:01.087+05:30 DEBUG 25372 --- [thundercore-erp] [nio-8080-exec-1] org.hibernate.SQL                        : 
    select
        count(*) 
    from
        customers c1_0
2026-05-28T15:11:01.096+05:30 DEBUG 25372 --- [thundercore-erp] [nio-8080-exec-1] org.hibernate.SQL                        : 
    select
        count(*) 
    from
        sale_orders so1_0
2026-05-28T15:11:01.104+05:30 DEBUG 25372 --- [thundercore-erp] [nio-8080-exec-1] org.hibernate.SQL                        : 
    select
        coalesce(sum(i1_0.net_amount), 0) 
    from
        invoices i1_0 
    where
        i1_0.status=?
2026-05-28T15:11:01.119+05:30 DEBUG 25372 --- [thundercore-erp] [nio-8080-exec-1] org.hibernate.SQL                        : 
    select
        count(i1_0.id) 
    from
        invoices i1_0 
    where
        i1_0.status=?
2026-05-28T15:11:01.125+05:30 DEBUG 25372 --- [thundercore-erp] [nio-8080-exec-1] o.s.w.s.m.m.a.HttpEntityMethodProcessor  : Using 'application/json', given [application/json, text/plain, */*] and supported [application/json, application/*+json, application/yaml]
2026-05-28T15:11:01.128+05:30 DEBUG 25372 --- [thundercore-erp] [nio-8080-exec-1] o.s.w.s.m.m.a.HttpEntityMethodProcessor  : Writing [ApiResponse(success=true, message=Dashboard stats retrieved, data={totalProducts=0, totalEmployees=0 (truncated)...]
2026-05-28T15:11:01.132+05:30 DEBUG 25372 --- [thundercore-erp] [nio-8080-exec-1] o.s.web.servlet.DispatcherServlet        : Completed 200 OK
2026-05-28T15:11:37.274+05:30 DEBUG 25372 --- [thundercore-erp] [nio-8080-exec-8] org.hibernate.SQL                        : 
    select
        u1_0.id,
        u1_0.active,
        u1_0.created_at,
        u1_0.email,
        u1_0.first_name,
        u1_0.last_name,
        u1_0.password,
        u1_0.role,
        u1_0.updated_at 
    from
        users u1_0 
    where
        u1_0.email=?
2026-05-28T15:11:37.274+05:30 DEBUG 25372 --- [thundercore-erp] [io-8080-exec-10] org.hibernate.SQL                        : 
    select
        u1_0.id,
        u1_0.active,
        u1_0.created_at,
        u1_0.email,
        u1_0.first_name,
        u1_0.last_name,
        u1_0.password,
        u1_0.role,
        u1_0.updated_at 
    from
        users u1_0 
    where
        u1_0.email=?
2026-05-28T15:11:37.293+05:30 DEBUG 25372 --- [thundercore-erp] [nio-8080-exec-8] o.s.web.servlet.DispatcherServlet        : GET "/api/notifications/me", parameters={}
2026-05-28T15:11:37.293+05:30 DEBUG 25372 --- [thundercore-erp] [io-8080-exec-10] o.s.web.servlet.DispatcherServlet        : GET "/api/dashboard/stats", parameters={}
2026-05-28T15:11:37.311+05:30 DEBUG 25372 --- [thundercore-erp] [nio-8080-exec-4] o.s.web.servlet.DispatcherServlet        : GET "/ws/info?t=1779961297296", parameters={masked}
2026-05-28T15:11:37.686+05:30 DEBUG 25372 --- [thundercore-erp] [io-8080-exec-10] s.w.s.m.m.a.RequestMappingHandlerMapping : Mapped to com.thundercore.erp.dashboard.controller.DashboardController#getStats()
2026-05-28T15:11:37.685+05:30 DEBUG 25372 --- [thundercore-erp] [nio-8080-exec-8] s.w.s.m.m.a.RequestMappingHandlerMapping : Mapped to com.thundercore.erp.notification.controller.NotificationController#getMyNotifications(Authentication)
2026-05-28T15:11:37.687+05:30 DEBUG 25372 --- [thundercore-erp] [nio-8080-exec-4] o.s.w.s.s.s.WebSocketHandlerMapping      : Mapped to org.springframework.web.socket.sockjs.support.SockJsHttpRequestHandler@714f3e27
2026-05-28T15:11:37.688+05:30 DEBUG 25372 --- [thundercore-erp] [io-8080-exec-10] org.hibernate.SQL                        : 
    select
        p1_0.id,
        p1_0.category,
        p1_0.created_at,
        p1_0.description,
        p1_0.name,
        p1_0.quantity,
        p1_0.reorder_threshold,
        p1_0.sku,
        p1_0.supplier,
        p1_0.unit_price,
        p1_0.updated_at 
    from
        products p1_0
2026-05-28T15:11:37.690+05:30 DEBUG 25372 --- [thundercore-erp] [nio-8080-exec-8] org.hibernate.SQL                        : 
    select
        u1_0.id,
        u1_0.active,
        u1_0.created_at,
        u1_0.email,
        u1_0.first_name,
        u1_0.last_name,
        u1_0.password,
        u1_0.role,
        u1_0.updated_at 
    from
        users u1_0 
    where
        u1_0.email=?
2026-05-28T15:11:37.690+05:30 DEBUG 25372 --- [thundercore-erp] [nio-8080-exec-4] o.s.w.s.s.t.h.DefaultSockJsService       : Processing transport request: GET http://localhost:8080/ws/info?t=1779961297296
2026-05-28T15:11:37.693+05:30 DEBUG 25372 --- [thundercore-erp] [nio-8080-exec-4] o.s.web.servlet.DispatcherServlet        : Completed 200 OK
2026-05-28T15:11:37.695+05:30 DEBUG 25372 --- [thundercore-erp] [io-8080-exec-10] org.hibernate.SQL                        : 
    select
        i1_0.id,
        i1_0.created_at,
        i1_0.customer_email,
        i1_0.customer_name,
        i1_0.invoice_number,
        i1_0.net_amount,
        i1_0.notes,
        i1_0.status,
        i1_0.tax_amount,
        i1_0.total_amount,
        i1_0.updated_at 
    from
        invoices i1_0
2026-05-28T15:11:37.696+05:30 DEBUG 25372 --- [thundercore-erp] [nio-8080-exec-8] org.hibernate.SQL                        : 
    select
        n1_0.id,
        n1_0.created_at,
        n1_0.is_read,
        n1_0.message,
        n1_0.title,
        n1_0.user_id 
    from
        notifications n1_0 
    left join
        users u1_0 
            on u1_0.id=n1_0.user_id 
    where
        u1_0.id=? 
    order by
        n1_0.created_at desc
2026-05-28T15:11:37.700+05:30 DEBUG 25372 --- [thundercore-erp] [io-8080-exec-10] org.hibernate.SQL                        : 
    select
        count(*) 
    from
        products p1_0
2026-05-28T15:11:37.706+05:30 DEBUG 25372 --- [thundercore-erp] [io-8080-exec-10] org.hibernate.SQL                        : 
    select
        count(*) 
    from
        employees e1_0
2026-05-28T15:11:37.708+05:30 DEBUG 25372 --- [thundercore-erp] [nio-8080-exec-8] o.s.w.s.m.m.a.HttpEntityMethodProcessor  : Using 'application/json', given [application/json, text/plain, */*] and supported [application/json, application/*+json, application/yaml]
2026-05-28T15:11:37.716+05:30 DEBUG 25372 --- [thundercore-erp] [nio-8080-exec-8] o.s.w.s.m.m.a.HttpEntityMethodProcessor  : Writing [ApiResponse(success=true, message=Notifications retrieved, data=[])]
2026-05-28T15:11:37.719+05:30 DEBUG 25372 --- [thundercore-erp] [io-8080-exec-10] org.hibernate.SQL                        : 
    select
        count(*) 
    from
        invoices i1_0
2026-05-28T15:11:37.722+05:30 DEBUG 25372 --- [thundercore-erp] [nio-8080-exec-8] o.s.web.servlet.DispatcherServlet        : Completed 200 OK
2026-05-28T15:11:37.726+05:30 DEBUG 25372 --- [thundercore-erp] [io-8080-exec-10] org.hibernate.SQL                        : 
    select
        count(*) 
    from
        users u1_0
2026-05-28T15:11:37.736+05:30 DEBUG 25372 --- [thundercore-erp] [io-8080-exec-10] org.hibernate.SQL                        : 
    select
        count(*) 
    from
        customers c1_0
2026-05-28T15:11:37.738+05:30 DEBUG 25372 --- [thundercore-erp] [nio-8080-exec-2] o.s.web.servlet.DispatcherServlet        : GET "/ws/139/to1jsi0o/websocket", parameters={}
2026-05-28T15:11:37.740+05:30 DEBUG 25372 --- [thundercore-erp] [nio-8080-exec-2] o.s.w.s.s.s.WebSocketHandlerMapping      : Mapped to org.springframework.web.socket.sockjs.support.SockJsHttpRequestHandler@714f3e27
2026-05-28T15:11:37.740+05:30 DEBUG 25372 --- [thundercore-erp] [io-8080-exec-10] org.hibernate.SQL                        : 
    select
        count(*) 
    from
        sale_orders so1_0
2026-05-28T15:11:37.741+05:30 DEBUG 25372 --- [thundercore-erp] [nio-8080-exec-2] o.s.w.s.s.t.h.DefaultSockJsService       : Processing transport request: GET http://localhost:8080/ws/139/to1jsi0o/websocket
2026-05-28T15:11:37.747+05:30 DEBUG 25372 --- [thundercore-erp] [io-8080-exec-10] org.hibernate.SQL                        : 
    select
        coalesce(sum(i1_0.net_amount), 0) 
    from
        invoices i1_0 
    where
        i1_0.status=?
2026-05-28T15:11:37.747+05:30 DEBUG 25372 --- [thundercore-erp] [nio-8080-exec-2] o.s.web.servlet.DispatcherServlet        : Completed 101 SWITCHING_PROTOCOLS
2026-05-28T15:11:37.752+05:30 DEBUG 25372 --- [thundercore-erp] [nio-8080-exec-2] s.w.s.h.LoggingWebSocketHandlerDecorator : New WebSocketServerSockJsSession[id=to1jsi0o]
2026-05-28T15:11:37.753+05:30 DEBUG 25372 --- [thundercore-erp] [io-8080-exec-10] org.hibernate.SQL                        : 
    select
        count(i1_0.id) 
    from
        invoices i1_0 
    where
        i1_0.status=?
2026-05-28T15:11:37.753+05:30 DEBUG 25372 --- [thundercore-erp] [nio-8080-exec-7] org.hibernate.SQL                        : 
    select
        u1_0.id,
        u1_0.active,
        u1_0.created_at,
        u1_0.email,
        u1_0.first_name,
        u1_0.last_name,
        u1_0.password,
        u1_0.role,
        u1_0.updated_at 
    from
        users u1_0 
    where
        u1_0.email=?
2026-05-28T15:11:37.759+05:30 DEBUG 25372 --- [thundercore-erp] [io-8080-exec-10] o.s.w.s.m.m.a.HttpEntityMethodProcessor  : Using 'application/json', given [application/json, text/plain, */*] and supported [application/json, application/*+json, application/yaml]
2026-05-28T15:11:37.762+05:30 DEBUG 25372 --- [thundercore-erp] [io-8080-exec-10] o.s.w.s.m.m.a.HttpEntityMethodProcessor  : Writing [ApiResponse(success=true, message=Dashboard stats retrieved, data={totalProducts=0, totalEmployees=0 (truncated)...]
2026-05-28T15:11:37.766+05:30 DEBUG 25372 --- [thundercore-erp] [nio-8080-exec-7] o.s.web.servlet.DispatcherServlet        : GET "/api/notifications/me", parameters={}
2026-05-28T15:11:37.766+05:30 DEBUG 25372 --- [thundercore-erp] [io-8080-exec-10] o.s.web.servlet.DispatcherServlet        : Completed 200 OK
2026-05-28T15:11:37.769+05:30 DEBUG 25372 --- [thundercore-erp] [nio-8080-exec-7] s.w.s.m.m.a.RequestMappingHandlerMapping : Mapped to com.thundercore.erp.notification.controller.NotificationController#getMyNotifications(Authentication)
2026-05-28T15:11:37.771+05:30 DEBUG 25372 --- [thundercore-erp] [nio-8080-exec-9] org.hibernate.SQL                        : 
    select
        u1_0.id,
        u1_0.active,
        u1_0.created_at,
        u1_0.email,
        u1_0.first_name,
        u1_0.last_name,
        u1_0.password,
        u1_0.role,
        u1_0.updated_at 
    from
        users u1_0 
    where
        u1_0.email=?
2026-05-28T15:11:37.778+05:30 DEBUG 25372 --- [thundercore-erp] [nio-8080-exec-7] org.hibernate.SQL                        : 
    select
        u1_0.id,
        u1_0.active,
        u1_0.created_at,
        u1_0.email,
        u1_0.first_name,
        u1_0.last_name,
        u1_0.password,
        u1_0.role,
        u1_0.updated_at 
    from
        users u1_0 
    where
        u1_0.email=?
2026-05-28T15:11:37.793+05:30 DEBUG 25372 --- [thundercore-erp] [boundChannel-62] org.springframework.web.SimpLogging      : Processing CONNECT user=admin@thundercore.com session=to1jsi0o
2026-05-28T15:11:37.796+05:30 DEBUG 25372 --- [thundercore-erp] [nio-8080-exec-5] org.hibernate.SQL                        : 
    select
        u1_0.id,
        u1_0.active,
        u1_0.created_at,
        u1_0.email,
        u1_0.first_name,
        u1_0.last_name,
        u1_0.password,
        u1_0.role,
        u1_0.updated_at 
    from
        users u1_0 
    where
        u1_0.email=?
2026-05-28T15:11:37.796+05:30 DEBUG 25372 --- [thundercore-erp] [nio-8080-exec-7] org.hibernate.SQL                        : 
    select
        n1_0.id,
        n1_0.created_at,
        n1_0.is_read,
        n1_0.message,
        n1_0.title,
        n1_0.user_id 
    from
        notifications n1_0 
    left join
        users u1_0 
            on u1_0.id=n1_0.user_id 
    where
        u1_0.id=? 
    order by
        n1_0.created_at desc
2026-05-28T15:11:37.801+05:30 DEBUG 25372 --- [thundercore-erp] [nio-8080-exec-7] o.s.w.s.m.m.a.HttpEntityMethodProcessor  : Using 'application/json', given [application/json, text/plain, */*] and supported [application/json, application/*+json, application/yaml]
2026-05-28T15:11:37.802+05:30 DEBUG 25372 --- [thundercore-erp] [nio-8080-exec-7] o.s.w.s.m.m.a.HttpEntityMethodProcessor  : Writing [ApiResponse(success=true, message=Notifications retrieved, data=[])]
2026-05-28T15:11:37.802+05:30 DEBUG 25372 --- [thundercore-erp] [nio-8080-exec-5] o.s.web.servlet.DispatcherServlet        : GET "/api/dashboard/stats", parameters={}
2026-05-28T15:11:37.804+05:30 DEBUG 25372 --- [thundercore-erp] [nio-8080-exec-7] o.s.web.servlet.DispatcherServlet        : Completed 200 OK
2026-05-28T15:11:37.804+05:30 DEBUG 25372 --- [thundercore-erp] [nio-8080-exec-5] s.w.s.m.m.a.RequestMappingHandlerMapping : Mapped to com.thundercore.erp.dashboard.controller.DashboardController#getStats()
2026-05-28T15:11:37.808+05:30 DEBUG 25372 --- [thundercore-erp] [nio-8080-exec-5] org.hibernate.SQL                        : 
    select
        p1_0.id,
        p1_0.category,
        p1_0.created_at,
        p1_0.description,
        p1_0.name,
        p1_0.quantity,
        p1_0.reorder_threshold,
        p1_0.sku,
        p1_0.supplier,
        p1_0.unit_price,
        p1_0.updated_at 
    from
        products p1_0
2026-05-28T15:11:37.814+05:30 DEBUG 25372 --- [thundercore-erp] [nio-8080-exec-5] org.hibernate.SQL                        : 
    select
        i1_0.id,
        i1_0.created_at,
        i1_0.customer_email,
        i1_0.customer_name,
        i1_0.invoice_number,
        i1_0.net_amount,
        i1_0.notes,
        i1_0.status,
        i1_0.tax_amount,
        i1_0.total_amount,
        i1_0.updated_at 
    from
        invoices i1_0
2026-05-28T15:11:37.823+05:30 DEBUG 25372 --- [thundercore-erp] [nio-8080-exec-5] org.hibernate.SQL                        : 
    select
        count(*) 
    from
        products p1_0
2026-05-28T15:11:37.834+05:30 DEBUG 25372 --- [thundercore-erp] [boundChannel-66] org.springframework.web.SimpLogging      : Processing SUBSCRIBE destination=/queue/notifications-userto1jsi0o subscriptionId=sub-0 session=to1jsi0o user=admin@thundercore.com payload=byte[0]
2026-05-28T15:11:37.834+05:30 DEBUG 25372 --- [thundercore-erp] [boundChannel-52] org.springframework.web.SimpLogging      : Processing SUBSCRIBE /topic/dashboard id=sub-1 session=to1jsi0o
2026-05-28T15:11:37.847+05:30 DEBUG 25372 --- [thundercore-erp] [nio-8080-exec-5] org.hibernate.SQL                        : 
    select
        count(*) 
    from
        employees e1_0
2026-05-28T15:11:37.854+05:30 DEBUG 25372 --- [thundercore-erp] [nio-8080-exec-5] org.hibernate.SQL                        : 
    select
        count(*) 
    from
        invoices i1_0
2026-05-28T15:11:37.859+05:30 DEBUG 25372 --- [thundercore-erp] [nio-8080-exec-5] org.hibernate.SQL                        : 
    select
        count(*) 
    from
        users u1_0
2026-05-28T15:11:37.868+05:30 DEBUG 25372 --- [thundercore-erp] [nio-8080-exec-5] org.hibernate.SQL                        : 
    select
        count(*) 
    from
        customers c1_0
2026-05-28T15:11:37.874+05:30 DEBUG 25372 --- [thundercore-erp] [nio-8080-exec-5] org.hibernate.SQL                        : 
    select
        count(*) 
    from
        sale_orders so1_0
2026-05-28T15:11:37.885+05:30 DEBUG 25372 --- [thundercore-erp] [nio-8080-exec-5] org.hibernate.SQL                        : 
    select
        coalesce(sum(i1_0.net_amount), 0) 
    from
        invoices i1_0 
    where
        i1_0.status=?
2026-05-28T15:11:37.898+05:30 DEBUG 25372 --- [thundercore-erp] [nio-8080-exec-5] org.hibernate.SQL                        : 
    select
        count(i1_0.id) 
    from
        invoices i1_0 
    where
        i1_0.status=?
2026-05-28T15:11:37.916+05:30 DEBUG 25372 --- [thundercore-erp] [nio-8080-exec-5] o.s.w.s.m.m.a.HttpEntityMethodProcessor  : Using 'application/json', given [application/json, text/plain, */*] and supported [application/json, application/*+json, application/yaml]
2026-05-28T15:11:37.919+05:30 DEBUG 25372 --- [thundercore-erp] [nio-8080-exec-5] o.s.w.s.m.m.a.HttpEntityMethodProcessor  : Writing [ApiResponse(success=true, message=Dashboard stats retrieved, data={totalProducts=0, totalEmployees=0 (truncated)...]
2026-05-28T15:11:37.922+05:30 DEBUG 25372 --- [thundercore-erp] [nio-8080-exec-5] o.s.web.servlet.DispatcherServlet        : Completed 200 OK
2026-05-28T15:12:02.265+05:30 DEBUG 25372 --- [thundercore-erp] [nio-8080-exec-6] o.s.web.servlet.DispatcherServlet        : POST "/api/auth/login", parameters={}
2026-05-28T15:12:02.269+05:30 DEBUG 25372 --- [thundercore-erp] [nio-8080-exec-6] s.w.s.m.m.a.RequestMappingHandlerMapping : Mapped to com.thundercore.erp.auth.controller.AuthController#login(AuthRequest)
2026-05-28T15:12:02.276+05:30 DEBUG 25372 --- [thundercore-erp] [nio-8080-exec-6] m.m.a.RequestResponseBodyMethodProcessor : Read "application/json;charset=UTF-8" to [AuthRequest(email=admin@thundercore.com, password=Admin@123)]
2026-05-28T15:12:02.289+05:30 DEBUG 25372 --- [thundercore-erp] [nio-8080-exec-6] org.hibernate.SQL                        : 
    select
        u1_0.id,
        u1_0.active,
        u1_0.created_at,
        u1_0.email,
        u1_0.first_name,
        u1_0.last_name,
        u1_0.password,
        u1_0.role,
        u1_0.updated_at 
    from
        users u1_0 
    where
        u1_0.email=?
2026-05-28T15:12:02.424+05:30 DEBUG 25372 --- [thundercore-erp] [nio-8080-exec-6] org.hibernate.SQL                        : 
    select
        u1_0.id,
        u1_0.active,
        u1_0.created_at,
        u1_0.email,
        u1_0.first_name,
        u1_0.last_name,
        u1_0.password,
        u1_0.role,
        u1_0.updated_at 
    from
        users u1_0 
    where
        u1_0.email=?
2026-05-28T15:12:02.430+05:30 DEBUG 25372 --- [thundercore-erp] [nio-8080-exec-6] org.hibernate.SQL                        : 
    select
        u1_0.id,
        u1_0.active,
        u1_0.created_at,
        u1_0.email,
        u1_0.first_name,
        u1_0.last_name,
        u1_0.password,
        u1_0.role,
        u1_0.updated_at 
    from
        users u1_0 
    where
        u1_0.email=?
2026-05-28T15:12:02.436+05:30  INFO 25372 --- [thundercore-erp] [nio-8080-exec-6] c.t.erp.auth.controller.AuthController   : Successful login: admin@thundercore.com (role=SUPER_ADMIN)
2026-05-28T15:12:02.439+05:30 DEBUG 25372 --- [thundercore-erp] [nio-8080-exec-6] o.s.w.s.m.m.a.HttpEntityMethodProcessor  : Using 'application/json', given [application/json, text/plain, */*] and supported [application/json, application/*+json, application/yaml]
2026-05-28T15:12:02.442+05:30 DEBUG 25372 --- [thundercore-erp] [nio-8080-exec-6] o.s.w.s.m.m.a.HttpEntityMethodProcessor  : Writing [AuthResponse(token=eyJhbGciOiJIUzM4NCJ9.eyJzdWIiOiJhZG1pbkB0aHVuZGVyY29yZS5jb20iLCJpYXQiOjE3Nzk5NjEz (truncated)...]
2026-05-28T15:12:02.451+05:30 DEBUG 25372 --- [thundercore-erp] [nio-8080-exec-6] o.s.web.servlet.DispatcherServlet        : Completed 200 OK
2026-05-28T15:12:02.679+05:30 DEBUG 25372 --- [thundercore-erp] [nio-8080-exec-1] org.hibernate.SQL                        : 
    select
        u1_0.id,
        u1_0.active,
        u1_0.created_at,
        u1_0.email,
        u1_0.first_name,
        u1_0.last_name,
        u1_0.password,
        u1_0.role,
        u1_0.updated_at 
    from
        users u1_0 
    where
        u1_0.email=?
2026-05-28T15:12:02.686+05:30 DEBUG 25372 --- [thundercore-erp] [nio-8080-exec-1] o.s.web.servlet.DispatcherServlet        : GET "/api/dashboard/stats", parameters={}
2026-05-28T15:12:02.686+05:30 DEBUG 25372 --- [thundercore-erp] [nio-8080-exec-8] o.s.web.servlet.DispatcherServlet        : GET "/ws/info?t=1779961322574", parameters={masked}
2026-05-28T15:12:02.687+05:30 DEBUG 25372 --- [thundercore-erp] [nio-8080-exec-4] org.hibernate.SQL                        : 
    select
        u1_0.id,
        u1_0.active,
        u1_0.created_at,
        u1_0.email,
        u1_0.first_name,
        u1_0.last_name,
        u1_0.password,
        u1_0.role,
        u1_0.updated_at 
    from
        users u1_0 
    where
        u1_0.email=?
2026-05-28T15:12:02.688+05:30 DEBUG 25372 --- [thundercore-erp] [nio-8080-exec-1] s.w.s.m.m.a.RequestMappingHandlerMapping : Mapped to com.thundercore.erp.dashboard.controller.DashboardController#getStats()
2026-05-28T15:12:02.689+05:30 DEBUG 25372 --- [thundercore-erp] [nio-8080-exec-8] o.s.w.s.s.s.WebSocketHandlerMapping      : Mapped to org.springframework.web.socket.sockjs.support.SockJsHttpRequestHandler@714f3e27
2026-05-28T15:12:02.707+05:30 DEBUG 25372 --- [thundercore-erp] [nio-8080-exec-8] o.s.w.s.s.t.h.DefaultSockJsService       : Processing transport request: GET http://localhost:8080/ws/info?t=1779961322574
2026-05-28T15:12:02.717+05:30 DEBUG 25372 --- [thundercore-erp] [nio-8080-exec-8] o.s.web.servlet.DispatcherServlet        : Completed 200 OK
2026-05-28T15:12:02.709+05:30 DEBUG 25372 --- [thundercore-erp] [nio-8080-exec-4] o.s.web.servlet.DispatcherServlet        : GET "/api/notifications/me", parameters={}
2026-05-28T15:12:02.717+05:30 DEBUG 25372 --- [thundercore-erp] [nio-8080-exec-1] org.hibernate.SQL                        : 
    select
        p1_0.id,
        p1_0.category,
        p1_0.created_at,
        p1_0.description,
        p1_0.name,
        p1_0.quantity,
        p1_0.reorder_threshold,
        p1_0.sku,
        p1_0.supplier,
        p1_0.unit_price,
        p1_0.updated_at 
    from
        products p1_0
2026-05-28T15:12:02.721+05:30 DEBUG 25372 --- [thundercore-erp] [nio-8080-exec-4] s.w.s.m.m.a.RequestMappingHandlerMapping : Mapped to com.thundercore.erp.notification.controller.NotificationController#getMyNotifications(Authentication)
2026-05-28T15:12:02.734+05:30 DEBUG 25372 --- [thundercore-erp] [nio-8080-exec-4] org.hibernate.SQL                        : 
    select
        u1_0.id,
        u1_0.active,
        u1_0.created_at,
        u1_0.email,
        u1_0.first_name,
        u1_0.last_name,
        u1_0.password,
        u1_0.role,
        u1_0.updated_at 
    from
        users u1_0 
    where
        u1_0.email=?
2026-05-28T15:12:02.736+05:30 DEBUG 25372 --- [thundercore-erp] [nio-8080-exec-1] org.hibernate.SQL                        : 
    select
        i1_0.id,
        i1_0.created_at,
        i1_0.customer_email,
        i1_0.customer_name,
        i1_0.invoice_number,
        i1_0.net_amount,
        i1_0.notes,
        i1_0.status,
        i1_0.tax_amount,
        i1_0.total_amount,
        i1_0.updated_at 
    from
        invoices i1_0
2026-05-28T15:12:02.748+05:30 DEBUG 25372 --- [thundercore-erp] [nio-8080-exec-1] org.hibernate.SQL                        : 
    select
        count(*) 
    from
        products p1_0
2026-05-28T15:12:02.765+05:30 DEBUG 25372 --- [thundercore-erp] [nio-8080-exec-1] org.hibernate.SQL                        : 
    select
        count(*) 
    from
        employees e1_0
2026-05-28T15:12:02.766+05:30 DEBUG 25372 --- [thundercore-erp] [nio-8080-exec-2] o.s.web.servlet.DispatcherServlet        : GET "/ws/461/c5pxqnwn/websocket", parameters={}
2026-05-28T15:12:02.769+05:30 DEBUG 25372 --- [thundercore-erp] [nio-8080-exec-2] o.s.w.s.s.s.WebSocketHandlerMapping      : Mapped to org.springframework.web.socket.sockjs.support.SockJsHttpRequestHandler@714f3e27
2026-05-28T15:12:02.769+05:30 DEBUG 25372 --- [thundercore-erp] [nio-8080-exec-1] org.hibernate.SQL                        : 
    select
        count(*) 
    from
        invoices i1_0
2026-05-28T15:12:02.771+05:30 DEBUG 25372 --- [thundercore-erp] [nio-8080-exec-2] o.s.w.s.s.t.h.DefaultSockJsService       : Processing transport request: GET http://localhost:8080/ws/461/c5pxqnwn/websocket
2026-05-28T15:12:02.774+05:30 DEBUG 25372 --- [thundercore-erp] [nio-8080-exec-1] org.hibernate.SQL                        : 
    select
        count(*) 
    from
        users u1_0
2026-05-28T15:12:02.776+05:30 DEBUG 25372 --- [thundercore-erp] [nio-8080-exec-2] o.s.web.servlet.DispatcherServlet        : Completed 101 SWITCHING_PROTOCOLS
2026-05-28T15:12:02.777+05:30 DEBUG 25372 --- [thundercore-erp] [nio-8080-exec-1] org.hibernate.SQL                        : 
    select
        count(*) 
    from
        customers c1_0
2026-05-28T15:12:02.777+05:30 DEBUG 25372 --- [thundercore-erp] [nio-8080-exec-4] org.hibernate.SQL                        : 
    select
        n1_0.id,
        n1_0.created_at,
        n1_0.is_read,
        n1_0.message,
        n1_0.title,
        n1_0.user_id 
    from
        notifications n1_0 
    left join
        users u1_0 
            on u1_0.id=n1_0.user_id 
    where
        u1_0.id=? 
    order by
        n1_0.created_at desc
2026-05-28T15:12:02.780+05:30 DEBUG 25372 --- [thundercore-erp] [nio-8080-exec-2] s.w.s.h.LoggingWebSocketHandlerDecorator : New WebSocketServerSockJsSession[id=c5pxqnwn]
2026-05-28T15:12:02.780+05:30 DEBUG 25372 --- [thundercore-erp] [nio-8080-exec-1] org.hibernate.SQL                        : 
    select
        count(*) 
    from
        sale_orders so1_0
2026-05-28T15:12:02.782+05:30 DEBUG 25372 --- [thundercore-erp] [nio-8080-exec-4] o.s.w.s.m.m.a.HttpEntityMethodProcessor  : Using 'application/json', given [application/json, text/plain, */*] and supported [application/json, application/*+json, application/yaml]
2026-05-28T15:12:02.785+05:30 DEBUG 25372 --- [thundercore-erp] [nio-8080-exec-4] o.s.w.s.m.m.a.HttpEntityMethodProcessor  : Writing [ApiResponse(success=true, message=Notifications retrieved, data=[])]
2026-05-28T15:12:02.786+05:30 DEBUG 25372 --- [thundercore-erp] [nio-8080-exec-1] org.hibernate.SQL                        : 
    select
        coalesce(sum(i1_0.net_amount), 0) 
    from
        invoices i1_0 
    where
        i1_0.status=?
2026-05-28T15:12:02.789+05:30 DEBUG 25372 --- [thundercore-erp] [nio-8080-exec-4] o.s.web.servlet.DispatcherServlet        : Completed 200 OK
2026-05-28T15:12:02.804+05:30 DEBUG 25372 --- [thundercore-erp] [nio-8080-exec-1] org.hibernate.SQL                        : 
    select
        count(i1_0.id) 
    from
        invoices i1_0 
    where
        i1_0.status=?
2026-05-28T15:12:02.824+05:30 DEBUG 25372 --- [thundercore-erp] [nio-8080-exec-1] o.s.w.s.m.m.a.HttpEntityMethodProcessor  : Using 'application/json', given [application/json, text/plain, */*] and supported [application/json, application/*+json, application/yaml]
2026-05-28T15:12:02.826+05:30 DEBUG 25372 --- [thundercore-erp] [nio-8080-exec-1] o.s.w.s.m.m.a.HttpEntityMethodProcessor  : Writing [ApiResponse(success=true, message=Dashboard stats retrieved, data={totalProducts=0, totalEmployees=0 (truncated)...]
2026-05-28T15:12:02.828+05:30 DEBUG 25372 --- [thundercore-erp] [io-8080-exec-10] org.hibernate.SQL                        : 
    select
        u1_0.id,
        u1_0.active,
        u1_0.created_at,
        u1_0.email,
        u1_0.first_name,
        u1_0.last_name,
        u1_0.password,
        u1_0.role,
        u1_0.updated_at 
    from
        users u1_0 
    where
        u1_0.email=?
2026-05-28T15:12:02.828+05:30 DEBUG 25372 --- [thundercore-erp] [nio-8080-exec-9] org.hibernate.SQL                        : 
    select
        u1_0.id,
        u1_0.active,
        u1_0.created_at,
        u1_0.email,
        u1_0.first_name,
        u1_0.last_name,
        u1_0.password,
        u1_0.role,
        u1_0.updated_at 
    from
        users u1_0 
    where
        u1_0.email=?
2026-05-28T15:12:02.829+05:30 DEBUG 25372 --- [thundercore-erp] [nio-8080-exec-1] o.s.web.servlet.DispatcherServlet        : Completed 200 OK
2026-05-28T15:12:02.842+05:30 DEBUG 25372 --- [thundercore-erp] [nio-8080-exec-9] o.s.web.servlet.DispatcherServlet        : GET "/api/notifications/me", parameters={}
2026-05-28T15:12:02.848+05:30 DEBUG 25372 --- [thundercore-erp] [nio-8080-exec-9] s.w.s.m.m.a.RequestMappingHandlerMapping : Mapped to com.thundercore.erp.notification.controller.NotificationController#getMyNotifications(Authentication)
2026-05-28T15:12:02.856+05:30 DEBUG 25372 --- [thundercore-erp] [boundChannel-69] org.springframework.web.SimpLogging      : Processing CONNECT user=admin@thundercore.com session=c5pxqnwn
2026-05-28T15:12:02.857+05:30 DEBUG 25372 --- [thundercore-erp] [nio-8080-exec-9] org.hibernate.SQL                        : 
    select
        u1_0.id,
        u1_0.active,
        u1_0.created_at,
        u1_0.email,
        u1_0.first_name,
        u1_0.last_name,
        u1_0.password,
        u1_0.role,
        u1_0.updated_at 
    from
        users u1_0 
    where
        u1_0.email=?
2026-05-28T15:12:02.863+05:30 DEBUG 25372 --- [thundercore-erp] [nio-8080-exec-9] org.hibernate.SQL                        : 
    select
        n1_0.id,
        n1_0.created_at,
        n1_0.is_read,
        n1_0.message,
        n1_0.title,
        n1_0.user_id 
    from
        notifications n1_0 
    left join
        users u1_0 
            on u1_0.id=n1_0.user_id 
    where
        u1_0.id=? 
    order by
        n1_0.created_at desc
2026-05-28T15:12:02.865+05:30 DEBUG 25372 --- [thundercore-erp] [nio-8080-exec-7] org.hibernate.SQL                        : 
    select
        u1_0.id,
        u1_0.active,
        u1_0.created_at,
        u1_0.email,
        u1_0.first_name,
        u1_0.last_name,
        u1_0.password,
        u1_0.role,
        u1_0.updated_at 
    from
        users u1_0 
    where
        u1_0.email=?
2026-05-28T15:12:02.867+05:30 DEBUG 25372 --- [thundercore-erp] [nio-8080-exec-9] o.s.w.s.m.m.a.HttpEntityMethodProcessor  : Using 'application/json', given [application/json, text/plain, */*] and supported [application/json, application/*+json, application/yaml]
2026-05-28T15:12:02.869+05:30 DEBUG 25372 --- [thundercore-erp] [nio-8080-exec-9] o.s.w.s.m.m.a.HttpEntityMethodProcessor  : Writing [ApiResponse(success=true, message=Notifications retrieved, data=[])]
2026-05-28T15:12:02.872+05:30 DEBUG 25372 --- [thundercore-erp] [nio-8080-exec-9] o.s.web.servlet.DispatcherServlet        : Completed 200 OK
2026-05-28T15:12:02.874+05:30 DEBUG 25372 --- [thundercore-erp] [nio-8080-exec-7] o.s.web.servlet.DispatcherServlet        : GET "/api/dashboard/stats", parameters={}
2026-05-28T15:12:02.876+05:30 DEBUG 25372 --- [thundercore-erp] [nio-8080-exec-7] s.w.s.m.m.a.RequestMappingHandlerMapping : Mapped to com.thundercore.erp.dashboard.controller.DashboardController#getStats()
2026-05-28T15:12:02.879+05:30 DEBUG 25372 --- [thundercore-erp] [nio-8080-exec-7] org.hibernate.SQL                        : 
    select
        p1_0.id,
        p1_0.category,
        p1_0.created_at,
        p1_0.description,
        p1_0.name,
        p1_0.quantity,
        p1_0.reorder_threshold,
        p1_0.sku,
        p1_0.supplier,
        p1_0.unit_price,
        p1_0.updated_at 
    from
        products p1_0
2026-05-28T15:12:02.889+05:30 DEBUG 25372 --- [thundercore-erp] [nio-8080-exec-7] org.hibernate.SQL                        : 
    select
        i1_0.id,
        i1_0.created_at,
        i1_0.customer_email,
        i1_0.customer_name,
        i1_0.invoice_number,
        i1_0.net_amount,
        i1_0.notes,
        i1_0.status,
        i1_0.tax_amount,
        i1_0.total_amount,
        i1_0.updated_at 
    from
        invoices i1_0
2026-05-28T15:12:02.906+05:30 DEBUG 25372 --- [thundercore-erp] [nio-8080-exec-7] org.hibernate.SQL                        : 
    select
        count(*) 
    from
        products p1_0
2026-05-28T15:12:02.910+05:30 DEBUG 25372 --- [thundercore-erp] [nio-8080-exec-7] org.hibernate.SQL                        : 
    select
        count(*) 
    from
        employees e1_0
2026-05-28T15:12:02.914+05:30 DEBUG 25372 --- [thundercore-erp] [nio-8080-exec-7] org.hibernate.SQL                        : 
    select
        count(*) 
    from
        invoices i1_0
2026-05-28T15:12:02.918+05:30 DEBUG 25372 --- [thundercore-erp] [nio-8080-exec-7] org.hibernate.SQL                        : 
    select
        count(*) 
    from
        users u1_0
2026-05-28T15:12:02.923+05:30 DEBUG 25372 --- [thundercore-erp] [nio-8080-exec-7] org.hibernate.SQL                        : 
    select
        count(*) 
    from
        customers c1_0
2026-05-28T15:12:02.924+05:30 DEBUG 25372 --- [thundercore-erp] [boundChannel-61] org.springframework.web.SimpLogging      : Processing SUBSCRIBE /topic/dashboard id=sub-1 session=c5pxqnwn
2026-05-28T15:12:02.933+05:30 DEBUG 25372 --- [thundercore-erp] [boundChannel-73] org.springframework.web.SimpLogging      : Processing SUBSCRIBE destination=/queue/notifications-userc5pxqnwn subscriptionId=sub-0 session=c5pxqnwn user=admin@thundercore.com payload=byte[0]
2026-05-28T15:12:02.939+05:30 DEBUG 25372 --- [thundercore-erp] [nio-8080-exec-7] org.hibernate.SQL                        : 
    select
        count(*) 
    from
        sale_orders so1_0
2026-05-28T15:12:02.947+05:30 DEBUG 25372 --- [thundercore-erp] [nio-8080-exec-7] org.hibernate.SQL                        : 
    select
        coalesce(sum(i1_0.net_amount), 0) 
    from
        invoices i1_0 
    where
        i1_0.status=?
2026-05-28T15:12:02.951+05:30 DEBUG 25372 --- [thundercore-erp] [nio-8080-exec-7] org.hibernate.SQL                        : 
    select
        count(i1_0.id) 
    from
        invoices i1_0 
    where
        i1_0.status=?
2026-05-28T15:12:02.956+05:30 DEBUG 25372 --- [thundercore-erp] [nio-8080-exec-7] o.s.w.s.m.m.a.HttpEntityMethodProcessor  : Using 'application/json', given [application/json, text/plain, */*] and supported [application/json, application/*+json, application/yaml]
2026-05-28T15:12:02.959+05:30 DEBUG 25372 --- [thundercore-erp] [nio-8080-exec-7] o.s.w.s.m.m.a.HttpEntityMethodProcessor  : Writing [ApiResponse(success=true, message=Dashboard stats retrieved, data={totalProducts=0, totalEmployees=0 (truncated)...]
2026-05-28T15:12:02.966+05:30 DEBUG 25372 --- [thundercore-erp] [nio-8080-exec-7] o.s.web.servlet.DispatcherServlet        : Completed 200 OK
2026-05-28T15:12:08.341+05:30 DEBUG 25372 --- [thundercore-erp] [nio-8080-exec-5] org.hibernate.SQL                        : 
    select
        u1_0.id,
        u1_0.active,
        u1_0.created_at,
        u1_0.email,
        u1_0.first_name,
        u1_0.last_name,
        u1_0.password,
        u1_0.role,
        u1_0.updated_at 
    from
        users u1_0 
    where
        u1_0.email=?
2026-05-28T15:12:08.405+05:30 DEBUG 25372 --- [thundercore-erp] [nio-8080-exec-5] o.s.web.servlet.DispatcherServlet        : GET "/api/inventory/products", parameters={}
2026-05-28T15:12:08.407+05:30 DEBUG 25372 --- [thundercore-erp] [nio-8080-exec-5] s.w.s.m.m.a.RequestMappingHandlerMapping : Mapped to com.thundercore.erp.inventory.controller.ProductController#getAllProducts()
2026-05-28T15:12:08.921+05:30 DEBUG 25372 --- [thundercore-erp] [nio-8080-exec-5] org.hibernate.SQL                        : 
    select
        p1_0.id,
        p1_0.category,
        p1_0.created_at,
        p1_0.description,
        p1_0.name,
        p1_0.quantity,
        p1_0.reorder_threshold,
        p1_0.sku,
        p1_0.supplier,
        p1_0.unit_price,
        p1_0.updated_at 
    from
        products p1_0
2026-05-28T15:12:08.960+05:30 DEBUG 25372 --- [thundercore-erp] [nio-8080-exec-5] o.s.w.s.m.m.a.HttpEntityMethodProcessor  : Using 'application/json', given [application/json, text/plain, */*] and supported [application/json, application/*+json, application/yaml]
2026-05-28T15:12:08.997+05:30 DEBUG 25372 --- [thundercore-erp] [nio-8080-exec-5] o.s.w.s.m.m.a.HttpEntityMethodProcessor  : Writing [ApiResponse(success=true, message=Products retrieved, data=[])]
2026-05-28T15:12:08.999+05:30 DEBUG 25372 --- [thundercore-erp] [nio-8080-exec-5] o.s.web.servlet.DispatcherServlet        : Completed 200 OK
2026-05-28T15:12:09.010+05:30 DEBUG 25372 --- [thundercore-erp] [nio-8080-exec-6] org.hibernate.SQL                        : 
    select
        u1_0.id,
        u1_0.active,
        u1_0.created_at,
        u1_0.email,
        u1_0.first_name,
        u1_0.last_name,
        u1_0.password,
        u1_0.role,
        u1_0.updated_at 
    from
        users u1_0 
    where
        u1_0.email=?
2026-05-28T15:12:09.102+05:30 DEBUG 25372 --- [thundercore-erp] [nio-8080-exec-6] o.s.web.servlet.DispatcherServlet        : GET "/api/inventory/products", parameters={}
2026-05-28T15:12:09.104+05:30 DEBUG 25372 --- [thundercore-erp] [nio-8080-exec-6] s.w.s.m.m.a.RequestMappingHandlerMapping : Mapped to com.thundercore.erp.inventory.controller.ProductController#getAllProducts()
2026-05-28T15:12:09.107+05:30 DEBUG 25372 --- [thundercore-erp] [nio-8080-exec-6] org.hibernate.SQL                        : 
    select
        p1_0.id,
        p1_0.category,
        p1_0.created_at,
        p1_0.description,
        p1_0.name,
        p1_0.quantity,
        p1_0.reorder_threshold,
        p1_0.sku,
        p1_0.supplier,
        p1_0.unit_price,
        p1_0.updated_at 
    from
        products p1_0
2026-05-28T15:12:09.144+05:30 DEBUG 25372 --- [thundercore-erp] [nio-8080-exec-6] o.s.w.s.m.m.a.HttpEntityMethodProcessor  : Using 'application/json', given [application/json, text/plain, */*] and supported [application/json, application/*+json, application/yaml]
2026-05-28T15:12:09.146+05:30 DEBUG 25372 --- [thundercore-erp] [nio-8080-exec-6] o.s.w.s.m.m.a.HttpEntityMethodProcessor  : Writing [ApiResponse(success=true, message=Products retrieved, data=[])]
2026-05-28T15:12:09.148+05:30 DEBUG 25372 --- [thundercore-erp] [nio-8080-exec-6] o.s.web.servlet.DispatcherServlet        : Completed 200 OK
2026-05-28T15:12:10.642+05:30 DEBUG 25372 --- [thundercore-erp] [nio-8080-exec-8] org.hibernate.SQL                        : 
    select
        u1_0.id,
        u1_0.active,
        u1_0.created_at,
        u1_0.email,
        u1_0.first_name,
        u1_0.last_name,
        u1_0.password,
        u1_0.role,
        u1_0.updated_at 
    from
        users u1_0 
    where
        u1_0.email=?
2026-05-28T15:12:10.704+05:30 DEBUG 25372 --- [thundercore-erp] [nio-8080-exec-8] o.s.web.servlet.DispatcherServlet        : GET "/api/hr/employees", parameters={}
2026-05-28T15:12:10.779+05:30 DEBUG 25372 --- [thundercore-erp] [nio-8080-exec-8] s.w.s.m.m.a.RequestMappingHandlerMapping : Mapped to com.thundercore.erp.hr.controller.EmployeeController#getAllEmployees()
2026-05-28T15:12:11.452+05:30 DEBUG 25372 --- [thundercore-erp] [nio-8080-exec-8] org.hibernate.SQL                        : 
    select
        e1_0.id,
        e1_0.base_salary,
        e1_0.created_at,
        e1_0.department,
        e1_0.designation,
        e1_0.employee_code,
        e1_0.joining_date,
        e1_0.status,
        e1_0.updated_at,
        e1_0.user_id 
    from
        employees e1_0
2026-05-28T15:12:11.825+05:30 DEBUG 25372 --- [thundercore-erp] [nio-8080-exec-8] o.s.w.s.m.m.a.HttpEntityMethodProcessor  : Using 'application/json', given [application/json, text/plain, */*] and supported [application/json, application/*+json, application/yaml]
2026-05-28T15:12:11.829+05:30 DEBUG 25372 --- [thundercore-erp] [nio-8080-exec-8] o.s.w.s.m.m.a.HttpEntityMethodProcessor  : Writing [ApiResponse(success=true, message=Employees retrieved, data=[])]
2026-05-28T15:12:11.835+05:30 DEBUG 25372 --- [thundercore-erp] [nio-8080-exec-8] o.s.web.servlet.DispatcherServlet        : Completed 200 OK
2026-05-28T15:12:11.870+05:30 DEBUG 25372 --- [thundercore-erp] [nio-8080-exec-4] org.hibernate.SQL                        : 
    select
        u1_0.id,
        u1_0.active,
        u1_0.created_at,
        u1_0.email,
        u1_0.first_name,
        u1_0.last_name,
        u1_0.password,
        u1_0.role,
        u1_0.updated_at 
    from
        users u1_0 
    where
        u1_0.email=?
2026-05-28T15:12:11.875+05:30 DEBUG 25372 --- [thundercore-erp] [nio-8080-exec-2] org.hibernate.SQL                        : 
    select
        u1_0.id,
        u1_0.active,
        u1_0.created_at,
        u1_0.email,
        u1_0.first_name,
        u1_0.last_name,
        u1_0.password,
        u1_0.role,
        u1_0.updated_at 
    from
        users u1_0 
    where
        u1_0.email=?
2026-05-28T15:12:11.885+05:30 DEBUG 25372 --- [thundercore-erp] [nio-8080-exec-4] o.s.web.servlet.DispatcherServlet        : GET "/api/hr/employees", parameters={}
2026-05-28T15:12:11.887+05:30 DEBUG 25372 --- [thundercore-erp] [nio-8080-exec-4] s.w.s.m.m.a.RequestMappingHandlerMapping : Mapped to com.thundercore.erp.hr.controller.EmployeeController#getAllEmployees()
2026-05-28T15:12:11.891+05:30 DEBUG 25372 --- [thundercore-erp] [nio-8080-exec-2] o.s.web.servlet.DispatcherServlet        : GET "/api/finance/invoices", parameters={}
2026-05-28T15:12:11.893+05:30 DEBUG 25372 --- [thundercore-erp] [nio-8080-exec-4] org.hibernate.SQL                        : 
    select
        e1_0.id,
        e1_0.base_salary,
        e1_0.created_at,
        e1_0.department,
        e1_0.designation,
        e1_0.employee_code,
        e1_0.joining_date,
        e1_0.status,
        e1_0.updated_at,
        e1_0.user_id 
    from
        employees e1_0
2026-05-28T15:12:11.894+05:30 DEBUG 25372 --- [thundercore-erp] [nio-8080-exec-2] s.w.s.m.m.a.RequestMappingHandlerMapping : Mapped to com.thundercore.erp.finance.controller.InvoiceController#getAllInvoices()
2026-05-28T15:12:11.905+05:30 DEBUG 25372 --- [thundercore-erp] [nio-8080-exec-4] o.s.w.s.m.m.a.HttpEntityMethodProcessor  : Using 'application/json', given [application/json, text/plain, */*] and supported [application/json, application/*+json, application/yaml]
2026-05-28T15:12:11.908+05:30 DEBUG 25372 --- [thundercore-erp] [nio-8080-exec-4] o.s.w.s.m.m.a.HttpEntityMethodProcessor  : Writing [ApiResponse(success=true, message=Employees retrieved, data=[])]
2026-05-28T15:12:11.915+05:30 DEBUG 25372 --- [thundercore-erp] [nio-8080-exec-4] o.s.web.servlet.DispatcherServlet        : Completed 200 OK
2026-05-28T15:12:11.928+05:30 DEBUG 25372 --- [thundercore-erp] [nio-8080-exec-2] org.hibernate.SQL                        : 
    select
        i1_0.id,
        i1_0.created_at,
        i1_0.customer_email,
        i1_0.customer_name,
        i1_0.invoice_number,
        i1_0.net_amount,
        i1_0.notes,
        i1_0.status,
        i1_0.tax_amount,
        i1_0.total_amount,
        i1_0.updated_at 
    from
        invoices i1_0
2026-05-28T15:12:11.935+05:30 DEBUG 25372 --- [thundercore-erp] [nio-8080-exec-2] o.s.w.s.m.m.a.HttpEntityMethodProcessor  : Using 'application/json', given [application/json, text/plain, */*] and supported [application/json, application/*+json, application/yaml]
2026-05-28T15:12:11.936+05:30 DEBUG 25372 --- [thundercore-erp] [nio-8080-exec-2] o.s.w.s.m.m.a.HttpEntityMethodProcessor  : Writing [ApiResponse(success=true, message=Invoices retrieved, data=[])]
2026-05-28T15:12:11.940+05:30 DEBUG 25372 --- [thundercore-erp] [nio-8080-exec-2] o.s.web.servlet.DispatcherServlet        : Completed 200 OK
2026-05-28T15:12:11.977+05:30 DEBUG 25372 --- [thundercore-erp] [nio-8080-exec-1] org.hibernate.SQL                        : 
    select
        u1_0.id,
        u1_0.active,
        u1_0.created_at,
        u1_0.email,
        u1_0.first_name,
        u1_0.last_name,
        u1_0.password,
        u1_0.role,
        u1_0.updated_at 
    from
        users u1_0 
    where
        u1_0.email=?
2026-05-28T15:12:11.989+05:30 DEBUG 25372 --- [thundercore-erp] [nio-8080-exec-1] o.s.web.servlet.DispatcherServlet        : GET "/api/finance/invoices", parameters={}
2026-05-28T15:12:11.990+05:30 DEBUG 25372 --- [thundercore-erp] [io-8080-exec-10] org.hibernate.SQL                        : 
    select
        u1_0.id,
        u1_0.active,
        u1_0.created_at,
        u1_0.email,
        u1_0.first_name,
        u1_0.last_name,
        u1_0.password,
        u1_0.role,
        u1_0.updated_at 
    from
        users u1_0 
    where
        u1_0.email=?
2026-05-28T15:12:11.991+05:30 DEBUG 25372 --- [thundercore-erp] [nio-8080-exec-1] s.w.s.m.m.a.RequestMappingHandlerMapping : Mapped to com.thundercore.erp.finance.controller.InvoiceController#getAllInvoices()
2026-05-28T15:12:12.006+05:30 DEBUG 25372 --- [thundercore-erp] [nio-8080-exec-1] org.hibernate.SQL                        : 
    select
        i1_0.id,
        i1_0.created_at,
        i1_0.customer_email,
        i1_0.customer_name,
        i1_0.invoice_number,
        i1_0.net_amount,
        i1_0.notes,
        i1_0.status,
        i1_0.tax_amount,
        i1_0.total_amount,
        i1_0.updated_at 
    from
        invoices i1_0
2026-05-28T15:12:12.011+05:30 DEBUG 25372 --- [thundercore-erp] [io-8080-exec-10] o.s.web.servlet.DispatcherServlet        : GET "/api/finance/stats/revenue", parameters={}
2026-05-28T15:12:12.011+05:30 DEBUG 25372 --- [thundercore-erp] [nio-8080-exec-1] o.s.w.s.m.m.a.HttpEntityMethodProcessor  : Using 'application/json', given [application/json, text/plain, */*] and supported [application/json, application/*+json, application/yaml]
2026-05-28T15:12:12.016+05:30 DEBUG 25372 --- [thundercore-erp] [nio-8080-exec-1] o.s.w.s.m.m.a.HttpEntityMethodProcessor  : Writing [ApiResponse(success=true, message=Invoices retrieved, data=[])]
2026-05-28T15:12:12.017+05:30 DEBUG 25372 --- [thundercore-erp] [io-8080-exec-10] s.w.s.m.m.a.RequestMappingHandlerMapping : Mapped to com.thundercore.erp.finance.controller.InvoiceController#getTotalRevenue()
2026-05-28T15:12:12.021+05:30 DEBUG 25372 --- [thundercore-erp] [nio-8080-exec-1] o.s.web.servlet.DispatcherServlet        : Completed 200 OK
2026-05-28T15:12:12.113+05:30 DEBUG 25372 --- [thundercore-erp] [io-8080-exec-10] org.hibernate.SQL                        : 
    select
        coalesce(sum(i1_0.net_amount), 0) 
    from
        invoices i1_0 
    where
        i1_0.status=?
2026-05-28T15:12:12.184+05:30 DEBUG 25372 --- [thundercore-erp] [io-8080-exec-10] o.s.w.s.m.m.a.HttpEntityMethodProcessor  : Using 'application/json', given [application/json, text/plain, */*] and supported [application/json, application/*+json, application/yaml]
2026-05-28T15:12:12.185+05:30 DEBUG 25372 --- [thundercore-erp] [io-8080-exec-10] o.s.w.s.m.m.a.HttpEntityMethodProcessor  : Writing [ApiResponse(success=true, message=Revenue retrieved, data=0)]
2026-05-28T15:12:12.251+05:30 DEBUG 25372 --- [thundercore-erp] [io-8080-exec-10] o.s.web.servlet.DispatcherServlet        : Completed 200 OK
2026-05-28T15:12:12.285+05:30 DEBUG 25372 --- [thundercore-erp] [nio-8080-exec-9] org.hibernate.SQL                        : 
    select
        u1_0.id,
        u1_0.active,
        u1_0.created_at,
        u1_0.email,
        u1_0.first_name,
        u1_0.last_name,
        u1_0.password,
        u1_0.role,
        u1_0.updated_at 
    from
        users u1_0 
    where
        u1_0.email=?
2026-05-28T15:12:12.308+05:30 DEBUG 25372 --- [thundercore-erp] [nio-8080-exec-9] o.s.web.servlet.DispatcherServlet        : GET "/api/finance/stats/revenue", parameters={}
2026-05-28T15:12:12.311+05:30 DEBUG 25372 --- [thundercore-erp] [nio-8080-exec-9] s.w.s.m.m.a.RequestMappingHandlerMapping : Mapped to com.thundercore.erp.finance.controller.InvoiceController#getTotalRevenue()
2026-05-28T15:12:12.318+05:30 DEBUG 25372 --- [thundercore-erp] [nio-8080-exec-9] org.hibernate.SQL                        : 
    select
        coalesce(sum(i1_0.net_amount), 0) 
    from
        invoices i1_0 
    where
        i1_0.status=?
2026-05-28T15:12:12.331+05:30 DEBUG 25372 --- [thundercore-erp] [nio-8080-exec-9] o.s.w.s.m.m.a.HttpEntityMethodProcessor  : Using 'application/json', given [application/json, text/plain, */*] and supported [application/json, application/*+json, application/yaml]
2026-05-28T15:12:12.334+05:30 DEBUG 25372 --- [thundercore-erp] [nio-8080-exec-9] o.s.w.s.m.m.a.HttpEntityMethodProcessor  : Writing [ApiResponse(success=true, message=Revenue retrieved, data=0)]
2026-05-28T15:12:12.340+05:30 DEBUG 25372 --- [thundercore-erp] [nio-8080-exec-9] o.s.web.servlet.DispatcherServlet        : Completed 200 OK
2026-05-28T15:12:13.709+05:30 DEBUG 25372 --- [thundercore-erp] [nio-8080-exec-3] org.hibernate.SQL                        : 
    select
        u1_0.id,
        u1_0.active,
        u1_0.created_at,
        u1_0.email,
        u1_0.first_name,
        u1_0.last_name,
        u1_0.password,
        u1_0.role,
        u1_0.updated_at 
    from
        users u1_0 
    where
        u1_0.email=?
2026-05-28T15:12:13.724+05:30 DEBUG 25372 --- [thundercore-erp] [nio-8080-exec-3] o.s.web.servlet.DispatcherServlet        : GET "/api/sales/customers", parameters={}
2026-05-28T15:12:13.727+05:30 DEBUG 25372 --- [thundercore-erp] [nio-8080-exec-3] s.w.s.m.m.a.RequestMappingHandlerMapping : Mapped to com.thundercore.erp.sales.controller.CustomerController#getAllCustomers()
2026-05-28T15:12:13.767+05:30 DEBUG 25372 --- [thundercore-erp] [nio-8080-exec-3] org.hibernate.SQL                        : 
    select
        c1_0.id,
        c1_0.address,
        c1_0.created_at,
        c1_0.email,
        c1_0.name,
        c1_0.phone,
        c1_0.tier,
        c1_0.updated_at 
    from
        customers c1_0
2026-05-28T15:12:13.772+05:30 DEBUG 25372 --- [thundercore-erp] [nio-8080-exec-3] o.s.w.s.m.m.a.HttpEntityMethodProcessor  : Using 'application/json', given [application/json, text/plain, */*] and supported [application/json, application/*+json, application/yaml]
2026-05-28T15:12:13.774+05:30 DEBUG 25372 --- [thundercore-erp] [nio-8080-exec-3] o.s.w.s.m.m.a.HttpEntityMethodProcessor  : Writing [ApiResponse(success=true, message=Customers retrieved, data=[])]
2026-05-28T15:12:13.778+05:30 DEBUG 25372 --- [thundercore-erp] [nio-8080-exec-3] o.s.web.servlet.DispatcherServlet        : Completed 200 OK
2026-05-28T15:12:13.822+05:30 DEBUG 25372 --- [thundercore-erp] [nio-8080-exec-3] org.hibernate.SQL                        : 
    select
        u1_0.id,
        u1_0.active,
        u1_0.created_at,
        u1_0.email,
        u1_0.first_name,
        u1_0.last_name,
        u1_0.password,
        u1_0.role,
        u1_0.updated_at 
    from
        users u1_0 
    where
        u1_0.email=?
2026-05-28T15:12:13.841+05:30 DEBUG 25372 --- [thundercore-erp] [nio-8080-exec-3] o.s.web.servlet.DispatcherServlet        : GET "/api/sales/customers", parameters={}
2026-05-28T15:12:13.846+05:30 DEBUG 25372 --- [thundercore-erp] [nio-8080-exec-3] s.w.s.m.m.a.RequestMappingHandlerMapping : Mapped to com.thundercore.erp.sales.controller.CustomerController#getAllCustomers()
2026-05-28T15:12:13.858+05:30 DEBUG 25372 --- [thundercore-erp] [nio-8080-exec-3] org.hibernate.SQL                        : 
    select
        c1_0.id,
        c1_0.address,
        c1_0.created_at,
        c1_0.email,
        c1_0.name,
        c1_0.phone,
        c1_0.tier,
        c1_0.updated_at 
    from
        customers c1_0
2026-05-28T15:12:13.858+05:30 DEBUG 25372 --- [thundercore-erp] [nio-8080-exec-5] org.hibernate.SQL                        : 
    select
        u1_0.id,
        u1_0.active,
        u1_0.created_at,
        u1_0.email,
        u1_0.first_name,
        u1_0.last_name,
        u1_0.password,
        u1_0.role,
        u1_0.updated_at 
    from
        users u1_0 
    where
        u1_0.email=?
2026-05-28T15:12:13.867+05:30 DEBUG 25372 --- [thundercore-erp] [nio-8080-exec-3] o.s.w.s.m.m.a.HttpEntityMethodProcessor  : Using 'application/json', given [application/json, text/plain, */*] and supported [application/json, application/*+json, application/yaml]
2026-05-28T15:12:13.872+05:30 DEBUG 25372 --- [thundercore-erp] [nio-8080-exec-3] o.s.w.s.m.m.a.HttpEntityMethodProcessor  : Writing [ApiResponse(success=true, message=Customers retrieved, data=[])]
2026-05-28T15:12:13.876+05:30 DEBUG 25372 --- [thundercore-erp] [nio-8080-exec-6] org.hibernate.SQL                        : 
    select
        u1_0.id,
        u1_0.active,
        u1_0.created_at,
        u1_0.email,
        u1_0.first_name,
        u1_0.last_name,
        u1_0.password,
        u1_0.role,
        u1_0.updated_at 
    from
        users u1_0 
    where
        u1_0.email=?
2026-05-28T15:12:13.877+05:30 DEBUG 25372 --- [thundercore-erp] [nio-8080-exec-3] o.s.web.servlet.DispatcherServlet        : Completed 200 OK
2026-05-28T15:12:13.887+05:30 DEBUG 25372 --- [thundercore-erp] [nio-8080-exec-5] o.s.web.servlet.DispatcherServlet        : GET "/api/sales/orders", parameters={}
2026-05-28T15:12:13.889+05:30 DEBUG 25372 --- [thundercore-erp] [nio-8080-exec-5] s.w.s.m.m.a.RequestMappingHandlerMapping : Mapped to com.thundercore.erp.sales.controller.SaleOrderController#getOrders()
2026-05-28T15:12:13.891+05:30 DEBUG 25372 --- [thundercore-erp] [nio-8080-exec-6] o.s.web.servlet.DispatcherServlet        : GET "/api/inventory/products", parameters={}
2026-05-28T15:12:13.894+05:30 DEBUG 25372 --- [thundercore-erp] [nio-8080-exec-6] s.w.s.m.m.a.RequestMappingHandlerMapping : Mapped to com.thundercore.erp.inventory.controller.ProductController#getAllProducts()
2026-05-28T15:12:13.904+05:30 DEBUG 25372 --- [thundercore-erp] [nio-8080-exec-6] org.hibernate.SQL                        : 
    select
        p1_0.id,
        p1_0.category,
        p1_0.created_at,
        p1_0.description,
        p1_0.name,
        p1_0.quantity,
        p1_0.reorder_threshold,
        p1_0.sku,
        p1_0.supplier,
        p1_0.unit_price,
        p1_0.updated_at 
    from
        products p1_0
2026-05-28T15:12:13.912+05:30 DEBUG 25372 --- [thundercore-erp] [nio-8080-exec-6] o.s.w.s.m.m.a.HttpEntityMethodProcessor  : Using 'application/json', given [application/json, text/plain, */*] and supported [application/json, application/*+json, application/yaml]
2026-05-28T15:12:13.920+05:30 DEBUG 25372 --- [thundercore-erp] [nio-8080-exec-6] o.s.w.s.m.m.a.HttpEntityMethodProcessor  : Writing [ApiResponse(success=true, message=Products retrieved, data=[])]
2026-05-28T15:12:13.924+05:30 DEBUG 25372 --- [thundercore-erp] [nio-8080-exec-6] o.s.web.servlet.DispatcherServlet        : Completed 200 OK
2026-05-28T15:12:14.004+05:30 DEBUG 25372 --- [thundercore-erp] [nio-8080-exec-8] org.hibernate.SQL                        : 
    select
        u1_0.id,
        u1_0.active,
        u1_0.created_at,
        u1_0.email,
        u1_0.first_name,
        u1_0.last_name,
        u1_0.password,
        u1_0.role,
        u1_0.updated_at 
    from
        users u1_0 
    where
        u1_0.email=?
2026-05-28T15:12:14.035+05:30 DEBUG 25372 --- [thundercore-erp] [nio-8080-exec-8] o.s.web.servlet.DispatcherServlet        : GET "/api/inventory/products", parameters={}
2026-05-28T15:12:14.038+05:30 DEBUG 25372 --- [thundercore-erp] [nio-8080-exec-8] s.w.s.m.m.a.RequestMappingHandlerMapping : Mapped to com.thundercore.erp.inventory.controller.ProductController#getAllProducts()
2026-05-28T15:12:14.042+05:30 DEBUG 25372 --- [thundercore-erp] [nio-8080-exec-8] org.hibernate.SQL                        : 
    select
        p1_0.id,
        p1_0.category,
        p1_0.created_at,
        p1_0.description,
        p1_0.name,
        p1_0.quantity,
        p1_0.reorder_threshold,
        p1_0.sku,
        p1_0.supplier,
        p1_0.unit_price,
        p1_0.updated_at 
    from
        products p1_0
2026-05-28T15:12:14.050+05:30 DEBUG 25372 --- [thundercore-erp] [nio-8080-exec-8] o.s.w.s.m.m.a.HttpEntityMethodProcessor  : Using 'application/json', given [application/json, text/plain, */*] and supported [application/json, application/*+json, application/yaml]
2026-05-28T15:12:14.052+05:30 DEBUG 25372 --- [thundercore-erp] [nio-8080-exec-8] o.s.w.s.m.m.a.HttpEntityMethodProcessor  : Writing [ApiResponse(success=true, message=Products retrieved, data=[])]
2026-05-28T15:12:14.061+05:30 DEBUG 25372 --- [thundercore-erp] [nio-8080-exec-8] o.s.web.servlet.DispatcherServlet        : Completed 200 OK
2026-05-28T15:12:14.185+05:30 DEBUG 25372 --- [thundercore-erp] [nio-8080-exec-5] org.hibernate.SQL                        : 
    select
        so1_0.id,
        so1_0.created_at,
        so1_0.customer_email,
        so1_0.customer_name,
        so1_0.order_number,
        so1_0.product_id,
        so1_0.quantity,
        so1_0.status,
        so1_0.total_amount,
        so1_0.unit_price,
        so1_0.updated_at 
    from
        sale_orders so1_0
2026-05-28T15:12:14.206+05:30 DEBUG 25372 --- [thundercore-erp] [nio-8080-exec-5] o.s.w.s.m.m.a.HttpEntityMethodProcessor  : Using 'application/json', given [application/json, text/plain, */*] and supported [application/json, application/*+json, application/yaml]
2026-05-28T15:12:14.208+05:30 DEBUG 25372 --- [thundercore-erp] [nio-8080-exec-5] o.s.w.s.m.m.a.HttpEntityMethodProcessor  : Writing [ApiResponse(success=true, message=Sales orders retrieved, data=[])]
2026-05-28T15:12:14.225+05:30 DEBUG 25372 --- [thundercore-erp] [nio-8080-exec-5] o.s.web.servlet.DispatcherServlet        : Completed 200 OK
2026-05-28T15:12:14.259+05:30 DEBUG 25372 --- [thundercore-erp] [nio-8080-exec-4] org.hibernate.SQL                        : 
    select
        u1_0.id,
        u1_0.active,
        u1_0.created_at,
        u1_0.email,
        u1_0.first_name,
        u1_0.last_name,
        u1_0.password,
        u1_0.role,
        u1_0.updated_at 
    from
        users u1_0 
    where
        u1_0.email=?
2026-05-28T15:12:14.280+05:30 DEBUG 25372 --- [thundercore-erp] [nio-8080-exec-4] o.s.web.servlet.DispatcherServlet        : GET "/api/sales/orders", parameters={}
2026-05-28T15:12:14.282+05:30 DEBUG 25372 --- [thundercore-erp] [nio-8080-exec-4] s.w.s.m.m.a.RequestMappingHandlerMapping : Mapped to com.thundercore.erp.sales.controller.SaleOrderController#getOrders()
2026-05-28T15:12:14.288+05:30 DEBUG 25372 --- [thundercore-erp] [nio-8080-exec-4] org.hibernate.SQL                        : 
    select
        so1_0.id,
        so1_0.created_at,
        so1_0.customer_email,
        so1_0.customer_name,
        so1_0.order_number,
        so1_0.product_id,
        so1_0.quantity,
        so1_0.status,
        so1_0.total_amount,
        so1_0.unit_price,
        so1_0.updated_at 
    from
        sale_orders so1_0
2026-05-28T15:12:14.294+05:30 DEBUG 25372 --- [thundercore-erp] [nio-8080-exec-4] o.s.w.s.m.m.a.HttpEntityMethodProcessor  : Using 'application/json', given [application/json, text/plain, */*] and supported [application/json, application/*+json, application/yaml]
2026-05-28T15:12:14.298+05:30 DEBUG 25372 --- [thundercore-erp] [nio-8080-exec-4] o.s.w.s.m.m.a.HttpEntityMethodProcessor  : Writing [ApiResponse(success=true, message=Sales orders retrieved, data=[])]
2026-05-28T15:12:14.304+05:30 DEBUG 25372 --- [thundercore-erp] [nio-8080-exec-4] o.s.web.servlet.DispatcherServlet        : Completed 200 OK
2026-05-28T15:12:22.011+05:30 DEBUG 25372 --- [thundercore-erp] [nio-8080-exec-2] org.hibernate.SQL                        : 
    select
        u1_0.id,
        u1_0.active,
        u1_0.created_at,
        u1_0.email,
        u1_0.first_name,
        u1_0.last_name,
        u1_0.password,
        u1_0.role,
        u1_0.updated_at 
    from
        users u1_0 
    where
        u1_0.email=?
2026-05-28T15:12:22.075+05:30 DEBUG 25372 --- [thundercore-erp] [nio-8080-exec-2] o.s.web.servlet.DispatcherServlet        : GET "/api/dashboard/stats", parameters={}
2026-05-28T15:12:22.078+05:30 DEBUG 25372 --- [thundercore-erp] [nio-8080-exec-2] s.w.s.m.m.a.RequestMappingHandlerMapping : Mapped to com.thundercore.erp.dashboard.controller.DashboardController#getStats()
2026-05-28T15:12:22.085+05:30 DEBUG 25372 --- [thundercore-erp] [nio-8080-exec-2] org.hibernate.SQL                        : 
    select
        p1_0.id,
        p1_0.category,
        p1_0.created_at,
        p1_0.description,
        p1_0.name,
        p1_0.quantity,
        p1_0.reorder_threshold,
        p1_0.sku,
        p1_0.supplier,
        p1_0.unit_price,
        p1_0.updated_at 
    from
        products p1_0
2026-05-28T15:12:22.091+05:30 DEBUG 25372 --- [thundercore-erp] [nio-8080-exec-2] org.hibernate.SQL                        : 
    select
        i1_0.id,
        i1_0.created_at,
        i1_0.customer_email,
        i1_0.customer_name,
        i1_0.invoice_number,
        i1_0.net_amount,
        i1_0.notes,
        i1_0.status,
        i1_0.tax_amount,
        i1_0.total_amount,
        i1_0.updated_at 
    from
        invoices i1_0
2026-05-28T15:12:22.152+05:30 DEBUG 25372 --- [thundercore-erp] [nio-8080-exec-2] org.hibernate.SQL                        : 
    select
        count(*) 
    from
        products p1_0
2026-05-28T15:12:22.157+05:30 DEBUG 25372 --- [thundercore-erp] [nio-8080-exec-2] org.hibernate.SQL                        : 
    select
        count(*) 
    from
        employees e1_0
2026-05-28T15:12:22.159+05:30 DEBUG 25372 --- [thundercore-erp] [nio-8080-exec-2] org.hibernate.SQL                        : 
    select
        count(*) 
    from
        invoices i1_0
2026-05-28T15:12:22.163+05:30 DEBUG 25372 --- [thundercore-erp] [nio-8080-exec-2] org.hibernate.SQL                        : 
    select
        count(*) 
    from
        users u1_0
2026-05-28T15:12:22.166+05:30 DEBUG 25372 --- [thundercore-erp] [nio-8080-exec-2] org.hibernate.SQL                        : 
    select
        count(*) 
    from
        customers c1_0
2026-05-28T15:12:22.221+05:30 DEBUG 25372 --- [thundercore-erp] [nio-8080-exec-2] org.hibernate.SQL                        : 
    select
        count(*) 
    from
        sale_orders so1_0
2026-05-28T15:12:22.225+05:30 DEBUG 25372 --- [thundercore-erp] [nio-8080-exec-2] org.hibernate.SQL                        : 
    select
        coalesce(sum(i1_0.net_amount), 0) 
    from
        invoices i1_0 
    where
        i1_0.status=?
2026-05-28T15:12:22.302+05:30 DEBUG 25372 --- [thundercore-erp] [nio-8080-exec-2] org.hibernate.SQL                        : 
    select
        count(i1_0.id) 
    from
        invoices i1_0 
    where
        i1_0.status=?
2026-05-28T15:12:22.363+05:30 DEBUG 25372 --- [thundercore-erp] [nio-8080-exec-2] o.s.w.s.m.m.a.HttpEntityMethodProcessor  : Using 'application/json', given [application/json, text/plain, */*] and supported [application/json, application/*+json, application/yaml]
2026-05-28T15:12:22.365+05:30 DEBUG 25372 --- [thundercore-erp] [nio-8080-exec-2] o.s.w.s.m.m.a.HttpEntityMethodProcessor  : Writing [ApiResponse(success=true, message=Dashboard stats retrieved, data={totalProducts=0, totalEmployees=0 (truncated)...]
2026-05-28T15:12:22.367+05:30 DEBUG 25372 --- [thundercore-erp] [nio-8080-exec-2] o.s.web.servlet.DispatcherServlet        : Completed 200 OK
2026-05-28T15:12:22.454+05:30 DEBUG 25372 --- [thundercore-erp] [nio-8080-exec-1] org.hibernate.SQL                        : 
    select
        u1_0.id,
        u1_0.active,
        u1_0.created_at,
        u1_0.email,
        u1_0.first_name,
        u1_0.last_name,
        u1_0.password,
        u1_0.role,
        u1_0.updated_at 
    from
        users u1_0 
    where
        u1_0.email=?
2026-05-28T15:12:22.487+05:30 DEBUG 25372 --- [thundercore-erp] [nio-8080-exec-1] o.s.web.servlet.DispatcherServlet        : GET "/api/dashboard/stats", parameters={}
2026-05-28T15:12:22.490+05:30 DEBUG 25372 --- [thundercore-erp] [nio-8080-exec-1] s.w.s.m.m.a.RequestMappingHandlerMapping : Mapped to com.thundercore.erp.dashboard.controller.DashboardController#getStats()
2026-05-28T15:12:22.495+05:30 DEBUG 25372 --- [thundercore-erp] [nio-8080-exec-1] org.hibernate.SQL                        : 
    select
        p1_0.id,
        p1_0.category,
        p1_0.created_at,
        p1_0.description,
        p1_0.name,
        p1_0.quantity,
        p1_0.reorder_threshold,
        p1_0.sku,
        p1_0.supplier,
        p1_0.unit_price,
        p1_0.updated_at 
    from
        products p1_0
2026-05-28T15:12:22.500+05:30 DEBUG 25372 --- [thundercore-erp] [nio-8080-exec-1] org.hibernate.SQL                        : 
    select
        i1_0.id,
        i1_0.created_at,
        i1_0.customer_email,
        i1_0.customer_name,
        i1_0.invoice_number,
        i1_0.net_amount,
        i1_0.notes,
        i1_0.status,
        i1_0.tax_amount,
        i1_0.total_amount,
        i1_0.updated_at 
    from
        invoices i1_0
2026-05-28T15:12:22.514+05:30 DEBUG 25372 --- [thundercore-erp] [nio-8080-exec-1] org.hibernate.SQL                        : 
    select
        count(*) 
    from
        products p1_0
2026-05-28T15:12:22.525+05:30 DEBUG 25372 --- [thundercore-erp] [nio-8080-exec-1] org.hibernate.SQL                        : 
    select
        count(*) 
    from
        employees e1_0
2026-05-28T15:12:22.638+05:30 DEBUG 25372 --- [thundercore-erp] [nio-8080-exec-1] org.hibernate.SQL                        : 
    select
        count(*) 
    from
        invoices i1_0
2026-05-28T15:12:22.707+05:30 DEBUG 25372 --- [thundercore-erp] [nio-8080-exec-1] org.hibernate.SQL                        : 
    select
        count(*) 
    from
        users u1_0
2026-05-28T15:12:22.719+05:30 DEBUG 25372 --- [thundercore-erp] [nio-8080-exec-1] org.hibernate.SQL                        : 
    select
        count(*) 
    from
        customers c1_0
2026-05-28T15:12:22.758+05:30 DEBUG 25372 --- [thundercore-erp] [nio-8080-exec-1] org.hibernate.SQL                        : 
    select
        count(*) 
    from
        sale_orders so1_0
2026-05-28T15:12:22.770+05:30 DEBUG 25372 --- [thundercore-erp] [nio-8080-exec-1] org.hibernate.SQL                        : 
    select
        coalesce(sum(i1_0.net_amount), 0) 
    from
        invoices i1_0 
    where
        i1_0.status=?
2026-05-28T15:12:22.781+05:30 DEBUG 25372 --- [thundercore-erp] [nio-8080-exec-1] org.hibernate.SQL                        : 
    select
        count(i1_0.id) 
    from
        invoices i1_0 
    where
        i1_0.status=?
2026-05-28T15:12:22.866+05:30 DEBUG 25372 --- [thundercore-erp] [nio-8080-exec-1] o.s.w.s.m.m.a.HttpEntityMethodProcessor  : Using 'application/json', given [application/json, text/plain, */*] and supported [application/json, application/*+json, application/yaml]
2026-05-28T15:12:22.871+05:30 DEBUG 25372 --- [thundercore-erp] [nio-8080-exec-1] o.s.w.s.m.m.a.HttpEntityMethodProcessor  : Writing [ApiResponse(success=true, message=Dashboard stats retrieved, data={totalProducts=0, totalEmployees=0 (truncated)...]
2026-05-28T15:12:22.881+05:30 DEBUG 25372 --- [thundercore-erp] [nio-8080-exec-1] o.s.web.servlet.DispatcherServlet        : Completed 200 OK
2026-05-28T15:12:27.066+05:30 DEBUG 25372 --- [thundercore-erp] [boundChannel-62] org.springframework.web.SimpLogging      : Processing DISCONNECT receipt=close-2 session=c5pxqnwn
2026-05-28T15:12:27.137+05:30 DEBUG 25372 --- [thundercore-erp] [nio-8080-exec-9] s.w.s.h.LoggingWebSocketHandlerDecorator : WebSocketServerSockJsSession[id=c5pxqnwn] closed with CloseStatus[code=1000, reason=null]
2026-05-28T15:12:27.139+05:30 DEBUG 25372 --- [thundercore-erp] [nio-8080-exec-9] o.s.w.s.m.SubProtocolWebSocketHandler    : Clearing session c5pxqnwn
2026-05-28T15:12:27.142+05:30 DEBUG 25372 --- [thundercore-erp] [boundChannel-54] org.springframework.web.SimpLogging      : Processing DISCONNECT session=c5pxqnwn
2026-05-28T15:12:27.152+05:30 DEBUG 25372 --- [thundercore-erp] [boundChannel-28] o.s.w.s.m.SubProtocolWebSocketHandler    : No session for GenericMessage [payload=byte[0], headers={simpMessageType=DISCONNECT_ACK, simpDisconnectMessage=GenericMessage [payload=byte[0], headers={simpMessageType=DISCONNECT, stompCommand=DISCONNECT, simpSessionAttributes={org.springframework.messaging.simp.SimpAttributes.COMPLETED=true}, simpUser=UsernamePasswordAuthenticationToken [Principal=org.springframework.security.core.userdetails.User [Username=admin@thundercore.com, Password=[PROTECTED], Enabled=true, AccountNonExpired=true, CredentialsNonExpired=true, AccountNonLocked=true, Granted Authorities=[ROLE_SUPER_ADMIN]], Credentials=[PROTECTED], Authenticated=true, Details=null, Granted Authorities=[ROLE_SUPER_ADMIN]], simpSessionId=c5pxqnwn}], simpUser=UsernamePasswordAuthenticationToken [Principal=org.springframework.security.core.userdetails.User [Username=admin@thundercore.com, Password=[PROTECTED], Enabled=true, AccountNonExpired=true, CredentialsNonExpired=true, AccountNonLocked=true, Granted Authorities=[ROLE_SUPER_ADMIN]], Credentials=[PROTECTED], Authenticated=true, Details=null, Granted Authorities=[ROLE_SUPER_ADMIN]], simpSessionId=c5pxqnwn}]
2026-05-28T15:12:29.926+05:30 DEBUG 25372 --- [thundercore-erp] [nio-8080-exec-7] o.s.web.servlet.DispatcherServlet        : POST "/api/auth/login", parameters={}
2026-05-28T15:12:29.929+05:30 DEBUG 25372 --- [thundercore-erp] [nio-8080-exec-7] s.w.s.m.m.a.RequestMappingHandlerMapping : Mapped to com.thundercore.erp.auth.controller.AuthController#login(AuthRequest)
2026-05-28T15:12:29.938+05:30 DEBUG 25372 --- [thundercore-erp] [nio-8080-exec-7] m.m.a.RequestResponseBodyMethodProcessor : Read "application/json;charset=UTF-8" to [AuthRequest(email=manager@thundercore.com, password=Manager@123)]
2026-05-28T15:12:29.949+05:30 DEBUG 25372 --- [thundercore-erp] [nio-8080-exec-7] org.hibernate.SQL                        : 
    select
        u1_0.id,
        u1_0.active,
        u1_0.created_at,
        u1_0.email,
        u1_0.first_name,
        u1_0.last_name,
        u1_0.password,
        u1_0.role,
        u1_0.updated_at 
    from
        users u1_0 
    where
        u1_0.email=?
2026-05-28T15:12:30.125+05:30 DEBUG 25372 --- [thundercore-erp] [nio-8080-exec-7] org.hibernate.SQL                        : 
    select
        u1_0.id,
        u1_0.active,
        u1_0.created_at,
        u1_0.email,
        u1_0.first_name,
        u1_0.last_name,
        u1_0.password,
        u1_0.role,
        u1_0.updated_at 
    from
        users u1_0 
    where
        u1_0.email=?
2026-05-28T15:12:30.152+05:30 DEBUG 25372 --- [thundercore-erp] [nio-8080-exec-7] org.hibernate.SQL                        : 
    select
        u1_0.id,
        u1_0.active,
        u1_0.created_at,
        u1_0.email,
        u1_0.first_name,
        u1_0.last_name,
        u1_0.password,
        u1_0.role,
        u1_0.updated_at 
    from
        users u1_0 
    where
        u1_0.email=?
2026-05-28T15:12:30.158+05:30  INFO 25372 --- [thundercore-erp] [nio-8080-exec-7] c.t.erp.auth.controller.AuthController   : Successful login: manager@thundercore.com (role=MANAGER)
2026-05-28T15:12:30.160+05:30 DEBUG 25372 --- [thundercore-erp] [nio-8080-exec-7] o.s.w.s.m.m.a.HttpEntityMethodProcessor  : Using 'application/json', given [application/json, text/plain, */*] and supported [application/json, application/*+json, application/yaml]
2026-05-28T15:12:30.161+05:30 DEBUG 25372 --- [thundercore-erp] [nio-8080-exec-7] o.s.w.s.m.m.a.HttpEntityMethodProcessor  : Writing [AuthResponse(token=eyJhbGciOiJIUzM4NCJ9.eyJzdWIiOiJtYW5hZ2VyQHRodW5kZXJjb3JlLmNvbSIsImlhdCI6MTc3OTk2 (truncated)...]
2026-05-28T15:12:30.227+05:30 DEBUG 25372 --- [thundercore-erp] [nio-8080-exec-7] o.s.web.servlet.DispatcherServlet        : Completed 200 OK
2026-05-28T15:12:30.671+05:30 DEBUG 25372 --- [thundercore-erp] [nio-8080-exec-3] org.hibernate.SQL                        : 
    select
        u1_0.id,
        u1_0.active,
        u1_0.created_at,
        u1_0.email,
        u1_0.first_name,
        u1_0.last_name,
        u1_0.password,
        u1_0.role,
        u1_0.updated_at 
    from
        users u1_0 
    where
        u1_0.email=?
2026-05-28T15:12:30.673+05:30 DEBUG 25372 --- [thundercore-erp] [nio-8080-exec-8] o.s.web.servlet.DispatcherServlet        : GET "/ws/info?t=1779961350352", parameters={masked}
2026-05-28T15:12:30.676+05:30 DEBUG 25372 --- [thundercore-erp] [nio-8080-exec-6] org.hibernate.SQL                        : 
    select
        u1_0.id,
        u1_0.active,
        u1_0.created_at,
        u1_0.email,
        u1_0.first_name,
        u1_0.last_name,
        u1_0.password,
        u1_0.role,
        u1_0.updated_at 
    from
        users u1_0 
    where
        u1_0.email=?
2026-05-28T15:12:30.678+05:30 DEBUG 25372 --- [thundercore-erp] [nio-8080-exec-8] o.s.w.s.s.s.WebSocketHandlerMapping      : Mapped to org.springframework.web.socket.sockjs.support.SockJsHttpRequestHandler@714f3e27
2026-05-28T15:12:30.689+05:30 DEBUG 25372 --- [thundercore-erp] [nio-8080-exec-8] o.s.w.s.s.t.h.DefaultSockJsService       : Processing transport request: GET http://localhost:8080/ws/info?t=1779961350352
2026-05-28T15:12:30.692+05:30 DEBUG 25372 --- [thundercore-erp] [nio-8080-exec-8] o.s.web.servlet.DispatcherServlet        : Completed 200 OK
2026-05-28T15:12:30.691+05:30 DEBUG 25372 --- [thundercore-erp] [nio-8080-exec-3] o.s.web.servlet.DispatcherServlet        : GET "/api/dashboard/stats", parameters={}
2026-05-28T15:12:30.695+05:30 DEBUG 25372 --- [thundercore-erp] [nio-8080-exec-3] s.w.s.m.m.a.RequestMappingHandlerMapping : Mapped to com.thundercore.erp.dashboard.controller.DashboardController#getStats()
2026-05-28T15:12:30.696+05:30 DEBUG 25372 --- [thundercore-erp] [nio-8080-exec-6] o.s.web.servlet.DispatcherServlet        : GET "/api/notifications/me", parameters={}
2026-05-28T15:12:30.700+05:30 DEBUG 25372 --- [thundercore-erp] [nio-8080-exec-6] s.w.s.m.m.a.RequestMappingHandlerMapping : Mapped to com.thundercore.erp.notification.controller.NotificationController#getMyNotifications(Authentication)
2026-05-28T15:12:30.703+05:30 DEBUG 25372 --- [thundercore-erp] [nio-8080-exec-3] org.hibernate.SQL                        : 
    select
        p1_0.id,
        p1_0.category,
        p1_0.created_at,
        p1_0.description,
        p1_0.name,
        p1_0.quantity,
        p1_0.reorder_threshold,
        p1_0.sku,
        p1_0.supplier,
        p1_0.unit_price,
        p1_0.updated_at 
    from
        products p1_0
2026-05-28T15:12:30.710+05:30 DEBUG 25372 --- [thundercore-erp] [nio-8080-exec-6] org.hibernate.SQL                        : 
    select
        u1_0.id,
        u1_0.active,
        u1_0.created_at,
        u1_0.email,
        u1_0.first_name,
        u1_0.last_name,
        u1_0.password,
        u1_0.role,
        u1_0.updated_at 
    from
        users u1_0 
    where
        u1_0.email=?
2026-05-28T15:12:30.715+05:30 DEBUG 25372 --- [thundercore-erp] [nio-8080-exec-3] org.hibernate.SQL                        : 
    select
        i1_0.id,
        i1_0.created_at,
        i1_0.customer_email,
        i1_0.customer_name,
        i1_0.invoice_number,
        i1_0.net_amount,
        i1_0.notes,
        i1_0.status,
        i1_0.tax_amount,
        i1_0.total_amount,
        i1_0.updated_at 
    from
        invoices i1_0
2026-05-28T15:12:30.731+05:30 DEBUG 25372 --- [thundercore-erp] [nio-8080-exec-5] o.s.web.servlet.DispatcherServlet        : GET "/ws/411/qohosews/websocket", parameters={}
2026-05-28T15:12:30.737+05:30 DEBUG 25372 --- [thundercore-erp] [nio-8080-exec-3] org.hibernate.SQL                        : 
    select
        count(*) 
    from
        products p1_0
2026-05-28T15:12:30.735+05:30 DEBUG 25372 --- [thundercore-erp] [nio-8080-exec-6] org.hibernate.SQL                        : 
    select
        n1_0.id,
        n1_0.created_at,
        n1_0.is_read,
        n1_0.message,
        n1_0.title,
        n1_0.user_id 
    from
        notifications n1_0 
    left join
        users u1_0 
            on u1_0.id=n1_0.user_id 
    where
        u1_0.id=? 
    order by
        n1_0.created_at desc
2026-05-28T15:12:30.738+05:30 DEBUG 25372 --- [thundercore-erp] [nio-8080-exec-5] o.s.w.s.s.s.WebSocketHandlerMapping      : Mapped to org.springframework.web.socket.sockjs.support.SockJsHttpRequestHandler@714f3e27
2026-05-28T15:12:30.765+05:30 DEBUG 25372 --- [thundercore-erp] [nio-8080-exec-5] o.s.w.s.s.t.h.DefaultSockJsService       : Processing transport request: GET http://localhost:8080/ws/411/qohosews/websocket
2026-05-28T15:12:30.766+05:30 DEBUG 25372 --- [thundercore-erp] [nio-8080-exec-3] org.hibernate.SQL                        : 
    select
        count(*) 
    from
        employees e1_0
2026-05-28T15:12:30.767+05:30 DEBUG 25372 --- [thundercore-erp] [nio-8080-exec-6] o.s.w.s.m.m.a.HttpEntityMethodProcessor  : Using 'application/json', given [application/json, text/plain, */*] and supported [application/json, application/*+json, application/yaml]
2026-05-28T15:12:30.772+05:30 DEBUG 25372 --- [thundercore-erp] [nio-8080-exec-6] o.s.w.s.m.m.a.HttpEntityMethodProcessor  : Writing [ApiResponse(success=true, message=Notifications retrieved, data=[])]
2026-05-28T15:12:30.773+05:30 DEBUG 25372 --- [thundercore-erp] [nio-8080-exec-5] o.s.web.servlet.DispatcherServlet        : Completed 101 SWITCHING_PROTOCOLS
2026-05-28T15:12:30.775+05:30 DEBUG 25372 --- [thundercore-erp] [nio-8080-exec-3] org.hibernate.SQL                        : 
    select
        count(*) 
    from
        invoices i1_0
2026-05-28T15:12:30.776+05:30 DEBUG 25372 --- [thundercore-erp] [nio-8080-exec-6] o.s.web.servlet.DispatcherServlet        : Completed 200 OK
2026-05-28T15:12:30.784+05:30 DEBUG 25372 --- [thundercore-erp] [nio-8080-exec-5] s.w.s.h.LoggingWebSocketHandlerDecorator : New WebSocketServerSockJsSession[id=qohosews]
2026-05-28T15:12:30.789+05:30 DEBUG 25372 --- [thundercore-erp] [nio-8080-exec-3] org.hibernate.SQL                        : 
    select
        count(*) 
    from
        users u1_0
2026-05-28T15:12:30.810+05:30 DEBUG 25372 --- [thundercore-erp] [nio-8080-exec-3] org.hibernate.SQL                        : 
    select
        count(*) 
    from
        customers c1_0
2026-05-28T15:12:30.819+05:30 DEBUG 25372 --- [thundercore-erp] [nio-8080-exec-3] org.hibernate.SQL                        : 
    select
        count(*) 
    from
        sale_orders so1_0
2026-05-28T15:12:30.821+05:30 DEBUG 25372 --- [thundercore-erp] [nio-8080-exec-4] org.hibernate.SQL                        : 
    select
        u1_0.id,
        u1_0.active,
        u1_0.created_at,
        u1_0.email,
        u1_0.first_name,
        u1_0.last_name,
        u1_0.password,
        u1_0.role,
        u1_0.updated_at 
    from
        users u1_0 
    where
        u1_0.email=?
2026-05-28T15:12:30.822+05:30 DEBUG 25372 --- [thundercore-erp] [nio-8080-exec-2] org.hibernate.SQL                        : 
    select
        u1_0.id,
        u1_0.active,
        u1_0.created_at,
        u1_0.email,
        u1_0.first_name,
        u1_0.last_name,
        u1_0.password,
        u1_0.role,
        u1_0.updated_at 
    from
        users u1_0 
    where
        u1_0.email=?
2026-05-28T15:12:30.825+05:30 DEBUG 25372 --- [thundercore-erp] [nio-8080-exec-3] org.hibernate.SQL                        : 
    select
        coalesce(sum(i1_0.net_amount), 0) 
    from
        invoices i1_0 
    where
        i1_0.status=?
2026-05-28T15:12:30.830+05:30 DEBUG 25372 --- [thundercore-erp] [boundChannel-68] org.springframework.web.SimpLogging      : Processing CONNECT user=manager@thundercore.com session=qohosews
2026-05-28T15:12:30.832+05:30 DEBUG 25372 --- [thundercore-erp] [nio-8080-exec-3] org.hibernate.SQL                        : 
    select
        count(i1_0.id) 
    from
        invoices i1_0 
    where
        i1_0.status=?
2026-05-28T15:12:30.837+05:30 DEBUG 25372 --- [thundercore-erp] [nio-8080-exec-4] o.s.web.servlet.DispatcherServlet        : GET "/api/notifications/me", parameters={}
2026-05-28T15:12:30.839+05:30 DEBUG 25372 --- [thundercore-erp] [nio-8080-exec-4] s.w.s.m.m.a.RequestMappingHandlerMapping : Mapped to com.thundercore.erp.notification.controller.NotificationController#getMyNotifications(Authentication)
2026-05-28T15:12:30.840+05:30 DEBUG 25372 --- [thundercore-erp] [nio-8080-exec-3] o.s.w.s.m.m.a.HttpEntityMethodProcessor  : Using 'application/json', given [application/json, text/plain, */*] and supported [application/json, application/*+json, application/yaml]
2026-05-28T15:12:30.845+05:30 DEBUG 25372 --- [thundercore-erp] [nio-8080-exec-3] o.s.w.s.m.m.a.HttpEntityMethodProcessor  : Writing [ApiResponse(success=true, message=Dashboard stats retrieved, data={totalProducts=0, totalEmployees=0 (truncated)...]
2026-05-28T15:12:30.852+05:30 DEBUG 25372 --- [thundercore-erp] [nio-8080-exec-4] org.hibernate.SQL                        : 
    select
        u1_0.id,
        u1_0.active,
        u1_0.created_at,
        u1_0.email,
        u1_0.first_name,
        u1_0.last_name,
        u1_0.password,
        u1_0.role,
        u1_0.updated_at 
    from
        users u1_0 
    where
        u1_0.email=?
2026-05-28T15:12:30.858+05:30 DEBUG 25372 --- [thundercore-erp] [nio-8080-exec-3] o.s.web.servlet.DispatcherServlet        : Completed 200 OK
2026-05-28T15:12:30.872+05:30 DEBUG 25372 --- [thundercore-erp] [boundChannel-69] org.springframework.web.SimpLogging      : Processing SUBSCRIBE destination=/queue/notifications-userqohosews subscriptionId=sub-0 session=qohosews user=manager@thundercore.com payload=byte[0]
2026-05-28T15:12:30.875+05:30 DEBUG 25372 --- [thundercore-erp] [nio-8080-exec-4] org.hibernate.SQL                        : 
    select
        n1_0.id,
        n1_0.created_at,
        n1_0.is_read,
        n1_0.message,
        n1_0.title,
        n1_0.user_id 
    from
        notifications n1_0 
    left join
        users u1_0 
            on u1_0.id=n1_0.user_id 
    where
        u1_0.id=? 
    order by
        n1_0.created_at desc
2026-05-28T15:12:30.878+05:30 DEBUG 25372 --- [thundercore-erp] [boundChannel-63] org.springframework.web.SimpLogging      : Processing SUBSCRIBE /topic/dashboard id=sub-1 session=qohosews
2026-05-28T15:12:30.883+05:30 DEBUG 25372 --- [thundercore-erp] [nio-8080-exec-4] o.s.w.s.m.m.a.HttpEntityMethodProcessor  : Using 'application/json', given [application/json, text/plain, */*] and supported [application/json, application/*+json, application/yaml]
2026-05-28T15:12:30.887+05:30 DEBUG 25372 --- [thundercore-erp] [nio-8080-exec-4] o.s.w.s.m.m.a.HttpEntityMethodProcessor  : Writing [ApiResponse(success=true, message=Notifications retrieved, data=[])]
2026-05-28T15:12:30.890+05:30 DEBUG 25372 --- [thundercore-erp] [nio-8080-exec-4] o.s.web.servlet.DispatcherServlet        : Completed 200 OK
2026-05-28T15:12:30.911+05:30 DEBUG 25372 --- [thundercore-erp] [io-8080-exec-10] org.hibernate.SQL                        : 
    select
        u1_0.id,
        u1_0.active,
        u1_0.created_at,
        u1_0.email,
        u1_0.first_name,
        u1_0.last_name,
        u1_0.password,
        u1_0.role,
        u1_0.updated_at 
    from
        users u1_0 
    where
        u1_0.email=?
2026-05-28T15:12:30.929+05:30 DEBUG 25372 --- [thundercore-erp] [io-8080-exec-10] o.s.web.servlet.DispatcherServlet        : GET "/api/dashboard/stats", parameters={}
2026-05-28T15:12:30.932+05:30 DEBUG 25372 --- [thundercore-erp] [io-8080-exec-10] s.w.s.m.m.a.RequestMappingHandlerMapping : Mapped to com.thundercore.erp.dashboard.controller.DashboardController#getStats()
2026-05-28T15:12:30.939+05:30 DEBUG 25372 --- [thundercore-erp] [io-8080-exec-10] org.hibernate.SQL                        : 
    select
        p1_0.id,
        p1_0.category,
        p1_0.created_at,
        p1_0.description,
        p1_0.name,
        p1_0.quantity,
        p1_0.reorder_threshold,
        p1_0.sku,
        p1_0.supplier,
        p1_0.unit_price,
        p1_0.updated_at 
    from
        products p1_0
2026-05-28T15:12:30.956+05:30 DEBUG 25372 --- [thundercore-erp] [io-8080-exec-10] org.hibernate.SQL                        : 
    select
        i1_0.id,
        i1_0.created_at,
        i1_0.customer_email,
        i1_0.customer_name,
        i1_0.invoice_number,
        i1_0.net_amount,
        i1_0.notes,
        i1_0.status,
        i1_0.tax_amount,
        i1_0.total_amount,
        i1_0.updated_at 
    from
        invoices i1_0
2026-05-28T15:12:30.966+05:30 DEBUG 25372 --- [thundercore-erp] [io-8080-exec-10] org.hibernate.SQL                        : 
    select
        count(*) 
    from
        products p1_0
2026-05-28T15:12:30.976+05:30 DEBUG 25372 --- [thundercore-erp] [io-8080-exec-10] org.hibernate.SQL                        : 
    select
        count(*) 
    from
        employees e1_0
2026-05-28T15:12:30.994+05:30 DEBUG 25372 --- [thundercore-erp] [io-8080-exec-10] org.hibernate.SQL                        : 
    select
        count(*) 
    from
        invoices i1_0
2026-05-28T15:12:31.037+05:30 DEBUG 25372 --- [thundercore-erp] [io-8080-exec-10] org.hibernate.SQL                        : 
    select
        count(*) 
    from
        users u1_0
2026-05-28T15:12:31.054+05:30 DEBUG 25372 --- [thundercore-erp] [io-8080-exec-10] org.hibernate.SQL                        : 
    select
        count(*) 
    from
        customers c1_0
2026-05-28T15:12:31.092+05:30 DEBUG 25372 --- [thundercore-erp] [io-8080-exec-10] org.hibernate.SQL                        : 
    select
        count(*) 
    from
        sale_orders so1_0
2026-05-28T15:12:31.112+05:30 DEBUG 25372 --- [thundercore-erp] [io-8080-exec-10] org.hibernate.SQL                        : 
    select
        coalesce(sum(i1_0.net_amount), 0) 
    from
        invoices i1_0 
    where
        i1_0.status=?
2026-05-28T15:12:31.147+05:30 DEBUG 25372 --- [thundercore-erp] [io-8080-exec-10] org.hibernate.SQL                        : 
    select
        count(i1_0.id) 
    from
        invoices i1_0 
    where
        i1_0.status=?
2026-05-28T15:12:31.174+05:30 DEBUG 25372 --- [thundercore-erp] [io-8080-exec-10] o.s.w.s.m.m.a.HttpEntityMethodProcessor  : Using 'application/json', given [application/json, text/plain, */*] and supported [application/json, application/*+json, application/yaml]
2026-05-28T15:12:31.175+05:30 DEBUG 25372 --- [thundercore-erp] [io-8080-exec-10] o.s.w.s.m.m.a.HttpEntityMethodProcessor  : Writing [ApiResponse(success=true, message=Dashboard stats retrieved, data={totalProducts=0, totalEmployees=0 (truncated)...]
2026-05-28T15:12:31.178+05:30 DEBUG 25372 --- [thundercore-erp] [io-8080-exec-10] o.s.web.servlet.DispatcherServlet        : Completed 200 OK
2026-05-28T15:12:32.830+05:30 DEBUG 25372 --- [thundercore-erp] [MessageBroker-4] o.s.w.s.s.t.h.DefaultSockJsService       : Closed 1 sessions: [c5pxqnwn]
2026-05-28T15:12:37.202+05:30 DEBUG 25372 --- [thundercore-erp] [boundChannel-64] org.springframework.web.SimpLogging      : Processing DISCONNECT receipt=close-2 session=qohosews
2026-05-28T15:12:37.215+05:30 DEBUG 25372 --- [thundercore-erp] [nio-8080-exec-7] s.w.s.h.LoggingWebSocketHandlerDecorator : WebSocketServerSockJsSession[id=qohosews] closed with CloseStatus[code=1000, reason=null]
2026-05-28T15:12:37.216+05:30 DEBUG 25372 --- [thundercore-erp] [nio-8080-exec-7] o.s.w.s.m.SubProtocolWebSocketHandler    : Clearing session qohosews
2026-05-28T15:12:37.218+05:30 DEBUG 25372 --- [thundercore-erp] [boundChannel-67] org.springframework.web.SimpLogging      : Processing DISCONNECT session=qohosews
2026-05-28T15:12:37.222+05:30 DEBUG 25372 --- [thundercore-erp] [boundChannel-31] o.s.w.s.m.SubProtocolWebSocketHandler    : No session for GenericMessage [payload=byte[0], headers={simpMessageType=DISCONNECT_ACK, simpDisconnectMessage=GenericMessage [payload=byte[0], headers={simpMessageType=DISCONNECT, stompCommand=DISCONNECT, simpSessionAttributes={org.springframework.messaging.simp.SimpAttributes.COMPLETED=true}, simpUser=UsernamePasswordAuthenticationToken [Principal=org.springframework.security.core.userdetails.User [Username=manager@thundercore.com, Password=[PROTECTED], Enabled=true, AccountNonExpired=true, CredentialsNonExpired=true, AccountNonLocked=true, Granted Authorities=[ROLE_MANAGER]], Credentials=[PROTECTED], Authenticated=true, Details=null, Granted Authorities=[ROLE_MANAGER]], simpSessionId=qohosews}], simpUser=UsernamePasswordAuthenticationToken [Principal=org.springframework.security.core.userdetails.User [Username=manager@thundercore.com, Password=[PROTECTED], Enabled=true, AccountNonExpired=true, CredentialsNonExpired=true, AccountNonLocked=true, Granted Authorities=[ROLE_MANAGER]], Credentials=[PROTECTED], Authenticated=true, Details=null, Granted Authorities=[ROLE_MANAGER]], simpSessionId=qohosews}]
2026-05-28T15:12:39.548+05:30 DEBUG 25372 --- [thundercore-erp] [nio-8080-exec-8] o.s.web.servlet.DispatcherServlet        : POST "/api/auth/login", parameters={}
2026-05-28T15:12:39.551+05:30 DEBUG 25372 --- [thundercore-erp] [nio-8080-exec-8] s.w.s.m.m.a.RequestMappingHandlerMapping : Mapped to com.thundercore.erp.auth.controller.AuthController#login(AuthRequest)
2026-05-28T15:12:39.555+05:30 DEBUG 25372 --- [thundercore-erp] [nio-8080-exec-8] m.m.a.RequestResponseBodyMethodProcessor : Read "application/json;charset=UTF-8" to [AuthRequest(email=staff@thundercore.com, password=Staff@123)]
2026-05-28T15:12:39.561+05:30 DEBUG 25372 --- [thundercore-erp] [nio-8080-exec-8] org.hibernate.SQL                        : 
    select
        u1_0.id,
        u1_0.active,
        u1_0.created_at,
        u1_0.email,
        u1_0.first_name,
        u1_0.last_name,
        u1_0.password,
        u1_0.role,
        u1_0.updated_at 
    from
        users u1_0 
    where
        u1_0.email=?
2026-05-28T15:12:39.733+05:30 DEBUG 25372 --- [thundercore-erp] [nio-8080-exec-8] org.hibernate.SQL                        : 
    select
        u1_0.id,
        u1_0.active,
        u1_0.created_at,
        u1_0.email,
        u1_0.first_name,
        u1_0.last_name,
        u1_0.password,
        u1_0.role,
        u1_0.updated_at 
    from
        users u1_0 
    where
        u1_0.email=?
2026-05-28T15:12:39.751+05:30 DEBUG 25372 --- [thundercore-erp] [nio-8080-exec-8] org.hibernate.SQL                        : 
    select
        u1_0.id,
        u1_0.active,
        u1_0.created_at,
        u1_0.email,
        u1_0.first_name,
        u1_0.last_name,
        u1_0.password,
        u1_0.role,
        u1_0.updated_at 
    from
        users u1_0 
    where
        u1_0.email=?
2026-05-28T15:12:39.753+05:30  INFO 25372 --- [thundercore-erp] [nio-8080-exec-8] c.t.erp.auth.controller.AuthController   : Successful login: staff@thundercore.com (role=STAFF)
2026-05-28T15:12:39.755+05:30 DEBUG 25372 --- [thundercore-erp] [nio-8080-exec-8] o.s.w.s.m.m.a.HttpEntityMethodProcessor  : Using 'application/json', given [application/json, text/plain, */*] and supported [application/json, application/*+json, application/yaml]
2026-05-28T15:12:39.756+05:30 DEBUG 25372 --- [thundercore-erp] [nio-8080-exec-8] o.s.w.s.m.m.a.HttpEntityMethodProcessor  : Writing [AuthResponse(token=eyJhbGciOiJIUzM4NCJ9.eyJzdWIiOiJzdGFmZkB0aHVuZGVyY29yZS5jb20iLCJpYXQiOjE3Nzk5NjEz (truncated)...]
2026-05-28T15:12:39.760+05:30 DEBUG 25372 --- [thundercore-erp] [nio-8080-exec-8] o.s.web.servlet.DispatcherServlet        : Completed 200 OK
2026-05-28T15:12:39.909+05:30 DEBUG 25372 --- [thundercore-erp] [nio-8080-exec-6] org.hibernate.SQL                        : 
    select
        u1_0.id,
        u1_0.active,
        u1_0.created_at,
        u1_0.email,
        u1_0.first_name,
        u1_0.last_name,
        u1_0.password,
        u1_0.role,
        u1_0.updated_at 
    from
        users u1_0 
    where
        u1_0.email=?
2026-05-28T15:12:39.911+05:30 DEBUG 25372 --- [thundercore-erp] [nio-8080-exec-2] o.s.web.servlet.DispatcherServlet        : GET "/ws/info?t=1779961359814", parameters={masked}
2026-05-28T15:12:39.916+05:30 DEBUG 25372 --- [thundercore-erp] [nio-8080-exec-5] org.hibernate.SQL                        : 
    select
        u1_0.id,
        u1_0.active,
        u1_0.created_at,
        u1_0.email,
        u1_0.first_name,
        u1_0.last_name,
        u1_0.password,
        u1_0.role,
        u1_0.updated_at 
    from
        users u1_0 
    where
        u1_0.email=?
2026-05-28T15:12:39.947+05:30 DEBUG 25372 --- [thundercore-erp] [nio-8080-exec-2] o.s.w.s.s.s.WebSocketHandlerMapping      : Mapped to org.springframework.web.socket.sockjs.support.SockJsHttpRequestHandler@714f3e27
2026-05-28T15:12:39.952+05:30 DEBUG 25372 --- [thundercore-erp] [nio-8080-exec-2] o.s.w.s.s.t.h.DefaultSockJsService       : Processing transport request: GET http://localhost:8080/ws/info?t=1779961359814
2026-05-28T15:12:39.955+05:30 DEBUG 25372 --- [thundercore-erp] [nio-8080-exec-2] o.s.web.servlet.DispatcherServlet        : Completed 200 OK
2026-05-28T15:12:39.957+05:30 DEBUG 25372 --- [thundercore-erp] [nio-8080-exec-6] o.s.web.servlet.DispatcherServlet        : GET "/api/dashboard/stats", parameters={}
2026-05-28T15:12:39.958+05:30 DEBUG 25372 --- [thundercore-erp] [nio-8080-exec-5] o.s.web.servlet.DispatcherServlet        : GET "/api/notifications/me", parameters={}
2026-05-28T15:12:39.959+05:30 DEBUG 25372 --- [thundercore-erp] [nio-8080-exec-6] s.w.s.m.m.a.RequestMappingHandlerMapping : Mapped to com.thundercore.erp.dashboard.controller.DashboardController#getStats()
2026-05-28T15:12:39.962+05:30 DEBUG 25372 --- [thundercore-erp] [nio-8080-exec-5] s.w.s.m.m.a.RequestMappingHandlerMapping : Mapped to com.thundercore.erp.notification.controller.NotificationController#getMyNotifications(Authentication)
2026-05-28T15:12:39.972+05:30 DEBUG 25372 --- [thundercore-erp] [nio-8080-exec-6] org.hibernate.SQL                        : 
    select
        p1_0.id,
        p1_0.category,
        p1_0.created_at,
        p1_0.description,
        p1_0.name,
        p1_0.quantity,
        p1_0.reorder_threshold,
        p1_0.sku,
        p1_0.supplier,
        p1_0.unit_price,
        p1_0.updated_at 
    from
        products p1_0
2026-05-28T15:12:39.980+05:30 DEBUG 25372 --- [thundercore-erp] [nio-8080-exec-5] org.hibernate.SQL                        : 
    select
        u1_0.id,
        u1_0.active,
        u1_0.created_at,
        u1_0.email,
        u1_0.first_name,
        u1_0.last_name,
        u1_0.password,
        u1_0.role,
        u1_0.updated_at 
    from
        users u1_0 
    where
        u1_0.email=?
2026-05-28T15:12:40.009+05:30 DEBUG 25372 --- [thundercore-erp] [nio-8080-exec-6] org.hibernate.SQL                        : 
    select
        i1_0.id,
        i1_0.created_at,
        i1_0.customer_email,
        i1_0.customer_name,
        i1_0.invoice_number,
        i1_0.net_amount,
        i1_0.notes,
        i1_0.status,
        i1_0.tax_amount,
        i1_0.total_amount,
        i1_0.updated_at 
    from
        invoices i1_0
2026-05-28T15:12:40.009+05:30 DEBUG 25372 --- [thundercore-erp] [nio-8080-exec-5] org.hibernate.SQL                        : 
    select
        n1_0.id,
        n1_0.created_at,
        n1_0.is_read,
        n1_0.message,
        n1_0.title,
        n1_0.user_id 
    from
        notifications n1_0 
    left join
        users u1_0 
            on u1_0.id=n1_0.user_id 
    where
        u1_0.id=? 
    order by
        n1_0.created_at desc
2026-05-28T15:12:40.015+05:30 DEBUG 25372 --- [thundercore-erp] [nio-8080-exec-6] org.hibernate.SQL                        : 
    select
        count(*) 
    from
        products p1_0
2026-05-28T15:12:40.017+05:30 DEBUG 25372 --- [thundercore-erp] [nio-8080-exec-5] o.s.w.s.m.m.a.HttpEntityMethodProcessor  : Using 'application/json', given [application/json, text/plain, */*] and supported [application/json, application/*+json, application/yaml]
2026-05-28T15:12:40.019+05:30 DEBUG 25372 --- [thundercore-erp] [nio-8080-exec-5] o.s.w.s.m.m.a.HttpEntityMethodProcessor  : Writing [ApiResponse(success=true, message=Notifications retrieved, data=[])]
2026-05-28T15:12:40.021+05:30 DEBUG 25372 --- [thundercore-erp] [nio-8080-exec-6] org.hibernate.SQL                        : 
    select
        count(*) 
    from
        employees e1_0
2026-05-28T15:12:40.022+05:30 DEBUG 25372 --- [thundercore-erp] [nio-8080-exec-5] o.s.web.servlet.DispatcherServlet        : Completed 200 OK
2026-05-28T15:12:40.037+05:30 DEBUG 25372 --- [thundercore-erp] [nio-8080-exec-6] org.hibernate.SQL                        : 
    select
        count(*) 
    from
        invoices i1_0
2026-05-28T15:12:40.046+05:30 DEBUG 25372 --- [thundercore-erp] [nio-8080-exec-3] o.s.web.servlet.DispatcherServlet        : GET "/ws/984/4etfyg2m/websocket", parameters={}
2026-05-28T15:12:40.051+05:30 DEBUG 25372 --- [thundercore-erp] [nio-8080-exec-6] org.hibernate.SQL                        : 
    select
        count(*) 
    from
        users u1_0
2026-05-28T15:12:40.061+05:30 DEBUG 25372 --- [thundercore-erp] [nio-8080-exec-3] o.s.w.s.s.s.WebSocketHandlerMapping      : Mapped to org.springframework.web.socket.sockjs.support.SockJsHttpRequestHandler@714f3e27
2026-05-28T15:12:40.066+05:30 DEBUG 25372 --- [thundercore-erp] [nio-8080-exec-3] o.s.w.s.s.t.h.DefaultSockJsService       : Processing transport request: GET http://localhost:8080/ws/984/4etfyg2m/websocket
2026-05-28T15:12:40.066+05:30 DEBUG 25372 --- [thundercore-erp] [nio-8080-exec-6] org.hibernate.SQL                        : 
    select
        count(*) 
    from
        customers c1_0
2026-05-28T15:12:40.069+05:30 DEBUG 25372 --- [thundercore-erp] [nio-8080-exec-1] org.hibernate.SQL                        : 
    select
        u1_0.id,
        u1_0.active,
        u1_0.created_at,
        u1_0.email,
        u1_0.first_name,
        u1_0.last_name,
        u1_0.password,
        u1_0.role,
        u1_0.updated_at 
    from
        users u1_0 
    where
        u1_0.email=?
2026-05-28T15:12:40.076+05:30 DEBUG 25372 --- [thundercore-erp] [nio-8080-exec-6] org.hibernate.SQL                        : 
    select
        count(*) 
    from
        sale_orders so1_0
2026-05-28T15:12:40.071+05:30 DEBUG 25372 --- [thundercore-erp] [nio-8080-exec-3] o.s.web.servlet.DispatcherServlet        : Completed 101 SWITCHING_PROTOCOLS
2026-05-28T15:12:40.083+05:30 DEBUG 25372 --- [thundercore-erp] [nio-8080-exec-1] o.s.web.servlet.DispatcherServlet        : GET "/api/notifications/me", parameters={}
2026-05-28T15:12:40.094+05:30 DEBUG 25372 --- [thundercore-erp] [nio-8080-exec-1] s.w.s.m.m.a.RequestMappingHandlerMapping : Mapped to com.thundercore.erp.notification.controller.NotificationController#getMyNotifications(Authentication)
2026-05-28T15:12:40.088+05:30 DEBUG 25372 --- [thundercore-erp] [nio-8080-exec-6] org.hibernate.SQL                        : 
    select
        coalesce(sum(i1_0.net_amount), 0) 
    from
        invoices i1_0 
    where
        i1_0.status=?
2026-05-28T15:12:40.096+05:30 DEBUG 25372 --- [thundercore-erp] [nio-8080-exec-3] s.w.s.h.LoggingWebSocketHandlerDecorator : New WebSocketServerSockJsSession[id=4etfyg2m]
2026-05-28T15:12:40.115+05:30 DEBUG 25372 --- [thundercore-erp] [nio-8080-exec-6] org.hibernate.SQL                        : 
    select
        count(i1_0.id) 
    from
        invoices i1_0 
    where
        i1_0.status=?
2026-05-28T15:12:40.114+05:30 DEBUG 25372 --- [thundercore-erp] [nio-8080-exec-1] org.hibernate.SQL                        : 
    select
        u1_0.id,
        u1_0.active,
        u1_0.created_at,
        u1_0.email,
        u1_0.first_name,
        u1_0.last_name,
        u1_0.password,
        u1_0.role,
        u1_0.updated_at 
    from
        users u1_0 
    where
        u1_0.email=?
2026-05-28T15:12:40.130+05:30 DEBUG 25372 --- [thundercore-erp] [nio-8080-exec-6] o.s.w.s.m.m.a.HttpEntityMethodProcessor  : Using 'application/json', given [application/json, text/plain, */*] and supported [application/json, application/*+json, application/yaml]
2026-05-28T15:12:40.132+05:30 DEBUG 25372 --- [thundercore-erp] [nio-8080-exec-6] o.s.w.s.m.m.a.HttpEntityMethodProcessor  : Writing [ApiResponse(success=true, message=Dashboard stats retrieved, data={totalProducts=0, totalEmployees=0 (truncated)...]
2026-05-28T15:12:40.134+05:30 DEBUG 25372 --- [thundercore-erp] [nio-8080-exec-1] org.hibernate.SQL                        : 
    select
        n1_0.id,
        n1_0.created_at,
        n1_0.is_read,
        n1_0.message,
        n1_0.title,
        n1_0.user_id 
    from
        notifications n1_0 
    left join
        users u1_0 
            on u1_0.id=n1_0.user_id 
    where
        u1_0.id=? 
    order by
        n1_0.created_at desc
2026-05-28T15:12:40.137+05:30 DEBUG 25372 --- [thundercore-erp] [nio-8080-exec-6] o.s.web.servlet.DispatcherServlet        : Completed 200 OK
2026-05-28T15:12:40.142+05:30 DEBUG 25372 --- [thundercore-erp] [nio-8080-exec-1] o.s.w.s.m.m.a.HttpEntityMethodProcessor  : Using 'application/json', given [application/json, text/plain, */*] and supported [application/json, application/*+json, application/yaml]
2026-05-28T15:12:40.145+05:30 DEBUG 25372 --- [thundercore-erp] [nio-8080-exec-1] o.s.w.s.m.m.a.HttpEntityMethodProcessor  : Writing [ApiResponse(success=true, message=Notifications retrieved, data=[])]
2026-05-28T15:12:40.147+05:30 DEBUG 25372 --- [thundercore-erp] [nio-8080-exec-4] org.hibernate.SQL                        : 
    select
        u1_0.id,
        u1_0.active,
        u1_0.created_at,
        u1_0.email,
        u1_0.first_name,
        u1_0.last_name,
        u1_0.password,
        u1_0.role,
        u1_0.updated_at 
    from
        users u1_0 
    where
        u1_0.email=?
2026-05-28T15:12:40.148+05:30 DEBUG 25372 --- [thundercore-erp] [nio-8080-exec-1] o.s.web.servlet.DispatcherServlet        : Completed 200 OK
2026-05-28T15:12:40.182+05:30 DEBUG 25372 --- [thundercore-erp] [boundChannel-54] org.springframework.web.SimpLogging      : Processing CONNECT user=staff@thundercore.com session=4etfyg2m
2026-05-28T15:12:40.198+05:30 DEBUG 25372 --- [thundercore-erp] [io-8080-exec-10] org.hibernate.SQL                        : 
    select
        u1_0.id,
        u1_0.active,
        u1_0.created_at,
        u1_0.email,
        u1_0.first_name,
        u1_0.last_name,
        u1_0.password,
        u1_0.role,
        u1_0.updated_at 
    from
        users u1_0 
    where
        u1_0.email=?
2026-05-28T15:12:40.225+05:30 DEBUG 25372 --- [thundercore-erp] [boundChannel-70] org.springframework.web.SimpLogging      : Processing SUBSCRIBE destination=/queue/notifications-user4etfyg2m subscriptionId=sub-0 session=4etfyg2m user=staff@thundercore.com payload=byte[0]
2026-05-28T15:12:40.249+05:30 DEBUG 25372 --- [thundercore-erp] [boundChannel-71] org.springframework.web.SimpLogging      : Processing SUBSCRIBE /topic/dashboard id=sub-1 session=4etfyg2m
2026-05-28T15:12:40.253+05:30 DEBUG 25372 --- [thundercore-erp] [io-8080-exec-10] o.s.web.servlet.DispatcherServlet        : GET "/api/dashboard/stats", parameters={}
2026-05-28T15:12:40.312+05:30 DEBUG 25372 --- [thundercore-erp] [io-8080-exec-10] s.w.s.m.m.a.RequestMappingHandlerMapping : Mapped to com.thundercore.erp.dashboard.controller.DashboardController#getStats()
2026-05-28T15:12:40.327+05:30 DEBUG 25372 --- [thundercore-erp] [io-8080-exec-10] org.hibernate.SQL                        : 
    select
        p1_0.id,
        p1_0.category,
        p1_0.created_at,
        p1_0.description,
        p1_0.name,
        p1_0.quantity,
        p1_0.reorder_threshold,
        p1_0.sku,
        p1_0.supplier,
        p1_0.unit_price,
        p1_0.updated_at 
    from
        products p1_0
2026-05-28T15:12:40.349+05:30 DEBUG 25372 --- [thundercore-erp] [io-8080-exec-10] org.hibernate.SQL                        : 
    select
        i1_0.id,
        i1_0.created_at,
        i1_0.customer_email,
        i1_0.customer_name,
        i1_0.invoice_number,
        i1_0.net_amount,
        i1_0.notes,
        i1_0.status,
        i1_0.tax_amount,
        i1_0.total_amount,
        i1_0.updated_at 
    from
        invoices i1_0
2026-05-28T15:12:40.397+05:30 DEBUG 25372 --- [thundercore-erp] [io-8080-exec-10] org.hibernate.SQL                        : 
    select
        count(*) 
    from
        products p1_0
2026-05-28T15:12:40.432+05:30 DEBUG 25372 --- [thundercore-erp] [io-8080-exec-10] org.hibernate.SQL                        : 
    select
        count(*) 
    from
        employees e1_0
2026-05-28T15:12:40.462+05:30 DEBUG 25372 --- [thundercore-erp] [io-8080-exec-10] org.hibernate.SQL                        : 
    select
        count(*) 
    from
        invoices i1_0
2026-05-28T15:12:40.472+05:30 DEBUG 25372 --- [thundercore-erp] [io-8080-exec-10] org.hibernate.SQL                        : 
    select
        count(*) 
    from
        users u1_0
2026-05-28T15:12:40.488+05:30 DEBUG 25372 --- [thundercore-erp] [io-8080-exec-10] org.hibernate.SQL                        : 
    select
        count(*) 
    from
        customers c1_0
2026-05-28T15:12:40.509+05:30 DEBUG 25372 --- [thundercore-erp] [io-8080-exec-10] org.hibernate.SQL                        : 
    select
        count(*) 
    from
        sale_orders so1_0
2026-05-28T15:12:40.533+05:30 DEBUG 25372 --- [thundercore-erp] [io-8080-exec-10] org.hibernate.SQL                        : 
    select
        coalesce(sum(i1_0.net_amount), 0) 
    from
        invoices i1_0 
    where
        i1_0.status=?
2026-05-28T15:12:40.553+05:30 DEBUG 25372 --- [thundercore-erp] [io-8080-exec-10] org.hibernate.SQL                        : 
    select
        count(i1_0.id) 
    from
        invoices i1_0 
    where
        i1_0.status=?
2026-05-28T15:12:40.566+05:30 DEBUG 25372 --- [thundercore-erp] [io-8080-exec-10] o.s.w.s.m.m.a.HttpEntityMethodProcessor  : Using 'application/json', given [application/json, text/plain, */*] and supported [application/json, application/*+json, application/yaml]
2026-05-28T15:12:40.579+05:30 DEBUG 25372 --- [thundercore-erp] [io-8080-exec-10] o.s.w.s.m.m.a.HttpEntityMethodProcessor  : Writing [ApiResponse(success=true, message=Dashboard stats retrieved, data={totalProducts=0, totalEmployees=0 (truncated)...]
2026-05-28T15:12:40.604+05:30 DEBUG 25372 --- [thundercore-erp] [io-8080-exec-10] o.s.web.servlet.DispatcherServlet        : Completed 200 OK
2026-05-28T15:12:42.829+05:30 DEBUG 25372 --- [thundercore-erp] [MessageBroker-2] o.s.w.s.s.t.h.DefaultSockJsService       : Closed 1 sessions: [qohosews]
2026-05-28T15:12:43.734+05:30 DEBUG 25372 --- [thundercore-erp] [nio-8080-exec-7] org.hibernate.SQL                        : 
    select
        u1_0.id,
        u1_0.active,
        u1_0.created_at,
        u1_0.email,
        u1_0.first_name,
        u1_0.last_name,
        u1_0.password,
        u1_0.role,
        u1_0.updated_at 
    from
        users u1_0 
    where
        u1_0.email=?
2026-05-28T15:12:43.747+05:30 DEBUG 25372 --- [thundercore-erp] [nio-8080-exec-7] o.s.web.servlet.DispatcherServlet        : GET "/api/sales/customers", parameters={}
2026-05-28T15:12:43.754+05:30 DEBUG 25372 --- [thundercore-erp] [nio-8080-exec-7] s.w.s.m.m.a.RequestMappingHandlerMapping : Mapped to com.thundercore.erp.sales.controller.CustomerController#getAllCustomers()
2026-05-28T15:12:43.776+05:30 DEBUG 25372 --- [thundercore-erp] [nio-8080-exec-7] org.hibernate.SQL                        : 
    select
        c1_0.id,
        c1_0.address,
        c1_0.created_at,
        c1_0.email,
        c1_0.name,
        c1_0.phone,
        c1_0.tier,
        c1_0.updated_at 
    from
        customers c1_0
2026-05-28T15:12:43.783+05:30 DEBUG 25372 --- [thundercore-erp] [nio-8080-exec-7] o.s.w.s.m.m.a.HttpEntityMethodProcessor  : Using 'application/json', given [application/json, text/plain, */*] and supported [application/json, application/*+json, application/yaml]
2026-05-28T15:12:43.785+05:30 DEBUG 25372 --- [thundercore-erp] [nio-8080-exec-7] o.s.w.s.m.m.a.HttpEntityMethodProcessor  : Writing [ApiResponse(success=true, message=Customers retrieved, data=[])]
2026-05-28T15:12:43.792+05:30 DEBUG 25372 --- [thundercore-erp] [nio-8080-exec-7] o.s.web.servlet.DispatcherServlet        : Completed 200 OK
2026-05-28T15:12:43.833+05:30 DEBUG 25372 --- [thundercore-erp] [nio-8080-exec-8] org.hibernate.SQL                        : 
    select
        u1_0.id,
        u1_0.active,
        u1_0.created_at,
        u1_0.email,
        u1_0.first_name,
        u1_0.last_name,
        u1_0.password,
        u1_0.role,
        u1_0.updated_at 
    from
        users u1_0 
    where
        u1_0.email=?
2026-05-28T15:12:43.844+05:30 DEBUG 25372 --- [thundercore-erp] [nio-8080-exec-5] org.hibernate.SQL                        : 
    select
        u1_0.id,
        u1_0.active,
        u1_0.created_at,
        u1_0.email,
        u1_0.first_name,
        u1_0.last_name,
        u1_0.password,
        u1_0.role,
        u1_0.updated_at 
    from
        users u1_0 
    where
        u1_0.email=?
2026-05-28T15:12:43.844+05:30 DEBUG 25372 --- [thundercore-erp] [nio-8080-exec-8] o.s.web.servlet.DispatcherServlet        : GET "/api/sales/customers", parameters={}
2026-05-28T15:12:43.848+05:30 DEBUG 25372 --- [thundercore-erp] [nio-8080-exec-8] s.w.s.m.m.a.RequestMappingHandlerMapping : Mapped to com.thundercore.erp.sales.controller.CustomerController#getAllCustomers()
2026-05-28T15:12:43.852+05:30 DEBUG 25372 --- [thundercore-erp] [nio-8080-exec-8] org.hibernate.SQL                        : 
    select
        c1_0.id,
        c1_0.address,
        c1_0.created_at,
        c1_0.email,
        c1_0.name,
        c1_0.phone,
        c1_0.tier,
        c1_0.updated_at 
    from
        customers c1_0
2026-05-28T15:12:43.858+05:30 DEBUG 25372 --- [thundercore-erp] [nio-8080-exec-2] org.hibernate.SQL                        : 
    select
        u1_0.id,
        u1_0.active,
        u1_0.created_at,
        u1_0.email,
        u1_0.first_name,
        u1_0.last_name,
        u1_0.password,
        u1_0.role,
        u1_0.updated_at 
    from
        users u1_0 
    where
        u1_0.email=?
2026-05-28T15:12:43.858+05:30 DEBUG 25372 --- [thundercore-erp] [nio-8080-exec-8] o.s.w.s.m.m.a.HttpEntityMethodProcessor  : Using 'application/json', given [application/json, text/plain, */*] and supported [application/json, application/*+json, application/yaml]
2026-05-28T15:12:43.865+05:30 DEBUG 25372 --- [thundercore-erp] [nio-8080-exec-8] o.s.w.s.m.m.a.HttpEntityMethodProcessor  : Writing [ApiResponse(success=true, message=Customers retrieved, data=[])]
2026-05-28T15:12:43.859+05:30 DEBUG 25372 --- [thundercore-erp] [nio-8080-exec-5] o.s.web.servlet.DispatcherServlet        : GET "/api/inventory/products", parameters={}
2026-05-28T15:12:43.876+05:30 DEBUG 25372 --- [thundercore-erp] [nio-8080-exec-8] o.s.web.servlet.DispatcherServlet        : Completed 200 OK
2026-05-28T15:12:43.881+05:30 DEBUG 25372 --- [thundercore-erp] [nio-8080-exec-2] o.s.web.servlet.DispatcherServlet        : GET "/api/sales/orders", parameters={}
2026-05-28T15:12:43.894+05:30 DEBUG 25372 --- [thundercore-erp] [nio-8080-exec-2] s.w.s.m.m.a.RequestMappingHandlerMapping : Mapped to com.thundercore.erp.sales.controller.SaleOrderController#getOrders()
2026-05-28T15:12:43.885+05:30 DEBUG 25372 --- [thundercore-erp] [nio-8080-exec-5] s.w.s.m.m.a.RequestMappingHandlerMapping : Mapped to com.thundercore.erp.inventory.controller.ProductController#getAllProducts()
2026-05-28T15:12:43.907+05:30 DEBUG 25372 --- [thundercore-erp] [nio-8080-exec-2] org.hibernate.SQL                        : 
    select
        so1_0.id,
        so1_0.created_at,
        so1_0.customer_email,
        so1_0.customer_name,
        so1_0.order_number,
        so1_0.product_id,
        so1_0.quantity,
        so1_0.status,
        so1_0.total_amount,
        so1_0.unit_price,
        so1_0.updated_at 
    from
        sale_orders so1_0
2026-05-28T15:12:43.911+05:30 DEBUG 25372 --- [thundercore-erp] [nio-8080-exec-5] org.hibernate.SQL                        : 
    select
        p1_0.id,
        p1_0.category,
        p1_0.created_at,
        p1_0.description,
        p1_0.name,
        p1_0.quantity,
        p1_0.reorder_threshold,
        p1_0.sku,
        p1_0.supplier,
        p1_0.unit_price,
        p1_0.updated_at 
    from
        products p1_0
2026-05-28T15:12:43.918+05:30 DEBUG 25372 --- [thundercore-erp] [nio-8080-exec-5] o.s.w.s.m.m.a.HttpEntityMethodProcessor  : Using 'application/json', given [application/json, text/plain, */*] and supported [application/json, application/*+json, application/yaml]
2026-05-28T15:12:43.923+05:30 DEBUG 25372 --- [thundercore-erp] [nio-8080-exec-2] o.s.w.s.m.m.a.HttpEntityMethodProcessor  : Using 'application/json', given [application/json, text/plain, */*] and supported [application/json, application/*+json, application/yaml]
2026-05-28T15:12:43.926+05:30 DEBUG 25372 --- [thundercore-erp] [nio-8080-exec-5] o.s.w.s.m.m.a.HttpEntityMethodProcessor  : Writing [ApiResponse(success=true, message=Products retrieved, data=[])]
2026-05-28T15:12:43.931+05:30 DEBUG 25372 --- [thundercore-erp] [nio-8080-exec-2] o.s.w.s.m.m.a.HttpEntityMethodProcessor  : Writing [ApiResponse(success=true, message=Sales orders retrieved, data=[])]
2026-05-28T15:12:43.935+05:30 DEBUG 25372 --- [thundercore-erp] [nio-8080-exec-5] o.s.web.servlet.DispatcherServlet        : Completed 200 OK
2026-05-28T15:12:43.966+05:30 DEBUG 25372 --- [thundercore-erp] [nio-8080-exec-2] o.s.web.servlet.DispatcherServlet        : Completed 200 OK
2026-05-28T15:12:43.973+05:30 DEBUG 25372 --- [thundercore-erp] [nio-8080-exec-3] org.hibernate.SQL                        : 
    select
        u1_0.id,
        u1_0.active,
        u1_0.created_at,
        u1_0.email,
        u1_0.first_name,
        u1_0.last_name,
        u1_0.password,
        u1_0.role,
        u1_0.updated_at 
    from
        users u1_0 
    where
        u1_0.email=?
2026-05-28T15:12:43.983+05:30 DEBUG 25372 --- [thundercore-erp] [nio-8080-exec-3] o.s.web.servlet.DispatcherServlet        : GET "/api/inventory/products", parameters={}
2026-05-28T15:12:43.990+05:30 DEBUG 25372 --- [thundercore-erp] [nio-8080-exec-3] s.w.s.m.m.a.RequestMappingHandlerMapping : Mapped to com.thundercore.erp.inventory.controller.ProductController#getAllProducts()
2026-05-28T15:12:44.000+05:30 DEBUG 25372 --- [thundercore-erp] [nio-8080-exec-3] org.hibernate.SQL                        : 
    select
        p1_0.id,
        p1_0.category,
        p1_0.created_at,
        p1_0.description,
        p1_0.name,
        p1_0.quantity,
        p1_0.reorder_threshold,
        p1_0.sku,
        p1_0.supplier,
        p1_0.unit_price,
        p1_0.updated_at 
    from
        products p1_0
2026-05-28T15:12:44.009+05:30 DEBUG 25372 --- [thundercore-erp] [nio-8080-exec-3] o.s.w.s.m.m.a.HttpEntityMethodProcessor  : Using 'application/json', given [application/json, text/plain, */*] and supported [application/json, application/*+json, application/yaml]
2026-05-28T15:12:44.010+05:30 DEBUG 25372 --- [thundercore-erp] [nio-8080-exec-6] org.hibernate.SQL                        : 
    select
        u1_0.id,
        u1_0.active,
        u1_0.created_at,
        u1_0.email,
        u1_0.first_name,
        u1_0.last_name,
        u1_0.password,
        u1_0.role,
        u1_0.updated_at 
    from
        users u1_0 
    where
        u1_0.email=?
2026-05-28T15:12:44.011+05:30 DEBUG 25372 --- [thundercore-erp] [nio-8080-exec-3] o.s.w.s.m.m.a.HttpEntityMethodProcessor  : Writing [ApiResponse(success=true, message=Products retrieved, data=[])]
2026-05-28T15:12:44.023+05:30 DEBUG 25372 --- [thundercore-erp] [nio-8080-exec-3] o.s.web.servlet.DispatcherServlet        : Completed 200 OK
2026-05-28T15:12:44.027+05:30 DEBUG 25372 --- [thundercore-erp] [nio-8080-exec-6] o.s.web.servlet.DispatcherServlet        : GET "/api/sales/orders", parameters={}
2026-05-28T15:12:44.029+05:30 DEBUG 25372 --- [thundercore-erp] [nio-8080-exec-6] s.w.s.m.m.a.RequestMappingHandlerMapping : Mapped to com.thundercore.erp.sales.controller.SaleOrderController#getOrders()
2026-05-28T15:12:44.033+05:30 DEBUG 25372 --- [thundercore-erp] [nio-8080-exec-6] org.hibernate.SQL                        : 
    select
        so1_0.id,
        so1_0.created_at,
        so1_0.customer_email,
        so1_0.customer_name,
        so1_0.order_number,
        so1_0.product_id,
        so1_0.quantity,
        so1_0.status,
        so1_0.total_amount,
        so1_0.unit_price,
        so1_0.updated_at 
    from
        sale_orders so1_0
2026-05-28T15:12:44.043+05:30 DEBUG 25372 --- [thundercore-erp] [nio-8080-exec-6] o.s.w.s.m.m.a.HttpEntityMethodProcessor  : Using 'application/json', given [application/json, text/plain, */*] and supported [application/json, application/*+json, application/yaml]
2026-05-28T15:12:44.046+05:30 DEBUG 25372 --- [thundercore-erp] [nio-8080-exec-6] o.s.w.s.m.m.a.HttpEntityMethodProcessor  : Writing [ApiResponse(success=true, message=Sales orders retrieved, data=[])]
2026-05-28T15:12:44.050+05:30 DEBUG 25372 --- [thundercore-erp] [nio-8080-exec-6] o.s.web.servlet.DispatcherServlet        : Completed 200 OK
2026-05-28T15:12:44.882+05:30 DEBUG 25372 --- [thundercore-erp] [nio-8080-exec-1] org.hibernate.SQL                        : 
    select
        u1_0.id,
        u1_0.active,
        u1_0.created_at,
        u1_0.email,
        u1_0.first_name,
        u1_0.last_name,
        u1_0.password,
        u1_0.role,
        u1_0.updated_at 
    from
        users u1_0 
    where
        u1_0.email=?
2026-05-28T15:12:44.892+05:30 DEBUG 25372 --- [thundercore-erp] [nio-8080-exec-1] o.s.web.servlet.DispatcherServlet        : GET "/api/inventory/products", parameters={}
2026-05-28T15:12:44.896+05:30 DEBUG 25372 --- [thundercore-erp] [nio-8080-exec-1] s.w.s.m.m.a.RequestMappingHandlerMapping : Mapped to com.thundercore.erp.inventory.controller.ProductController#getAllProducts()
2026-05-28T15:12:44.900+05:30 DEBUG 25372 --- [thundercore-erp] [nio-8080-exec-1] org.hibernate.SQL                        : 
    select
        p1_0.id,
        p1_0.category,
        p1_0.created_at,
        p1_0.description,
        p1_0.name,
        p1_0.quantity,
        p1_0.reorder_threshold,
        p1_0.sku,
        p1_0.supplier,
        p1_0.unit_price,
        p1_0.updated_at 
    from
        products p1_0
2026-05-28T15:12:44.905+05:30 DEBUG 25372 --- [thundercore-erp] [nio-8080-exec-1] o.s.w.s.m.m.a.HttpEntityMethodProcessor  : Using 'application/json', given [application/json, text/plain, */*] and supported [application/json, application/*+json, application/yaml]
2026-05-28T15:12:44.907+05:30 DEBUG 25372 --- [thundercore-erp] [nio-8080-exec-1] o.s.w.s.m.m.a.HttpEntityMethodProcessor  : Writing [ApiResponse(success=true, message=Products retrieved, data=[])]
2026-05-28T15:12:44.913+05:30 DEBUG 25372 --- [thundercore-erp] [nio-8080-exec-1] o.s.web.servlet.DispatcherServlet        : Completed 200 OK
2026-05-28T15:12:44.945+05:30 DEBUG 25372 --- [thundercore-erp] [nio-8080-exec-4] org.hibernate.SQL                        : 
    select
        u1_0.id,
        u1_0.active,
        u1_0.created_at,
        u1_0.email,
        u1_0.first_name,
        u1_0.last_name,
        u1_0.password,
        u1_0.role,
        u1_0.updated_at 
    from
        users u1_0 
    where
        u1_0.email=?
2026-05-28T15:12:44.973+05:30 DEBUG 25372 --- [thundercore-erp] [nio-8080-exec-4] o.s.web.servlet.DispatcherServlet        : GET "/api/inventory/products", parameters={}
2026-05-28T15:12:44.977+05:30 DEBUG 25372 --- [thundercore-erp] [nio-8080-exec-4] s.w.s.m.m.a.RequestMappingHandlerMapping : Mapped to com.thundercore.erp.inventory.controller.ProductController#getAllProducts()
2026-05-28T15:12:44.988+05:30 DEBUG 25372 --- [thundercore-erp] [nio-8080-exec-4] org.hibernate.SQL                        : 
    select
        p1_0.id,
        p1_0.category,
        p1_0.created_at,
        p1_0.description,
        p1_0.name,
        p1_0.quantity,
        p1_0.reorder_threshold,
        p1_0.sku,
        p1_0.supplier,
        p1_0.unit_price,
        p1_0.updated_at 
    from
        products p1_0
2026-05-28T15:12:44.992+05:30 DEBUG 25372 --- [thundercore-erp] [nio-8080-exec-4] o.s.w.s.m.m.a.HttpEntityMethodProcessor  : Using 'application/json', given [application/json, text/plain, */*] and supported [application/json, application/*+json, application/yaml]
2026-05-28T15:12:44.994+05:30 DEBUG 25372 --- [thundercore-erp] [nio-8080-exec-4] o.s.w.s.m.m.a.HttpEntityMethodProcessor  : Writing [ApiResponse(success=true, message=Products retrieved, data=[])]
2026-05-28T15:12:44.997+05:30 DEBUG 25372 --- [thundercore-erp] [nio-8080-exec-4] o.s.web.servlet.DispatcherServlet        : Completed 200 OK
2026-05-28T15:12:45.939+05:30 DEBUG 25372 --- [thundercore-erp] [nio-8080-exec-9] org.hibernate.SQL                        : 
    select
        u1_0.id,
        u1_0.active,
        u1_0.created_at,
        u1_0.email,
        u1_0.first_name,
        u1_0.last_name,
        u1_0.password,
        u1_0.role,
        u1_0.updated_at 
    from
        users u1_0 
    where
        u1_0.email=?
2026-05-28T15:12:45.954+05:30 DEBUG 25372 --- [thundercore-erp] [nio-8080-exec-9] o.s.web.servlet.DispatcherServlet        : GET "/api/dashboard/stats", parameters={}
2026-05-28T15:12:45.959+05:30 DEBUG 25372 --- [thundercore-erp] [nio-8080-exec-9] s.w.s.m.m.a.RequestMappingHandlerMapping : Mapped to com.thundercore.erp.dashboard.controller.DashboardController#getStats()
2026-05-28T15:12:45.969+05:30 DEBUG 25372 --- [thundercore-erp] [nio-8080-exec-9] org.hibernate.SQL                        : 
    select
        p1_0.id,
        p1_0.category,
        p1_0.created_at,
        p1_0.description,
        p1_0.name,
        p1_0.quantity,
        p1_0.reorder_threshold,
        p1_0.sku,
        p1_0.supplier,
        p1_0.unit_price,
        p1_0.updated_at 
    from
        products p1_0
2026-05-28T15:12:45.978+05:30 DEBUG 25372 --- [thundercore-erp] [nio-8080-exec-9] org.hibernate.SQL                        : 
    select
        i1_0.id,
        i1_0.created_at,
        i1_0.customer_email,
        i1_0.customer_name,
        i1_0.invoice_number,
        i1_0.net_amount,
        i1_0.notes,
        i1_0.status,
        i1_0.tax_amount,
        i1_0.total_amount,
        i1_0.updated_at 
    from
        invoices i1_0
2026-05-28T15:12:45.982+05:30 DEBUG 25372 --- [thundercore-erp] [nio-8080-exec-9] org.hibernate.SQL                        : 
    select
        count(*) 
    from
        products p1_0
2026-05-28T15:12:45.988+05:30 DEBUG 25372 --- [thundercore-erp] [nio-8080-exec-9] org.hibernate.SQL                        : 
    select
        count(*) 
    from
        employees e1_0
2026-05-28T15:12:46.003+05:30 DEBUG 25372 --- [thundercore-erp] [nio-8080-exec-9] org.hibernate.SQL                        : 
    select
        count(*) 
    from
        invoices i1_0
2026-05-28T15:12:46.010+05:30 DEBUG 25372 --- [thundercore-erp] [nio-8080-exec-9] org.hibernate.SQL                        : 
    select
        count(*) 
    from
        users u1_0
2026-05-28T15:12:46.018+05:30 DEBUG 25372 --- [thundercore-erp] [nio-8080-exec-9] org.hibernate.SQL                        : 
    select
        count(*) 
    from
        customers c1_0
2026-05-28T15:12:46.023+05:30 DEBUG 25372 --- [thundercore-erp] [nio-8080-exec-9] org.hibernate.SQL                        : 
    select
        count(*) 
    from
        sale_orders so1_0
2026-05-28T15:12:46.026+05:30 DEBUG 25372 --- [thundercore-erp] [nio-8080-exec-9] org.hibernate.SQL                        : 
    select
        coalesce(sum(i1_0.net_amount), 0) 
    from
        invoices i1_0 
    where
        i1_0.status=?
2026-05-28T15:12:46.031+05:30 DEBUG 25372 --- [thundercore-erp] [nio-8080-exec-9] org.hibernate.SQL                        : 
    select
        count(i1_0.id) 
    from
        invoices i1_0 
    where
        i1_0.status=?
2026-05-28T15:12:46.040+05:30 DEBUG 25372 --- [thundercore-erp] [nio-8080-exec-9] o.s.w.s.m.m.a.HttpEntityMethodProcessor  : Using 'application/json', given [application/json, text/plain, */*] and supported [application/json, application/*+json, application/yaml]
2026-05-28T15:12:46.043+05:30 DEBUG 25372 --- [thundercore-erp] [nio-8080-exec-9] o.s.w.s.m.m.a.HttpEntityMethodProcessor  : Writing [ApiResponse(success=true, message=Dashboard stats retrieved, data={totalProducts=0, totalEmployees=0 (truncated)...]
2026-05-28T15:12:46.052+05:30 DEBUG 25372 --- [thundercore-erp] [nio-8080-exec-9] o.s.web.servlet.DispatcherServlet        : Completed 200 OK
2026-05-28T15:12:46.071+05:30 DEBUG 25372 --- [thundercore-erp] [io-8080-exec-10] org.hibernate.SQL                        : 
    select
        u1_0.id,
        u1_0.active,
        u1_0.created_at,
        u1_0.email,
        u1_0.first_name,
        u1_0.last_name,
        u1_0.password,
        u1_0.role,
        u1_0.updated_at 
    from
        users u1_0 
    where
        u1_0.email=?
2026-05-28T15:12:46.099+05:30 DEBUG 25372 --- [thundercore-erp] [io-8080-exec-10] o.s.web.servlet.DispatcherServlet        : GET "/api/dashboard/stats", parameters={}
2026-05-28T15:12:46.103+05:30 DEBUG 25372 --- [thundercore-erp] [io-8080-exec-10] s.w.s.m.m.a.RequestMappingHandlerMapping : Mapped to com.thundercore.erp.dashboard.controller.DashboardController#getStats()
2026-05-28T15:12:46.110+05:30 DEBUG 25372 --- [thundercore-erp] [io-8080-exec-10] org.hibernate.SQL                        : 
    select
        p1_0.id,
        p1_0.category,
        p1_0.created_at,
        p1_0.description,
        p1_0.name,
        p1_0.quantity,
        p1_0.reorder_threshold,
        p1_0.sku,
        p1_0.supplier,
        p1_0.unit_price,
        p1_0.updated_at 
    from
        products p1_0
2026-05-28T15:12:46.122+05:30 DEBUG 25372 --- [thundercore-erp] [io-8080-exec-10] org.hibernate.SQL                        : 
    select
        i1_0.id,
        i1_0.created_at,
        i1_0.customer_email,
        i1_0.customer_name,
        i1_0.invoice_number,
        i1_0.net_amount,
        i1_0.notes,
        i1_0.status,
        i1_0.tax_amount,
        i1_0.total_amount,
        i1_0.updated_at 
    from
        invoices i1_0
2026-05-28T15:12:46.133+05:30 DEBUG 25372 --- [thundercore-erp] [io-8080-exec-10] org.hibernate.SQL                        : 
    select
        count(*) 
    from
        products p1_0
2026-05-28T15:12:46.136+05:30 DEBUG 25372 --- [thundercore-erp] [io-8080-exec-10] org.hibernate.SQL                        : 
    select
        count(*) 
    from
        employees e1_0
2026-05-28T15:12:46.146+05:30 DEBUG 25372 --- [thundercore-erp] [io-8080-exec-10] org.hibernate.SQL                        : 
    select
        count(*) 
    from
        invoices i1_0
2026-05-28T15:12:46.154+05:30 DEBUG 25372 --- [thundercore-erp] [io-8080-exec-10] org.hibernate.SQL                        : 
    select
        count(*) 
    from
        users u1_0
2026-05-28T15:12:46.157+05:30 DEBUG 25372 --- [thundercore-erp] [io-8080-exec-10] org.hibernate.SQL                        : 
    select
        count(*) 
    from
        customers c1_0
2026-05-28T15:12:46.175+05:30 DEBUG 25372 --- [thundercore-erp] [io-8080-exec-10] org.hibernate.SQL                        : 
    select
        count(*) 
    from
        sale_orders so1_0
2026-05-28T15:12:46.192+05:30 DEBUG 25372 --- [thundercore-erp] [io-8080-exec-10] org.hibernate.SQL                        : 
    select
        coalesce(sum(i1_0.net_amount), 0) 
    from
        invoices i1_0 
    where
        i1_0.status=?
2026-05-28T15:12:46.204+05:30 DEBUG 25372 --- [thundercore-erp] [io-8080-exec-10] org.hibernate.SQL                        : 
    select
        count(i1_0.id) 
    from
        invoices i1_0 
    where
        i1_0.status=?
2026-05-28T15:12:46.212+05:30 DEBUG 25372 --- [thundercore-erp] [io-8080-exec-10] o.s.w.s.m.m.a.HttpEntityMethodProcessor  : Using 'application/json', given [application/json, text/plain, */*] and supported [application/json, application/*+json, application/yaml]
2026-05-28T15:12:46.213+05:30 DEBUG 25372 --- [thundercore-erp] [io-8080-exec-10] o.s.w.s.m.m.a.HttpEntityMethodProcessor  : Writing [ApiResponse(success=true, message=Dashboard stats retrieved, data={totalProducts=0, totalEmployees=0 (truncated)...]
2026-05-28T15:12:46.216+05:30 DEBUG 25372 --- [thundercore-erp] [io-8080-exec-10] o.s.web.servlet.DispatcherServlet        : Completed 200 OK
2026-05-28T15:13:49.231+05:30  INFO 25372 --- [thundercore-erp] [MessageBroker-5] o.s.w.s.c.WebSocketMessageBrokerStats    : WebSocketSession[3 current WS(3)-HttpStream(0)-HttpPoll(0), 18 total, 0 closed abnormally (0 connect failure, 0 send limit, 2 transport error)], stompSubProtocol[processed CONNECT(16)-CONNECTED(15)-DISCONNECT(2)], stompBrokerRelay[null], inboundChannel[pool size = 0, active threads = 0, queued tasks = 0, completed tasks = 186], outboundChannel[pool size = 0, active threads = 0, queued tasks = 0, completed tasks = 32], sockJsScheduler[pool size = 8, active threads = 1, queued tasks = 5, completed tasks = 371]
2026-05-28T15:21:44.106+05:30 DEBUG 25372 --- [thundercore-erp] [nio-8080-exec-7] o.s.web.servlet.DispatcherServlet        : GET "/actuator/health", parameters={}
2026-05-28T15:21:44.151+05:30 DEBUG 25372 --- [thundercore-erp] [nio-8080-exec-7] s.b.a.e.w.s.WebMvcEndpointHandlerMapping : Mapped to Actuator web endpoint 'health'
2026-05-28T15:21:44.181+05:30 DEBUG 25372 --- [thundercore-erp] [nio-8080-exec-7] m.m.a.RequestResponseBodyMethodProcessor : Read "application/octet-stream" to []
2026-05-28T15:21:44.247+05:30 DEBUG 25372 --- [thundercore-erp] [nio-8080-exec-7] o.s.w.s.m.m.a.HttpEntityMethodProcessor  : Using 'application/vnd.spring-boot.actuator.v3+json', given [*/*] and supported [application/vnd.spring-boot.actuator.v3+json, application/vnd.spring-boot.actuator.v2+json, application/json]
2026-05-28T15:21:44.261+05:30 DEBUG 25372 --- [thundercore-erp] [nio-8080-exec-7] o.s.w.s.m.m.a.HttpEntityMethodProcessor  : Writing [org.springframework.boot.actuate.health.SystemHealth@338bb5b2]
2026-05-28T15:21:44.290+05:30 DEBUG 25372 --- [thundercore-erp] [nio-8080-exec-7] o.s.web.servlet.DispatcherServlet        : Completed 200 OK
